node_idx,tender_id,country,n_pairs,entropy,normalised_entropy,max_attention,top_pair,top_pair_is_cartel,tender_label,pred_prob
0,1,brazil,9,1.5103397546118837,0.6873852450908442,0.37589380145072937,brazil_76_80,1,0,0.020726380869746208
2,3,brazil,6,1.5643020439180955,0.873053593846525,0.34960252046585083,brazil_17_79,0,0,0.0005536042735911906
3,4,brazil,2,0.2799765099635375,0.40392072248979505,0.9195050597190857,brazil_12_76,0,0,0.23642495274543762
4,5,brazil,7,1.880401840156136,0.9663353886452672,0.26318493485450745,brazil_69_72,1,0,0.9677661061286926
8,9,brazil,3,1.0633689858643764,0.9679201633121544,0.4615374803543091,brazil_76_80,1,0,0.13706772029399872
12,13,brazil,3,0.8911565574292049,0.8111656556377942,0.647968590259552,brazil_1_70,0,0,0.5221181511878967
14,15,brazil,6,1.5995273835823902,0.8927132302370451,0.28589925169944763,brazil_74_78,1,0,0.04875054955482483
15,16,brazil,7,1.8507858276854536,0.9511157689289818,0.23524977266788483,brazil_17_79,0,0,0.0014523467980325222
17,18,brazil,58,3.74337533945881,0.9219130350397552,0.0598718523979187,brazil_12_67,0,0,0.009747824631631374
18,19,brazil,13,2.233057587056703,0.8706049421836155,0.27356794476509094,brazil_12_67,0,0,0.0007736440165899694
19,20,brazil,15,2.516898871217946,0.9294136682523599,0.17753127217292786,brazil_1_16,0,0,0.0008048057206906378
20,21,brazil,7,1.2337605975032442,0.6340275259380304,0.4541967511177063,brazil_17_79,0,0,0.0003319219686090946
21,22,brazil,25,2.9475715166616143,0.91571457770736,0.11334782838821411,brazil_17_79,0,0,0.011873573996126652
22,23,brazil,3,1.0053796718792656,0.9151360149977261,0.507639467716217,brazil_50_53,0,0,0.004543658811599016
23,24,brazil,5,1.5237694418701941,0.9467711864483533,0.3404994308948517,brazil_2_43,0,0,0.0017665117047727108
24,25,brazil,12,1.4412632620596244,0.5800070043607416,0.5888239741325378,brazil_1_16,0,0,0.0006137005984783173
26,27,brazil,21,2.0095154130706323,0.6600428980819963,0.36959776282310486,brazil_1_16,0,0,0.0010916636092588305
28,29,brazil,21,2.523035449830938,0.8287130416807067,0.17465882003307343,brazil_12_81,0,0,0.01381003949791193
29,30,brazil,14,2.2625447430305656,0.857330652745015,0.2190762460231781,brazil_23_44,0,0,0.02066006138920784
32,33,brazil,18,2.51839899105823,0.8713062546982936,0.1803329586982727,brazil_23_44,0,0,0.016754260286688805
34,35,brazil,6,1.1285519650358582,0.6298568443018041,0.5834580063819885,brazil_17_79,0,0,0.005938718095421791
35,36,brazil,2,0.6895387504139288,0.9947941357229477,0.542450487613678,brazil_17_79,0,0,0.0005449690506793559
37,38,brazil,4,1.1014384051628308,0.7945198624865324,0.5935876369476318,brazil_71_268,0,0,0.8975244164466858
38,39,brazil,3,0.9735756795623691,0.8861867736275485,0.5756329298019409,brazil_50_81,0,0,0.0005938906688243151
39,40,brazil,3,1.026798859550067,0.9346325998181715,0.4543772339820862,brazil_50_101,0,0,0.921768307685852
40,41,brazil,8,1.813561490405267,0.8721387228516254,0.2916398048400879,brazil_79_170,0,0,0.024711452424526215
41,42,brazil,4,0.9412659282949235,0.6789798434544164,0.6973462104797363,brazil_18_26,0,0,0.007110042031854391
42,43,brazil,4,0.969143065015043,0.6990889469045664,0.5947428941726685,brazil_23_44,0,0,0.03169107437133789
45,46,brazil,7,1.417727047800763,0.7285675797975725,0.4373454749584198,brazil_69_77,1,0,0.20126478374004364
46,47,brazil,14,2.056803724826857,0.7793706115231356,0.24451088905334473,brazil_79_170,0,0,0.03552756831049919
48,49,brazil,11,1.1271193811080238,0.47004529092409564,0.6995216012001038,brazil_79_170,0,0,0.03391299769282341
49,50,brazil,5,1.0865347766795392,0.675102014364924,0.662572979927063,brazil_12_67,0,0,0.011491778306663036
50,51,brazil,3,1.0296586270376995,0.9372356723644467,0.5019937753677368,brazil_70_71,1,1,0.9412343502044678
54,55,brazil,2,0.11403311198911165,0.16451500516382717,0.9757809042930603,brazil_16_248,0,0,0.24050457775592804
56,57,brazil,3,1.081490790602318,0.9844153408419007,0.39688074588775635,brazil_70_71,1,1,0.9509539008140564
58,59,brazil,6,0.909708529464911,0.5077179973586753,0.7359447479248047,brazil_69_77,1,0,0.00360156805254519
59,60,brazil,2,0.6707022354172267,0.9676187889495751,0.6055379509925842,brazil_78_262,1,0,0.9811719655990601
60,61,brazil,3,0.6100551264611369,0.5552961065097227,0.812091588973999,brazil_71_79,1,0,0.07470457255840302
61,62,brazil,5,1.4733847083805975,0.9154653913627914,0.3755231499671936,brazil_71_77,1,1,0.9608449935913086
62,63,brazil,16,2.573160988781984,0.9280716494811775,0.1703076958656311,brazil_69_78,1,1,0.9554395079612732
63,64,brazil,4,1.058196643778848,0.7633275251325444,0.4865535795688629,brazil_72_73,1,0,0.4801335036754608
64,65,brazil,4,1.0377410611118068,0.7485719412964272,0.6082527041435242,brazil_76_81,1,0,0.5637918710708618
65,66,brazil,2,0.6760634267197078,0.9753533530549215,0.5921581387519836,brazil_70_79,1,0,0.6094841957092285
67,68,brazil,6,1.3695540660450785,0.764362677896227,0.4978882968425751,brazil_69_77,1,0,0.02983635477721691
69,70,brazil,2,0.6738436135302143,0.9721508395747394,0.5979260802268982,brazil_81_83,1,1,0.033432602882385254
70,71,brazil,2,0.5637241781521689,0.8132820762493407,0.748731791973114,brazil_72_73,1,1,0.08278095722198486
71,72,brazil,2,0.6309626008202229,0.9102866151897383,0.6744771003723145,brazil_81_83,1,0,0.005563716404139996
72,73,brazil,7,1.8741364488611645,0.9631156144444835,0.26853781938552856,brazil_75_83,1,1,0.9764577746391296
73,74,brazil,3,0.7816727178724164,0.7115091701914863,0.5954400300979614,brazil_78_80,1,0,0.06263872236013412
75,76,brazil,5,1.5856857989001734,0.9852419820917451,0.2615511417388916,brazil_74_76,1,0,0.9650629758834839
80,81,brazil,3,0.9489289839525384,0.8637523844767491,0.5394717454910278,brazil_71_72,1,1,0.6350050568580627
81,82,brazil,3,0.7573565600282397,0.6893756494808668,0.7376365661621094,brazil_78_81,1,0,0.017856096848845482
84,85,brazil,5,1.5414409134845277,0.9577510891074174,0.3338790237903595,brazil_78_79,1,1,0.9064061045646667
99,100,brazil,4,1.2600273662472845,0.9089176163346695,0.369135320186615,brazil_74_80,1,1,0.08264288306236267
101,2,japan,34,3.0253840445568363,0.8579338452315917,0.1175951287150383,japan_125_599,0,0,3.9189766539493576e-05
102,3,japan,44,3.651115456778968,0.9648341679427137,0.05731571465730667,japan_32_125,0,0,4.1506911657052115e-05
103,4,japan,23,3.0745149434414363,0.9805519422814042,0.07882209122180939,japan_586_591,0,0,0.0001799229794414714
104,5,japan,21,2.815487835941586,0.9247715835679304,0.18346232175827026,japan_798_852,0,0,4.226223973091692e-05
105,6,japan,5,1.600034386059798,0.9941572605555934,0.23470619320869446,japan_131_1592,0,0,0.011636683717370033
106,7,japan,19,2.8873278468279726,0.9806037303735751,0.09133563190698624,japan_534_967,0,0,0.00010849682439584285
107,8,japan,7,1.9322748655385757,0.992992850403007,0.18775980174541473,japan_181_765,0,0,0.00017646525520831347
108,9,japan,43,3.71061027313285,0.9865495477494998,0.04663407802581787,japan_1424_1425,0,0,4.704534148913808e-05
109,10,japan,22,3.019250131841097,0.9767740745717617,0.11397348344326019,japan_181_414,0,0,0.0004537156200967729
110,11,japan,53,3.8280494356277193,0.9641732948051314,0.04494083672761917,japan_241_832,1,1,0.9495759606361389
111,13,japan,36,3.5205174660065444,0.9824191043687609,0.04664178937673569,japan_304_1393,0,0,4.34423636761494e-05
112,14,japan,33,3.1758937191755305,0.9083045477080335,0.10515185445547104,japan_598_1253,0,0,0.00013409715029411018
113,15,japan,66,4.140189014728361,0.9881933642880227,0.04191641882061958,japan_681_1100,0,0,0.00011242808977840468
114,16,japan,10,2.2902363160419417,0.994636994311447,0.13093769550323486,japan_170_417,0,0,0.610557496547699
115,17,japan,24,3.1519284582664397,0.991779443182482,0.06813410669565201,japan_484_534,0,0,2.777230110950768e-05
116,19,japan,8,2.0685385422647053,0.9947567656043254,0.1579417735338211,japan_80_1593,0,0,0.00011731837730621919
117,20,japan,8,2.0509828068712554,0.9863142414738957,0.1953006386756897,japan_331_394,0,0,0.002694402588531375
118,21,japan,9,2.048020053105754,0.9320940946276179,0.20167946815490723,japan_172_1321,0,0,0.4044226109981537
119,22,japan,18,2.866715512447627,0.9918155007625191,0.08147316426038742,japan_729_1560,0,0,0.019663678482174873
120,23,japan,25,3.1624877112498626,0.982482047557505,0.0696682333946228,japan_965_1003,0,0,0.01808934286236763
121,24,japan,30,3.327014720503749,0.9781892513623677,0.07110097259283066,japan_790_1030,0,0,9.304907143814489e-05
122,25,japan,27,3.2601093117105444,0.989159792870119,0.0733732059597969,japan_607_665,0,0,0.03056568279862404
123,27,japan,36,3.214138798234595,0.8969225092526913,0.11535641551017761,japan_495_1287,0,0,3.582073259167373e-05
124,28,japan,29,3.3578920662397262,0.9972073247431944,0.04285897687077522,japan_159_1447,0,0,2.481223600625526e-05
125,29,japan,15,2.686464462353607,0.9920290477850753,0.09418325871229172,japan_688_821,0,0,4.3083469790872186e-05
126,31,japan,21,2.972793876034036,0.9764401270949336,0.09024207293987274,japan_502_517,0,0,3.5836001188727096e-05
127,32,japan,14,2.5392264961129976,0.9621717829385635,0.1713707000017166,japan_809_1611,1,0,0.014998896047472954
128,33,japan,53,3.9450893510254446,0.9936522142262005,0.031953781843185425,japan_197_789,0,0,0.00680486299097538
129,34,japan,3,1.0948986204951958,0.9966196735543381,0.35505786538124084,japan_71_85,1,0,0.9253562688827515
130,35,japan,10,2.288055964215825,0.9936900795447569,0.12772412598133087,japan_158_645,1,1,0.3930938243865967
131,36,japan,11,2.3765831648045657,0.9911121606370517,0.12069728225469589,japan_249_1146,0,0,0.5426885485649109
132,37,japan,18,2.8646430386662005,0.9910984740424217,0.09117015451192856,japan_1279_1387,0,0,0.00024850715999491513
133,38,japan,10,2.2791252466560503,0.9898115181891103,0.157761812210083,japan_1044_1300,0,0,0.00035546350409276783
134,39,japan,18,2.8382093231972885,0.9819530361254138,0.10007129609584808,japan_809_1611,1,0,0.00023081219114828855
135,40,japan,27,3.2096735883558405,0.9738569349298688,0.087798111140728,japan_1279_1387,0,0,0.009352964349091053
137,42,japan,21,3.0180684046256916,0.9913109416537876,0.0713343694806099,japan_696_849,0,0,0.0005721150664612651
138,43,japan,32,3.434808014672128,0.9910760978346289,0.056861668825149536,japan_683_1699,0,0,7.559624646091834e-05
139,44,japan,19,2.8837401461749987,0.9793852637392318,0.08309204131364822,japan_984_1167,0,0,5.8645091485232115e-05
140,45,japan,7,1.9339712763869092,0.9938646331259436,0.1922803670167923,japan_553_1181,0,0,0.0010257834801450372
141,46,japan,17,2.6593311124619463,0.9386272015275318,0.15021058917045593,japan_619_1555,0,0,2.3847769625717774e-05
142,47,japan,32,3.3756806716854046,0.9740155529330516,0.07990258932113647,japan_984_1279,0,0,8.828136196825653e-05
143,48,japan,36,3.5431942720190492,0.9887471875746711,0.0465996190905571,japan_943_1253,0,0,5.9875252190977335e-05
145,50,japan,5,1.4653171374431482,0.9104527277023162,0.4155794680118561,japan_54_1177,0,0,8.898507076082751e-05
146,51,japan,34,3.4846631314326144,0.9881755161185382,0.051756132394075394,japan_368_1080,0,0,0.0019547895062714815
147,52,japan,43,3.0185156787475305,0.8025405684086869,0.20550012588500977,japan_798_1237,0,0,0.0003678710199892521
149,54,japan,3,1.0976496824093736,0.9991237980235018,0.3441348671913147,japan_1051_1596,0,0,5.903101191506721e-05
151,56,japan,28,3.314533512974715,0.9946969049629071,0.05400724336504936,japan_596_790,0,0,5.293839785736054e-05
152,57,japan,25,3.1871460526581705,0.9901425920301448,0.06307168304920197,japan_675_1168,0,0,0.0001277424889849499
153,59,japan,25,3.19473506113717,0.9925002500734805,0.06905621290206909,japan_943_1253,0,0,6.439159187721089e-05
154,60,japan,24,3.1448796010960676,0.9895614640208136,0.06734893471002579,japan_790_1030,0,0,2.990811481140554e-05
155,61,japan,11,2.344384042418452,0.9776840836266087,0.1533067226409912,japan_1183_1494,0,0,8.743826037971303e-05
156,62,japan,4,1.3350874392737797,0.9630620138967135,0.342411607503891,japan_853_990,0,0,4.809333404409699e-05
157,63,japan,13,2.3521181887130895,0.9170232472117575,0.164384663105011,japan_1073_1381,0,0,0.00037595609319396317
158,64,japan,4,1.3611555804787576,0.981866202917521,0.34998592734336853,japan_496_1275,0,0,1.164168497780338e-05
159,65,japan,33,3.431729424837664,0.9814734744627157,0.06418712437152863,japan_943_1253,0,0,3.976238804170862e-05
160,66,japan,16,2.625314419060138,0.9468820232880878,0.18088796734809875,japan_809_1611,1,0,0.0007327508646994829
161,67,japan,37,3.5368925134042137,0.9794995618757218,0.06331604719161987,japan_1079_1272,0,0,4.712401278084144e-05
162,68,japan,34,3.432285792022229,0.9733224291908802,0.07251768559217453,japan_1079_1272,0,0,0.00016383762704208493
163,69,japan,24,3.153740608648392,0.9923496507619282,0.06332524120807648,japan_450_1106,0,0,3.111434489255771e-05
164,70,japan,36,3.521342253265816,0.9826492656357827,0.05979238077998161,japan_586_1151,0,0,0.00026028789579868317
165,73,japan,3,1.0818070413887564,0.9847032047131686,0.3924688994884491,japan_120_1288,0,0,0.00037057374720461667
166,74,japan,28,0.16255992375096595,0.04878449784656786,0.967768669128418,japan_35_1330,1,0,3.978496351919603e-06
167,75,japan,29,3.343576794205216,0.9929560582203574,0.05028670281171799,japan_580_1283,0,0,6.365213630488142e-05
168,76,japan,34,3.3830114465027568,0.9593492845916519,0.12407992780208588,japan_246_1100,0,0,5.164831964066252e-05
169,77,japan,7,1.9423010413158641,0.9981452855152633,0.15943723917007446,japan_147_954,1,0,0.7297156453132629
170,78,japan,36,3.4981056234445385,0.9761649606215363,0.055541008710861206,japan_682_715,0,0,0.00021340149396564811
171,79,japan,36,3.402588601217231,0.9495104280607404,0.08139578253030777,japan_715_881,0,0,4.4165975850773975e-05
172,80,japan,27,3.2752378896386785,0.9937500012278752,0.05894690006971359,japan_960_1504,0,0,2.387421227467712e-05
173,81,japan,28,2.674926497171625,0.8027497979201103,0.32485052943229675,japan_1100_1356,0,0,5.883835183340125e-05
174,82,japan,23,3.0145425802975,0.961425017141737,0.16160131990909576,japan_798_1237,0,0,0.00035261991433799267
175,83,japan,33,3.0887324095734954,0.8833764421427538,0.23513948917388916,japan_812_1413,0,0,0.00042004050919786096
176,84,japan,27,3.268818972083045,0.9918024177106682,0.057667482644319534,japan_449_1250,0,0,0.0004563158727250993
177,85,japan,23,3.107889759577791,0.991196138646622,0.06689515709877014,japan_219_991,0,0,0.00026310255634598434
178,86,japan,10,2.213186934457339,0.9611748730551961,0.2127426564693451,japan_331_1555,0,0,0.006875150837004185
179,87,japan,11,2.323941905496335,0.9691590503801564,0.2055404931306839,japan_782_930,1,0,3.320003452245146e-05
180,88,japan,14,2.5564866670810744,0.9687120618382997,0.11661845445632935,japan_466_1221,1,1,0.0048950654454529285
181,89,japan,21,2.9989385393913723,0.9850275702464073,0.08211524039506912,japan_197_789,0,0,0.30734673142433167
182,90,japan,68,3.463155112251138,0.8207486167172667,0.07273703813552856,japan_222_386,1,1,0.9500648379325867
183,91,japan,56,3.8551734920749006,0.9577233961812739,0.044144727289676666,japan_255_419,1,1,0.9300556182861328
184,92,japan,9,2.1818429571706983,0.9929995229781341,0.15572448074817657,japan_1044_1300,0,0,0.00011060505494242534
185,93,japan,37,3.542480142712483,0.9810469881655035,0.06110973656177521,japan_586_1151,0,0,0.0003424412861932069
186,94,japan,10,2.1089021237705383,0.9158845552275933,0.21379713714122772,japan_1323_1539,1,1,0.04767142981290817
187,95,japan,20,2.3908042297885967,0.7980700581605255,0.2520248293876648,japan_824_1437,0,0,0.0015640550991520286
189,97,japan,45,3.752522783927671,0.9857776448560547,0.04130273312330246,japan_682_715,0,0,4.682253711507656e-05
190,98,japan,8,2.053282006854129,0.9874199229449969,0.17895889282226562,japan_619_1156,0,0,4.017314859083854e-05
191,99,japan,30,3.0051818174054703,0.8835658387861178,0.10588182508945465,japan_318_613,0,0,0.0004337044374551624
192,100,japan,35,3.310297222832469,0.9310754293478971,0.07446502894163132,japan_251_252,1,1,0.9703298211097717
193,101,japan,7,1.8840230200176533,0.9681963069735237,0.21118669211864471,japan_249_1117,0,0,6.281865353230387e-05
194,102,japan,45,3.3051749533206456,0.868260572667704,0.10925145447254181,japan_715_881,0,0,4.451703352970071e-05
195,104,japan,8,2.05653468322221,0.9889841296336126,0.17326699197292328,japan_894_1015,0,0,0.8079360723495483
196,105,japan,13,2.527236274923052,0.9852967535484567,0.10433947294950485,japan_754_776,0,0,0.00045347001287154853
197,106,japan,4,1.3295169610399675,0.9590437632350632,0.35033008456230164,japan_273_678,0,0,0.2969880700111389
198,107,japan,33,3.417854239658489,0.9775051761149336,0.06785125285387039,japan_586_1151,0,0,0.0003580718766897917
199,108,japan,9,2.1588852748761505,0.9825510314896672,0.18388965725898743,japan_778_1215,0,0,6.525254138978198e-05
200,109,japan,11,2.3749486691653736,0.990430523011867,0.13809426128864288,japan_561_1026,0,0,0.005738327279686928
201,110,japan,25,3.142263261181791,0.9761989688777304,0.1130736917257309,japan_601_835,0,0,0.0007878299802541733
202,111,japan,9,2.1911642579107484,0.9972418297665238,0.13036911189556122,japan_296_1592,0,0,0.0030202947091311216
203,112,japan,31,3.405565728759214,0.9917234765205849,0.04481039196252823,japan_1014_1428,0,0,0.0009451794903725386
204,113,japan,19,2.8466081459802055,0.9667743723410663,0.10006263852119446,japan_790_943,0,0,3.082652619923465e-05
205,114,japan,53,3.8991373981837367,0.982078266052552,0.03221458941698074,japan_813_876,0,0,0.001167046488262713
206,115,japan,13,2.507839020878107,0.9777343219594985,0.13353917002677917,japan_1242_1519,0,0,0.00029757150332443416
207,116,japan,27,3.205423584118136,0.9725674280730392,0.11082792282104492,japan_984_1279,0,0,0.0003740584943443537
208,117,japan,21,2.9485207097615205,0.96846739351552,0.10236218571662903,japan_502_517,0,0,0.000273052864940837
209,118,japan,21,2.3803879414710067,0.7818592209985384,0.2939951717853546,japan_914_1157,0,0,8.340149361174554e-05
210,119,japan,22,3.024834751742139,0.9785807854097104,0.09412391483783722,japan_1079_1272,0,0,4.484285454964265e-05
211,120,japan,27,3.2647238544008266,0.9905599054599987,0.06066015362739563,japan_246_913,0,0,3.201256549800746e-05
212,121,japan,25,3.118469188403008,0.9688069245512744,0.10442201048135757,japan_812_1413,0,0,0.0005308148101903498
213,122,japan,38,3.5257950645422684,0.9692677808097538,0.08166138827800751,japan_246_1100,0,0,5.511854760698043e-05
214,123,japan,39,3.6194773841864496,0.9879668294950709,0.05814521759748459,japan_346_772,0,0,0.00011613631068030372
215,124,japan,30,3.3469465772638256,0.984049498364656,0.09449566155672073,japan_798_1237,0,0,3.4565426176413894e-05
216,125,japan,7,1.8885419122981173,0.9705185582258016,0.21587726473808289,japan_206_237,0,0,0.10178602486848831
217,126,japan,27,3.221578378595896,0.9774690039502897,0.07126347720623016,japan_1279_1391,0,0,0.002017166232690215
218,127,japan,25,3.133059462243375,0.97333964797218,0.0839347317814827,japan_1057_1699,0,0,7.03897894709371e-05
219,128,japan,19,2.8955440010354465,0.9833941275479121,0.0948583260178566,japan_368_607,0,0,0.0010791729437187314
220,129,japan,7,1.8519803671650612,0.9517296407874473,0.2638624608516693,japan_849_865,0,0,0.3287872076034546
221,130,japan,10,2.1996940747985954,0.9553149985603088,0.20945869386196136,japan_244_770,1,1,0.9437912106513977
222,131,japan,17,2.7977776804605026,0.9874927655306813,0.08238469064235687,japan_809_1611,1,0,0.00016470602713525295
223,132,japan,25,3.115854425157977,0.9679946026764042,0.09320846945047379,japan_1391_1609,1,1,0.9401887059211731
224,133,japan,3,1.0983975455417863,0.9998045323827719,0.34246864914894104,japan_904_1157,0,0,7.881299825385213e-05
225,134,japan,9,2.1267484343654006,0.9679249250632996,0.17847362160682678,japan_1068_1437,0,0,0.0011497861705720425
226,135,japan,15,2.6484758292039325,0.9780010090381522,0.10362233966588974,japan_966_1477,0,0,0.00028401901363395154
227,136,japan,11,2.3855398288548413,0.9948473796651217,0.11916477233171463,japan_1577_1613,1,1,0.9571593999862671
228,137,japan,24,2.6819111857220843,0.8438847574298193,0.26579007506370544,japan_984_1279,0,0,5.1270268158987164e-05
229,138,japan,19,2.9196490503905412,0.9915807632790825,0.07597681134939194,japan_841_1462,1,0,0.00077715830411762
230,139,japan,25,3.0775593549531317,0.9560975702065627,0.10717539489269257,japan_596_790,0,0,4.1086783312493935e-05
231,140,japan,8,2.057185154852367,0.9892969403653015,0.19289885461330414,japan_945_963,0,0,0.004407829605042934
232,141,japan,9,2.179754046755892,0.9920488188779011,0.15444155037403107,japan_1038_1183,0,0,0.009727377444505692
233,142,japan,33,3.4134411294229943,0.9762430280549296,0.06396947056055069,japan_1164_1170,0,0,3.5051351005677134e-05
234,143,japan,2,0.6899554206277654,0.995395263774136,0.5399271845817566,japan_524_1365,0,0,0.00038061407394707203
235,144,japan,3,1.0974407816468794,0.9989336483550073,0.34805768728256226,japan_648_1034,0,0,9.59396220423514e-06
236,145,japan,44,3.4886928123489,0.9219127871075016,0.0658438503742218,japan_97_304,0,0,4.244468436809257e-05
237,146,japan,15,2.577098817144587,0.9516436645434696,0.15015831589698792,japan_837_1215,0,0,5.612397217191756e-05
238,147,japan,6,1.755456412947425,0.9797388785134924,0.2519991397857666,japan_933_1009,0,0,0.13263282179832458
239,148,japan,13,2.449952175382589,0.9551659054224925,0.2065402865409851,japan_500_587,0,0,3.844895400106907e-05
240,149,japan,3,1.0954563477535109,0.9971273387826155,0.3701411485671997,japan_743_1454,0,0,7.884360093157738e-05
241,150,japan,3,1.0407501453693222,0.9473316074327404,0.45721811056137085,japan_20_1131,0,0,0.02147601544857025
242,151,japan,15,2.6614909006376783,0.9828070763069379,0.11038916558027267,japan_426_626,1,1,0.9308982491493225
243,152,japan,19,2.905959657905208,0.9869315270129573,0.10325531661510468,japan_943_1253,0,0,5.0034002924803644e-05
244,153,japan,11,2.374881871622238,0.9904026662727119,0.11747946590185165,japan_922_1196,0,0,0.00014292189734987915
245,154,japan,9,2.175439969214217,0.9900853975753298,0.1486864537000656,japan_689_1464,0,0,0.0012221239740028977
246,155,japan,12,2.4335208604792364,0.9793208371376253,0.11762483417987823,japan_665_696,0,0,0.46329817175865173
247,156,japan,27,3.2586999765148468,0.9887321821439224,0.06225473806262016,japan_914_1157,0,0,5.2192008297424763e-05
248,157,japan,9,2.1319783082523767,0.9703051432444182,0.18514896929264069,japan_35_1330,1,1,0.0026836185716092587
249,158,japan,14,2.561911714266021,0.9707677379784377,0.17623069882392883,japan_601_835,0,0,0.0034547841642051935
250,159,japan,10,2.262814994943228,0.9827280658717785,0.15307457745075226,japan_1265_1291,0,0,0.00044344153138808906
251,160,japan,9,2.1705528916680508,0.987861192732286,0.15470661222934723,japan_147_1613,1,1,0.9780257344245911
252,161,japan,19,2.9228497516826137,0.992667795924255,0.0745217353105545,japan_1203_1244,0,0,7.266339525813237e-05
253,162,japan,9,1.9180456816772837,0.8729402089624378,0.30373725295066833,japan_121_990,0,0,0.0007074892055243254
254,163,japan,41,3.2078966977732906,0.8638304683878694,0.13278169929981232,japan_542_1356,0,0,3.931059472961351e-05
256,165,japan,3,1.03558146616954,0.9426268728752484,0.5016483068466187,japan_763_953,0,0,5.011671601096168e-05
258,167,japan,18,2.7645293929778423,0.9564615297065039,0.13484907150268555,japan_1308_1336,0,0,6.378636317094788e-05
259,168,japan,23,2.4568019865425006,0.7835453735048494,0.3653865456581116,japan_346_772,0,0,4.202772834105417e-05
260,169,japan,30,3.3798607447602205,0.9937267278232739,0.061542775481939316,japan_991_1237,0,0,0.00014339352492243052
261,170,japan,19,2.878379018861885,0.977564500140106,0.0852181538939476,japan_1063_1204,0,0,3.254782495787367e-05
262,171,japan,40,3.5961422754491714,0.9748603390763171,0.0743664875626564,japan_1287_1332,0,0,3.876214395859279e-05
263,172,japan,23,3.0357866521911876,0.9682003675109905,0.1258288025856018,japan_246_1100,0,0,5.398286521085538e-05
264,173,japan,6,1.7659321721554044,0.9855855110486578,0.23261983692646027,japan_1125_1681,0,0,6.059683073544875e-05
265,174,japan,7,1.9298974280158747,0.9917710892010033,0.18351951241493225,japan_1038_1577,1,0,0.2279323935508728
266,175,japan,6,1.559041783936084,0.870117786852142,0.3348330855369568,japan_407_1067,0,0,0.10676583647727966
267,176,japan,24,3.1570281270678002,0.993384094668452,0.057022903114557266,japan_692_1202,0,0,1.798578341549728e-05
268,177,japan,45,3.7193796900250105,0.9770710432091458,0.048501044511795044,japan_32_125,0,0,4.4719949073623866e-05
269,178,japan,35,3.477125293397798,0.977998562520811,0.05771210044622421,japan_495_1287,0,0,4.983705002814531e-05
270,179,japan,25,3.185906803768581,0.9897575977162868,0.058959562331438065,japan_757_828,0,0,3.3340529626002535e-05
271,180,japan,35,3.351622708910398,0.9426989006264352,0.06820285320281982,japan_534_967,0,0,0.0007172247860580683
272,182,japan,24,3.1290511437865645,0.9845809136102593,0.08609754592180252,japan_782_930,1,0,0.0010571781313046813
273,183,japan,21,2.9906403987978885,0.9823019734530761,0.07396451383829117,japan_35_517,0,0,4.418046955834143e-05
274,184,japan,22,3.063047480076345,0.9909431935327981,0.0670495331287384,japan_561_1026,0,0,0.0023849427234381437
275,185,japan,2,0.22241467511436325,0.3208765488084218,0.9416458606719971,japan_278_1299,1,1,0.7754209637641907
276,186,japan,15,2.690160403378995,0.9933938456104198,0.08380433171987534,japan_1035_1319,0,0,7.285462197614834e-05
277,187,japan,12,2.300240144365915,0.9256847312804124,0.2746180593967438,japan_984_1428,0,0,0.00010065966489491984
278,188,japan,12,2.4270133897691077,0.9767020382742218,0.12996546924114227,japan_847_1012,1,0,0.9383463263511658
279,189,japan,20,2.9552099869460435,0.9864733284193404,0.08082562685012817,japan_1354_1657,0,0,0.0027058753184974194
280,190,japan,30,3.3469161298447845,0.9840405463940338,0.06634613126516342,japan_657_989,0,0,2.6630716092768125e-05
282,192,japan,18,2.8084604497154966,0.9716606322501956,0.1364571750164032,japan_601_835,0,0,0.0003281062818132341
283,193,japan,25,3.0735328179836463,0.9548466561643442,0.09764760732650757,japan_1237_1356,0,0,5.300800330587663e-05
284,194,japan,18,2.368823741376623,0.819556769784118,0.2156786322593689,japan_943_1315,0,0,0.00011823761451523751
285,195,japan,33,3.44124445682252,0.9841947704466619,0.04701212793588638,japan_1157_1167,0,0,0.000629352405667305
286,196,japan,8,1.7460285163903064,0.8396622272823365,0.396719366312027,japan_426_626,1,1,0.9561876058578491
287,197,japan,21,3.0162745231002015,0.9907217255904528,0.07741709053516388,japan_681_986,0,0,8.492588676745072e-05
288,198,japan,4,1.3476243121445224,0.9721054560561515,0.3717470169067383,japan_382_1188,0,0,0.00037823128513991833
290,200,japan,45,3.7213499945876136,0.97758863691962,0.040328994393348694,japan_125_599,0,0,4.466373138711788e-05
291,201,japan,12,2.4717430421612883,0.9947025745905445,0.09617657959461212,japan_154_316,0,0,0.0036522215232253075
293,203,japan,2,0.6832396980714648,0.9857065241461749,0.5702663660049438,japan_120_1288,0,0,0.00043414728133939207
294,205,japan,23,2.598004849052091,0.8285790596753555,0.2309902310371399,japan_683_1080,1,0,0.0003064892953261733
296,207,japan,19,2.888033686532381,0.9808434499634197,0.08521385490894318,japan_426_626,1,1,0.9540426731109619
297,208,japan,4,1.3605830369704401,0.9814532000774496,0.33949506282806396,japan_249_275,0,0,4.5424545533023775e-05
298,209,japan,21,3.0301993491574684,0.9952954563945783,0.061742153018713,japan_147_1613,1,1,0.9809027910232544
300,211,japan,21,3.0190913820013354,0.9916469475123646,0.06938544660806656,japan_987_1411,0,0,7.219324470497668e-05
301,212,japan,10,2.27001977689541,0.9858570629169272,0.14382201433181763,japan_1171_1519,0,0,0.005220526363700628
303,214,japan,7,1.9078263976975895,0.9804288233060441,0.21457618474960327,japan_933_1009,0,0,0.0001244170416612178
304,215,japan,21,2.699921193544167,0.8868127099641494,0.20165753364562988,japan_1044_1168,0,0,8.177773997886106e-05
305,216,japan,17,2.77365204214666,0.9789774737456644,0.1255500316619873,japan_984_1279,0,0,0.001226412714459002
306,217,japan,24,2.975964142033923,0.936410866806527,0.12800544500350952,japan_1043_1159,0,0,0.002559429267421365
307,218,japan,91,1.3188180389240634,0.2923651328574441,0.6437095403671265,japan_301_343,1,1,0.9911841750144958
308,219,japan,27,3.0550742634865142,0.9269494782945065,0.17535781860351562,japan_1079_1208,0,0,0.0007192532648332417
309,220,japan,2,0.6658347774322518,0.9605965314529165,0.6163246035575867,japan_229_725,1,1,0.7763150930404663
310,221,japan,6,1.7890984629222209,0.9985148641033941,0.19100502133369446,japan_131_744,0,0,0.0035978734958916903
311,222,japan,9,2.1903758357587164,0.9968830033815632,0.1404060572385788,japan_213_982,0,0,0.0005899104289710522
312,223,japan,19,2.870266305885118,0.9748092340149904,0.13159039616584778,japan_984_1428,0,0,0.00023331440752372146
313,224,japan,37,3.5005721067928537,0.9694410649810187,0.05393238738179207,japan_965_1003,0,0,0.002698961179703474
314,225,japan,13,2.499983184842557,0.9746715573818288,0.14229020476341248,japan_79_1139,1,0,0.004140722565352917
315,226,japan,23,3.0261804106264965,0.9651366586015978,0.09784939140081406,japan_484_534,0,0,2.830559969879687e-05
316,227,japan,19,2.908135957317856,0.9876706489401041,0.08083627372980118,japan_334_756,0,0,0.00011664127669064328
318,229,japan,87,4.296804748053643,0.9621346059730657,0.0413883775472641,japan_301_343,1,1,0.9887702465057373
319,230,japan,15,2.6629760334537975,0.9833554903708702,0.11154462397098541,japan_35_1330,1,0,0.00010744972678367049
320,231,japan,24,3.1530334405524125,0.9921271346770127,0.05905016511678696,japan_813_967,0,0,0.0004642338608391583
321,233,japan,9,2.1626266119933417,0.9842537873917184,0.14832669496536255,japan_1192_1236,0,0,3.1923060305416584e-05
322,234,japan,29,3.2084921333317493,0.9528393985344131,0.12213249504566193,japan_798_1237,0,0,0.00034452785621397197
323,235,japan,19,2.7237953476664023,0.9250642879471385,0.18173111975193024,japan_1308_1336,0,0,4.95726999361068e-05
324,236,japan,45,3.6212728875486597,0.9512986500064402,0.07332006841897964,japan_715_881,0,0,0.00020077776571270078
325,237,japan,6,1.7277566534263236,0.9642793483718516,0.28204968571662903,japan_1579_1596,0,0,0.00012558336311485618
326,238,japan,9,1.924183784105842,0.8757337797662015,0.2728565037250519,japan_186_1078,1,0,0.03602924942970276
327,239,japan,17,2.7644548702916265,0.9757312756171935,0.1232704147696495,japan_782_930,1,0,3.812033173744567e-05
328,240,japan,22,3.0167001284595294,0.9759491090722432,0.12895911931991577,japan_331_1555,0,0,3.294740236015059e-05
329,241,japan,20,2.9400627300855184,0.9814170498612586,0.0806371346116066,japan_219_991,0,0,0.000384744955226779
330,242,japan,10,2.2199275538741183,0.9641022868725133,0.17838551104068756,japan_966_1477,0,0,3.6246274248696864e-05
331,243,japan,44,3.74292048880034,0.9890943242516127,0.047747258096933365,japan_812_1413,0,0,0.0005609464715234935
332,244,japan,26,3.2395073150193703,0.9942944529773202,0.0555691160261631,japan_960_1517,0,0,2.5569122954038903e-05
333,245,japan,4,1.270442221961467,0.9164303466798821,0.41678953170776367,japan_511_745,0,0,0.00027422633138485253
334,246,japan,18,2.805170495226433,0.9705223861127997,0.12489505112171173,japan_496_1275,0,0,2.661797043401748e-05
335,247,japan,23,3.0552888615683305,0.9744201874290329,0.10114134103059769,japan_58_615,1,1,0.9275734424591064
336,248,japan,51,2.2128623227295923,0.5628078479147409,0.4021390974521637,japan_712_1280,0,0,0.00018348604498896748
337,249,japan,10,2.1320608154500618,0.925942247232109,0.2475096881389618,japan_257_1499,1,1,0.7940835356712341
338,250,japan,12,2.3262516175585155,0.9361525181466996,0.1390518695116043,japan_140_224,1,1,0.9119470715522766
339,251,japan,45,3.7407011034419657,0.9826721211807948,0.048289064317941666,japan_852_1356,0,0,5.584321479545906e-05
340,252,japan,37,2.2110241410437657,0.6123163678967888,0.494438499212265,japan_1079_1208,0,0,8.706113294465467e-05
341,253,japan,27,3.257356439961558,0.9883245355861856,0.06820257008075714,japan_600_1093,0,0,3.677841232274659e-05
342,254,japan,45,3.6839785067726156,0.9677712475620327,0.05996733531355858,japan_1079_1272,0,0,0.0003275555500295013
345,258,japan,22,3.0528188245502768,0.9876340654051805,0.06971153616905212,japan_943_1315,0,0,5.724974107579328e-05
346,259,japan,18,2.5072967385958522,0.8674651389552934,0.26270484924316406,japan_496_1275,0,0,2.20734018512303e-05
347,260,japan,34,3.4179168615719577,0.9692477095614017,0.05302473530173302,japan_247_419,1,1,0.9374359250068665
348,261,japan,35,3.4232882574278043,0.9628560124697646,0.07189372926950455,japan_495_1287,0,0,3.7701647670473903e-05
349,262,japan,59,4.018292529071981,0.9854704179547666,0.03731514513492584,japan_712_756,0,0,0.0048004332929849625
350,263,japan,50,3.7694844587866743,0.9635639804664513,0.05172453075647354,japan_158_261,1,1,0.8231785893440247
351,264,japan,28,3.1684832964945273,0.9508669971543648,0.09412052482366562,japan_182_1702,1,1,0.8567119240760803
352,265,japan,20,2.6654804254598488,0.8897592248113856,0.16540002822875977,japan_266_386,1,1,0.8581462502479553
353,266,japan,15,2.604507992736048,0.9617650336304625,0.1266142874956131,japan_3_269,1,1,0.9513435959815979
354,267,japan,61,4.003398341508743,0.9738557965494323,0.04486335441470146,japan_832_1299,1,1,0.9521328806877136
355,268,japan,44,3.5766304404417415,0.9451509534257652,0.06094988062977791,japan_223_1619,1,1,0.9157320261001587
356,269,japan,70,4.026548921597693,0.9477588398228721,0.0428263321518898,japan_342_1544,1,1,0.9864094257354736
357,270,japan,17,2.809319041319993,0.9915663595237716,0.08694005012512207,japan_945_963,0,0,5.219385275267996e-05
358,271,japan,5,1.6049258053181672,0.9971964702203957,0.23730888962745667,japan_530_1046,0,0,1.4905665921105538e-05
359,272,japan,22,3.0258108996630604,0.9788965843466874,0.10727710276842117,japan_984_1279,0,0,0.0019274315563961864
361,274,japan,21,2.8898038549860785,0.9491813294524323,0.1245628148317337,japan_943_1315,0,0,0.00028849722002632916
362,275,japan,24,3.129143978657905,0.98461012484339,0.07480130344629288,japan_1043_1159,0,0,0.0035831888671964407
363,276,japan,45,3.742845150731169,0.983235356638355,0.045851241797208786,japan_1308_1336,0,0,5.833497561980039e-05
364,277,japan,42,3.692758701433263,0.9879842464859877,0.049018848687410355,japan_812_1413,0,0,3.61912498192396e-05
365,278,japan,41,3.6499904140597397,0.9828785731089917,0.044421128928661346,japan_813_876,0,0,0.0002251892874483019
366,279,japan,45,3.7403246511717727,0.98257322818169,0.03602161258459091,japan_813_876,0,0,0.0009890123037621379
367,280,japan,33,3.4206280936276103,0.9782984974278034,0.07137370854616165,japan_1308_1336,0,0,5.578056880040094e-05
368,281,japan,20,2.7847785572180084,0.9295819195198918,0.12455819547176361,japan_600_1374,0,0,3.434779864619486e-05
369,282,japan,11,2.108349616307463,0.8792500824470934,0.3452776074409485,japan_346_772,0,0,0.00012488727224990726
370,283,japan,43,3.3781985525804723,0.8981703840976127,0.16513989865779877,japan_1100_1356,0,0,5.600730946753174e-05
371,284,japan,45,3.7797784098914375,0.9929376245067357,0.03738909959793091,japan_1424_1425,0,0,4.856587474932894e-05
372,285,japan,26,3.182323130017306,0.9767430439460857,0.08313308656215668,japan_904_914,0,0,0.00031310084159485996
373,286,japan,13,2.5191254701795756,0.9821345840031275,0.11564728617668152,japan_814_1647,1,0,0.0006499740993604064
374,288,japan,26,3.1494954072758503,0.9666673072825579,0.08227293193340302,japan_683_1699,0,0,0.0003822239232249558
375,289,japan,19,2.8996753099463244,0.9847972161974339,0.08447326719760895,japan_561_849,0,0,0.00047719385474920273
376,290,japan,18,2.8527900066316914,0.9869976063937782,0.08073998242616653,japan_561_1026,0,0,0.0003175239253323525
377,291,japan,33,3.4595689440046935,0.9894355676879205,0.04705164581537247,japan_757_828,0,0,0.00014575316163245589
379,295,japan,17,2.769949240212789,0.9776705471276462,0.13421617448329926,japan_181_414,0,0,0.00025298746186308563
380,296,japan,6,1.7062119304478864,0.952255009531483,0.31346672773361206,japan_782_930,1,0,9.060207958100364e-05
381,297,japan,10,2.2770427021032087,0.9889070805814936,0.14814868569374084,japan_981_1477,0,0,0.0005165358888916671
382,298,japan,6,1.78337644894841,0.9953213472993356,0.199715718626976,japan_698_1485,0,0,1.3928272892371751e-05
383,299,japan,62,4.000256021268747,0.969257515762972,0.05430477857589722,japan_197_789,0,0,0.0005508982576429844
384,300,japan,15,2.6520052853484763,0.9793043290959219,0.11310870945453644,japan_1394_1709,0,0,5.651609171763994e-05
385,301,japan,25,3.0984243632818824,0.9625796494988277,0.14177507162094116,japan_620_1404,0,0,3.483103500911966e-05
386,302,japan,7,1.9130032061717626,0.9830891765996872,0.19585630297660828,japan_853_990,0,0,0.09164146333932877
387,303,japan,28,3.304778698735189,0.9917694693239063,0.0662643313407898,japan_331_1555,0,0,0.00036190179525874555
388,304,japan,30,3.1337142907398094,0.9213561987420948,0.1821974217891693,japan_331_1555,0,0,7.82927600084804e-05
389,305,japan,3,1.085656369055718,0.988207013751777,0.3721294403076172,japan_313_1592,1,0,0.0026501643005758524
390,306,japan,28,3.2848975904840807,0.9858031163613556,0.054479021579027176,japan_1265_1291,0,0,6.968099478399381e-05
391,307,japan,10,2.1114349515829836,0.9169845483701493,0.16078594326972961,japan_738_1466,1,1,0.9787576794624329
392,308,japan,78,3.602014096665846,0.8267741177926747,0.09993626177310944,japan_102_338,1,1,0.9965649247169495
393,309,japan,39,3.562558167555819,0.9724302500326337,0.056424520909786224,japan_495_1287,0,0,4.366331995697692e-05
394,310,japan,38,3.4688064558795704,0.9536011804433766,0.08518902212381363,japan_586_1151,0,0,0.00032545291469432414
395,311,japan,39,3.5627928438545906,0.9724943069044539,0.056147437542676926,japan_495_1287,0,0,4.256109241396189e-05
396,312,japan,5,1.5932926129097387,0.9899683613765854,0.2587648034095764,japan_781_1206,0,0,0.0021226024255156517
397,313,japan,17,2.7268438429335924,0.9624562331863303,0.11736863851547241,japan_542_1063,0,0,3.659453068394214e-05
398,314,japan,11,2.38105006221229,0.9929750015452418,0.13063323497772217,japan_729_1560,0,0,0.0012272500898689032
399,315,japan,22,3.047974767276559,0.9860669380211956,0.07026967406272888,japan_1577_1613,1,1,0.9800999760627747
400,316,japan,33,3.452576967234526,0.9874358646564662,0.06035938858985901,japan_542_1332,0,0,5.4815045587019995e-05
401,317,japan,10,2.26788715320049,0.9849308762142475,0.16004183888435364,japan_121_990,0,0,0.02551964856684208
402,318,japan,26,3.2379009356882444,0.9938014107017523,0.06011584401130676,japan_843_1292,0,0,0.0014670268865302205
403,319,japan,23,3.0752248056853575,0.980778337929119,0.08234576135873795,japan_1082_1204,0,0,5.306141247274354e-05
404,321,japan,28,3.2836314434825726,0.9854231435842822,0.06079374626278877,japan_1279_1387,0,0,0.0010586072457954288
405,322,japan,4,1.3395384950078446,0.9662727719138414,0.35106614232063293,japan_654_1592,0,0,0.0005826848209835589
406,324,japan,16,2.742635145204029,0.9891965307384087,0.09014341235160828,japan_244_770,1,0,0.009313113987445831
407,325,japan,38,3.606950876832085,0.9915781285860717,0.03806177154183388,japan_489_1243,0,0,0.0008389564463868737
408,326,japan,32,3.4236992013074836,0.9878707718443623,0.06265833973884583,japan_798_1356,0,0,3.8794245483586565e-05
409,327,japan,10,1.7149009131734663,0.744772003602084,0.4602815508842468,japan_852_1237,0,0,4.582552719512023e-05
410,328,japan,30,3.0578901106247085,0.8990628203795471,0.10503141582012177,japan_813_876,0,0,0.00028943500365130603
411,329,japan,14,2.567278613386168,0.9728013804688529,0.13502904772758484,japan_607_665,0,0,0.00021979866141919047
412,330,japan,34,3.473978434657273,0.9851455659189611,0.06248253211379051,japan_1287_1332,0,0,3.696346902870573e-05
413,331,japan,6,1.767513149015612,0.9864678710346713,0.22190581262111664,japan_1271_1308,0,0,0.00011273855488980189
414,332,japan,7,1.8814085561339988,0.966852738317528,0.2134629487991333,japan_159_1447,0,0,5.492052514455281e-05
415,333,japan,28,3.282095171004909,0.984962105711915,0.06588384509086609,japan_1043_1159,0,0,4.048470509587787e-05
416,334,japan,37,3.523935475083421,0.9759112669783436,0.0703522264957428,japan_1100_1356,0,0,5.246482396614738e-05
417,335,japan,8,2.065109132642123,0.9931075681857666,0.16406074166297913,japan_80_1593,0,0,0.0001938499917741865
418,336,japan,21,2.9221814488169344,0.9598160330859737,0.11882997304201126,japan_1044_1168,0,0,5.7298570027342066e-05
419,338,japan,35,3.448048018944272,0.9698201018045498,0.07453174144029617,japan_466_1221,1,1,0.9357081055641174
420,339,japan,45,3.546221529291013,0.9315828600042183,0.08174353837966919,japan_446_802,1,1,0.8994053602218628
421,340,japan,34,3.4965763497953795,0.9915538486173293,0.04488418623805046,japan_965_1464,0,0,0.013496600091457367
422,341,japan,5,1.4629823924339735,0.9090020690648273,0.430917888879776,japan_910_1390,0,0,5.2714120101882145e-05
423,342,japan,12,2.430563232544241,0.9781306000978364,0.1592666059732437,japan_495_1287,0,0,2.896757359849289e-05
424,343,japan,31,1.419212686506258,0.41328420928669096,0.6139315962791443,japan_159_1447,0,0,1.5568779190289206e-06
425,344,japan,27,3.1137351572919147,0.9447479604980621,0.12644952535629272,japan_960_1504,0,0,2.532581493142061e-05
426,345,japan,36,3.5584264465964885,0.9929978068232473,0.04227413609623909,japan_829_1490,1,1,0.9484906792640686
427,346,japan,46,3.6001621101120005,0.9403236650508422,0.10595536231994629,japan_712_756,0,0,0.00023455588961951435
428,347,japan,19,2.8743143637306696,0.9761840486653174,0.09447839111089706,japan_561_1026,0,0,0.011768239550292492
429,348,japan,3,1.0818244374251544,0.984719039267886,0.41286399960517883,japan_131_744,0,0,0.0005627480568364263
430,349,japan,26,2.3906553238972417,0.7337582837091118,0.23627248406410217,japan_1243_1280,0,0,4.675025775213726e-05
431,350,japan,15,2.4225955751566093,0.8945903492374635,0.22665245831012726,japan_1007_1137,1,1,0.9551506638526917
432,351,japan,19,2.889612685563427,0.9813797147806628,0.08754773437976837,japan_35_1330,1,0,4.728859130409546e-05
433,352,japan,10,2.2604908646962047,0.9817187089302719,0.1519676148891449,japan_237_993,1,1,0.8841476440429688
434,353,japan,21,3.029974787663756,0.9952216972095811,0.06289985030889511,japan_181_765,0,0,7.57034431444481e-05
435,354,japan,13,1.9413975946990438,0.7568950977731561,0.4119362235069275,japan_121_990,0,0,0.001437600003555417
436,355,japan,44,3.6367848632285926,0.9610472029814634,0.056431595236063004,japan_241_1508,1,1,0.9268254041671753
437,356,japan,25,2.879426041916465,0.8945439956617045,0.26500028371810913,japan_798_1237,0,0,0.00018555913993623108
438,357,japan,30,3.281054178181866,0.9646762037016575,0.07664299011230469,japan_125_599,0,0,3.254695548093878e-05
439,358,japan,18,1.848065427803991,0.6393867580373659,0.5445216298103333,japan_683_1699,0,0,0.00016868411330506206
440,359,japan,68,3.9974501527438218,0.9473735876439128,0.044191330671310425,japan_436_1682,1,1,0.951435387134552
441,360,japan,59,2.659687061401411,0.6522777774552566,0.3058467209339142,japan_1544_1642,1,1,0.9930338859558105
442,362,japan,14,2.577244931432568,0.9765778494127287,0.10631850361824036,japan_380_1549,1,1,0.4257829189300537
443,363,japan,57,1.7451666813225732,0.43164594404395984,0.5455513000488281,japan_266_377,1,1,0.9640190005302429
444,364,japan,66,3.9728717368894553,0.9482575490141419,0.061015669256448746,japan_301_343,1,1,0.9931724667549133
445,365,japan,32,2.555349855015529,0.7373181127134472,0.3647494614124298,japan_690_966,0,0,5.91477109992411e-05
446,366,japan,27,3.2481042663924913,0.9855173051481441,0.07117115706205368,japan_991_1250,0,0,3.623673546826467e-05
447,367,japan,11,2.3097862386536834,0.9632556787845605,0.15992368757724762,japan_85_468,1,1,0.9690234065055847
448,368,japan,3,1.0957471712754903,0.9973920577603469,0.36398714780807495,japan_530_1046,0,0,1.178913953481242e-05
449,369,japan,13,2.5354609119997855,0.9885033030473026,0.11740610748529434,japan_121_990,0,0,0.015325707383453846
450,370,japan,18,2.788279213241554,0.9646784036082191,0.1152404397726059,japan_450_1106,0,0,3.123784699710086e-05
451,371,japan,53,3.932303897395825,0.9904319337259234,0.03577109053730965,japan_1424_1425,0,0,4.723306847154163e-05
452,372,japan,37,3.1247188532893198,0.8653530567248847,0.16115011274814606,japan_326_1100,0,0,5.403957766247913e-05
453,373,japan,15,2.5835049286713234,0.9540092453307567,0.1296909600496292,japan_433_1702,1,1,0.940387487411499
454,374,japan,38,3.6125997564994186,0.9931310484123772,0.042082227766513824,japan_489_917,0,0,0.00411825068295002
455,375,japan,10,2.188873137766367,0.9506155253181894,0.20407219231128693,japan_1015_1484,0,0,0.014797018840909004
456,376,japan,28,3.148810712792094,0.9449632227484539,0.09393646568059921,japan_3_349,1,1,0.959948718547821
457,377,japan,19,2.8646944534465355,0.9729169032592823,0.10646265000104904,japan_542_1356,0,0,4.573179830913432e-05
458,378,japan,48,3.8431793364135416,0.9927615036224178,0.03100469335913658,japan_814_1647,1,0,0.0005005390266887844
459,379,japan,20,2.9762430552402024,0.9934943391017157,0.07055052369832993,japan_689_1428,0,0,0.0005788934649899602
460,380,japan,20,2.920258727940689,0.9748063115387265,0.10183151066303253,japan_344_517,0,0,3.626107354648411e-05
461,381,japan,64,3.885202379725481,0.9341937010133252,0.05172933638095856,japan_87_406,1,1,0.9542755484580994
462,382,japan,56,3.310041985295587,0.8222988299169145,0.12034796923398972,japan_101_222,1,1,0.9126060009002686
463,383,japan,22,3.0364296077273263,0.9823319004979518,0.06309480220079422,japan_1164_1170,0,0,5.144790338817984e-05
464,384,japan,10,2.2065621531529604,0.9582977670908887,0.1935395449399948,japan_607_665,0,0,0.000376473821233958
465,385,japan,55,3.708961497525843,0.9255435787555262,0.06875929236412048,japan_1308_1336,0,0,5.8554232964525e-05
466,386,japan,45,3.644733968477408,0.9574618128799011,0.05988073721528053,japan_715_881,0,0,0.00020506163127720356
467,387,japan,12,2.4255064711897023,0.976095609626476,0.16199630498886108,japan_414_1177,0,0,0.00028483738424256444
469,389,japan,16,2.2391195027890376,0.8075916506578765,0.24094444513320923,japan_244_931,1,0,0.0044240267015993595
470,394,japan,24,3.11084221085547,0.9788513275481185,0.07103361189365387,japan_502_517,0,0,3.1617903005098924e-05
471,395,japan,16,2.6242982117081244,0.9465155039612716,0.11143364757299423,japan_738_1466,1,1,0.9558776021003723
472,396,japan,30,3.369166496806616,0.9905824680954312,0.059823814779520035,japan_454_991,0,0,0.0004887937102466822
474,401,japan,11,2.324109364551329,0.9692288862303262,0.19640149176120758,japan_601_835,0,0,0.001472713891416788
475,402,japan,10,2.2503312244471596,0.9773064332319894,0.16544005274772644,japan_206_1028,0,0,0.8759572505950928
476,403,japan,11,2.3512854074960887,0.9805621764090273,0.15054456889629364,japan_904_931,0,0,0.00012809401960112154
477,404,japan,58,3.8999047596753282,0.9604628730278653,0.054841049015522,japan_669_1320,0,0,0.0006305982242338359
478,405,japan,51,3.79666794225225,0.9656246987793234,0.04534570127725601,japan_934_1052,0,0,0.45342525839805603
479,406,japan,66,3.8900420160685356,0.9284874901617848,0.0767727717757225,japan_586_1151,0,0,0.00015734770568087697
480,408,japan,12,2.438047192662642,0.981142367207494,0.14213041961193085,japan_438_816,1,1,0.9236264228820801
481,409,japan,3,0.008288666291954239,0.007544669195356362,0.9990001320838928,japan_5_959,0,0,4.313069803174585e-05
482,412,japan,13,2.4616558961183554,0.959728849599819,0.1744866520166397,japan_79_1139,1,1,0.8797210454940796
483,413,japan,5,1.58440789041832,0.9844479729087996,0.2779217064380646,japan_140_224,1,0,0.6266337037086487
484,414,japan,41,3.144616570148261,0.8467902369103667,0.15950512886047363,japan_1308_1336,0,0,5.646039062412456e-05
485,415,japan,44,3.366890991633631,0.8897257583118141,0.11934129893779755,japan_668_1332,0,0,4.351720053819008e-05
486,416,japan,37,3.439294378989724,0.9524709401303385,0.06859398633241653,japan_3_377,1,1,0.8456028699874878
487,417,japan,45,3.2697517715223063,0.858954998061725,0.10911598056554794,japan_362_446,1,1,0.9862749576568604
488,418,japan,35,3.193157778277903,0.8981280378327344,0.11498802155256271,japan_943_1315,0,0,9.383068390889093e-05
489,419,japan,10,0.3327214823349801,0.14449910378875214,0.9288803339004517,japan_382_1188,0,0,0.00039012718480080366
491,421,japan,84,0.28117864870279186,0.06345977761395934,0.9549466967582703,japan_301_343,1,1,0.9252851009368896
492,422,japan,78,1.9219646480259822,0.4411505851049428,0.47151079773902893,japan_301_343,1,1,0.9951274394989014
493,423,japan,72,4.107901875898393,0.9605383636643371,0.03409178555011749,japan_127_164,1,1,0.9578559398651123
494,424,japan,34,3.3174798839584247,0.9407659429035625,0.06387976557016373,japan_794_1324,0,0,0.001221835846081376
495,425,japan,21,2.94385703704389,0.9669355694567301,0.09013466536998749,japan_441_1381,0,0,0.02353760227560997
496,426,japan,16,2.668151496009283,0.9623322329082653,0.12965194880962372,japan_329_816,1,1,0.8628122806549072
497,427,japan,31,3.284166386519351,0.9563711775716247,0.091433584690094,japan_167_347,0,0,0.0007442842470481992
498,428,japan,50,3.8480084250589295,0.9836364509410112,0.03892068192362785,japan_428_923,1,1,0.8960998058319092
499,429,japan,44,3.6114179378168387,0.9543438059887793,0.08329756557941437,japan_145_1216,1,1,0.8694815039634705
500,430,japan,14,2.6053216673327957,0.9872167755115115,0.09656743705272675,japan_754_776,0,0,0.00152335106395185
501,431,japan,35,3.3409366178705198,0.9396932621193009,0.13131341338157654,japan_1350_1356,0,0,3.818269760813564e-05
502,432,japan,31,3.4070801516466322,0.9921644865760214,0.055988505482673645,japan_813_876,0,0,4.0809460188029334e-05
503,433,japan,24,3.011439325574278,0.9475734164152196,0.12279227375984192,japan_798_1237,0,0,4.3631393054965883e-05
504,434,japan,41,2.4466647308442946,0.6588440151144398,0.42337721586227417,japan_72_271,1,1,0.9609349966049194
505,435,japan,17,2.805164484886567,0.990099983388652,0.07724583894014359,japan_85_1529,1,1,0.9398671984672546
506,436,japan,19,2.8903562466958603,0.9816322454453138,0.0894538015127182,japan_1077_1455,1,1,0.9200460314750671
507,437,japan,54,3.204991675906629,0.8034606402267012,0.18924285471439362,japan_941_1208,0,0,0.0003888884384650737
508,438,japan,14,2.5787082031522788,0.9771323169884385,0.1293923705816269,japan_943_1253,0,0,6.554746505571529e-05
509,439,japan,36,3.571656747268173,0.9966897925219149,0.03732338547706604,japan_829_1490,1,0,0.16689538955688477
510,440,japan,6,1.7578972139112163,0.9811011154686808,0.21715344488620758,japan_140_224,1,0,0.9042991399765015
511,441,japan,8,2.065964866662525,0.9935190892616179,0.15179243683815002,japan_54_963,0,0,0.0017879367806017399
512,442,japan,45,3.6206951206887217,0.9511468722059416,0.06960687041282654,japan_32_125,0,0,4.4688829802908e-05
513,443,japan,37,3.472493775380406,0.9616651110292197,0.080469511449337,japan_1079_1272,0,0,0.00014887169527355582
514,444,japan,10,2.1908606103024977,0.9514786736735652,0.16751445829868317,japan_285_293,1,1,0.016688575968146324
515,445,japan,30,3.3737339034234988,0.9919253500585622,0.04686892777681351,japan_1225_1320,0,0,0.005202288273721933
516,446,japan,24,2.8224773182353378,0.8881150128052808,0.2034231573343277,japan_1208_1590,0,0,0.00011892464681295678
517,447,japan,58,3.886104409041169,0.9570641427419544,0.04304604232311249,japan_446_802,1,1,0.8980504274368286
518,448,japan,45,3.574821020373366,0.9390958694079174,0.06067120283842087,japan_3_349,1,1,0.9912145137786865
519,449,japan,59,3.822867961820959,0.9375433124555632,0.06145019829273224,japan_247_419,1,1,0.9275014400482178
520,450,japan,61,3.405334838325571,0.8283724947153972,0.10417185723781586,japan_271_490,1,1,0.9743971824645996
521,451,japan,38,3.046207073852762,0.837425407974912,0.11216749995946884,japan_489_1243,0,0,0.000220188609091565
522,452,japan,46,3.7008116591670293,0.9666122459420495,0.04440290853381157,japan_251_419,1,1,0.9273882508277893
523,453,japan,36,3.520656819291534,0.9824579916433597,0.047253869473934174,japan_813_876,0,0,0.0007960746879689395
524,454,japan,19,2.9278063791034445,0.9943511819464826,0.07979502528905869,japan_334_756,0,0,0.00014929160533938557
525,455,japan,36,3.220132785409036,0.8985951632214251,0.10605116188526154,japan_713_787,0,0,0.00012612086720764637
526,456,japan,34,3.2162416944601655,0.9120569697876391,0.09534523636102676,japan_265_787,0,0,3.9104204915929586e-05
527,457,japan,10,2.279164500803787,0.9898285660488642,0.1263212263584137,japan_24_707,0,0,0.06323141604661942
528,458,japan,37,3.5963744639075883,0.9959723679439763,0.037617798894643784,japan_829_1490,1,1,0.9659563302993774
529,459,japan,79,0.8673863809391226,0.19851166788714278,0.7906941175460815,japan_63_356,1,1,0.7004886269569397
530,460,japan,8,2.0518671118892526,0.9867395022952616,0.17128178477287292,japan_947_1181,0,0,3.735229620360769e-05
531,461,japan,2,0.6806827444428711,0.9820176198264199,0.578779935836792,japan_274_932,0,0,7.414224091917276e-05
532,462,japan,13,2.5118575426518146,0.9793010280474833,0.12498573958873749,japan_500_587,0,0,0.00017722389020491391
533,463,japan,16,2.605901640139825,0.9398803433185354,0.16238413751125336,japan_598_1164,0,0,9.172051068162546e-05
534,464,japan,8,2.0542625730230846,0.9878914755947354,0.1868627667427063,japan_200_310,1,1,0.9537174701690674
535,465,japan,18,2.1744563922326727,0.7523102819878816,0.3067646026611328,japan_914_1157,0,0,0.00018071818340104073
536,466,japan,5,1.5989316593131613,0.9934720979046346,0.2329501360654831,japan_273_678,0,0,0.4907812178134918
539,469,japan,59,3.927871806914014,0.9632950919395245,0.03573355823755264,japan_247_252,1,1,0.9151309132575989
540,470,japan,42,3.664521024143321,0.9804293579661962,0.05241914466023445,japan_912_1416,1,1,0.9598862528800964
541,471,japan,38,3.4995557727852837,0.9620544006711625,0.07163631916046143,japan_197_789,0,0,0.0009136982262134552
542,472,japan,19,2.8226295339560115,0.9586306776699062,0.12750935554504395,japan_1014_1279,0,0,0.0006233619642443955
543,473,japan,22,3.0593416123498987,0.9897442880559678,0.06855078041553497,japan_580_1283,0,0,9.539490565657616e-05
544,474,japan,34,3.4634429159487112,0.9821579194106085,0.07272879779338837,japan_991_1237,0,0,0.0008269211975857615
545,475,japan,35,3.480183430589525,0.9788587138024398,0.06005539745092392,japan_1308_1310,0,0,0.0001346029166597873
546,476,japan,45,3.368885126950829,0.8849970639645796,0.13149958848953247,japan_586_1151,0,0,0.0003951029502786696
547,477,japan,45,3.531387000263349,0.9276858691184939,0.0930672213435173,japan_586_1151,0,0,0.00038794660940766335
548,478,japan,33,3.4436450445780147,0.9848813377465443,0.058327220380306244,japan_322_983,0,0,0.02258874848484993
549,479,japan,51,3.820865252489918,0.9717789163103033,0.04559915140271187,japan_750_878,0,0,0.03097069449722767
550,480,japan,42,3.6991196249196814,0.989686088579067,0.04067418351769447,japan_912_941,0,0,0.0012639608466997743
551,481,japan,40,2.944040012315531,0.7980851770670521,0.20755262672901154,japan_941_1208,0,0,0.0003558222088031471
552,482,japan,24,3.1271549122963243,0.9839842492390858,0.06840213388204575,japan_331_394,0,0,6.245644181035459e-05
553,483,japan,7,1.867979333691979,0.9599514831652595,0.218533456325531,japan_1007_1245,1,1,0.15170148015022278
554,484,japan,20,2.8110811425381725,0.9383619381992513,0.126337468624115,japan_824_1437,0,0,0.001075430540367961
555,485,japan,25,3.0193871417902174,0.9380253560771791,0.12522153556346893,japan_1308_1336,0,0,5.8800214901566505e-05
556,486,japan,64,2.9149944181134506,0.7009079985385475,0.15817473828792572,japan_3_1608,1,1,0.9947294592857361
557,487,japan,17,2.727505803661913,0.962689876279149,0.12938794493675232,japan_1200_1720,1,1,0.9269601106643677
558,488,japan,22,3.049660894267323,0.9866124261586788,0.07325852662324905,japan_380_441,1,0,0.019627613946795464
559,489,japan,20,2.9025167352869934,0.9688838888942465,0.10066919028759003,japan_1381_1549,0,0,0.00151638756506145
560,490,japan,23,2.5771991439521527,0.8219435171844015,0.16903150081634521,japan_1073_1144,0,0,0.0006232190644368529
561,491,japan,16,2.7516980693648607,0.9924652896741049,0.09104988723993301,japan_1170_1253,0,0,5.739853804698214e-05
562,492,japan,25,3.1912337670503446,0.9914125119073247,0.06588321179151535,japan_1350_1356,0,0,4.700103818322532e-05
563,493,japan,32,3.4161772103653334,0.9857003840383919,0.05945427343249321,japan_812_991,0,0,8.676027209730819e-05
564,496,japan,28,3.1810684382088796,0.9546438186777505,0.08701719343662262,japan_1024_1647,1,0,0.3355373740196228
566,498,japan,29,3.311911670777511,0.9835523333840301,0.058847714215517044,japan_713_929,0,0,0.00015940269804559648
567,499,japan,16,2.7278483354014336,0.9838633164452155,0.09362644702196121,japan_814_1647,1,0,0.06556891649961472
568,500,japan,15,2.655244249116409,0.9805003792158992,0.121993288397789,japan_1242_1519,0,0,7.186191214714199e-05
569,501,japan,42,2.997957924734942,0.8020928093991999,0.22010503709316254,japan_255_802,1,1,0.8972491025924683
570,503,japan,43,3.4222697716821675,0.9098877130740234,0.08915200084447861,japan_715_881,0,0,4.179017196292989e-05
571,504,japan,30,3.3760547319920393,0.992607706390204,0.05260102450847626,japan_201_1242,0,0,6.961949839023873e-05
572,505,japan,28,3.286266121465793,0.9862138147376208,0.07456879317760468,japan_181_414,0,0,0.0003044977493118495
573,506,japan,14,2.62418903087533,0.9943660569351497,0.09505743533372879,japan_54_765,0,0,9.48220695136115e-05
574,507,japan,7,1.9160854212660101,0.984673121827448,0.1895236372947693,japan_464_1084,0,0,3.3452284696977586e-05
575,508,japan,66,4.103697301957439,0.9794834072586586,0.03982081636786461,japan_586_1151,0,0,0.0003559942706488073
576,509,japan,7,1.8944949896701033,0.9735778348192641,0.1952294111251831,japan_199_259,1,0,0.07701088488101959
577,510,japan,18,2.8415628587587864,0.9831132798042197,0.10585114359855652,japan_601_1465,1,0,0.9462708830833435
578,511,japan,6,1.75886507425813,0.981641288613311,0.20881468057632446,japan_232_809,1,0,0.34753888845443726
579,512,japan,4,1.3314137430029978,0.9604120022009188,0.3602040112018585,japan_835_841,0,0,0.006687308195978403
580,513,japan,8,2.0618004597590094,0.991516432865636,0.16500362753868103,japan_296_1382,0,0,0.003006161656230688
581,514,japan,31,3.2559429541833453,0.9481523256495376,0.08101778477430344,japan_502_517,0,0,3.572166315279901e-05
582,515,japan,14,2.5806715650098946,0.977876280310335,0.10574377328157425,japan_173_1007,0,0,0.8795765042304993
583,516,japan,5,1.5869076173418408,0.9860011405732422,0.27503740787506104,japan_441_822,1,1,0.9693525433540344
584,517,japan,28,3.165869649930966,0.9500826375643157,0.08730576932430267,japan_1279_1391,0,0,0.000669140019454062
585,518,japan,11,2.114732128044704,0.8819117965801683,0.20823176205158234,japan_1462_1572,1,0,0.0010481387143954635
586,519,japan,10,2.2373083519593826,0.9716506715720181,0.1533442884683609,japan_68_770,1,1,0.8262843489646912
587,520,japan,9,2.0089377488934397,0.914306971447112,0.2185584455728531,japan_1164_1213,0,0,0.003946996293962002
588,521,japan,15,2.661615193396098,0.9828529738159166,0.09360218048095703,japan_696_1279,0,0,0.00014172519149724394
589,522,japan,10,2.2629124187400858,0.9827703764891599,0.14426426589488983,japan_1026_1265,0,0,0.0012902440503239632
590,523,japan,9,2.13729882698026,0.9727266156704794,0.1810796856880188,japan_182_1702,1,1,0.9742253422737122
591,524,japan,20,2.876853246279386,0.9603172058050525,0.12071160972118378,japan_904_1080,0,0,8.702983177499846e-05
592,525,japan,6,1.6073504786438715,0.8970793827233783,0.3955305814743042,japan_790_1030,0,0,0.00017373850278090686
593,526,japan,12,2.411652968800109,0.9705205501405291,0.1735409051179886,japan_809_922,0,0,0.0001486053370172158
594,527,japan,52,3.919571228334204,0.9919841719460943,0.03441281244158745,japan_1424_1425,0,0,4.845461808145046e-05
595,528,japan,28,3.2223845895928824,0.9670428629914594,0.07921978831291199,japan_40_1551,1,1,0.9749248027801514
596,529,japan,16,2.568829312905822,0.9265093276548583,0.17030203342437744,japan_790_1080,0,0,0.00032380581251345575
597,530,japan,45,3.7188129886966252,0.976922172294031,0.05515006557106972,japan_668_1332,0,0,4.721964432974346e-05
598,531,japan,31,3.3608540139899716,0.9787031266745388,0.06966123729944229,japan_746_1204,0,0,5.073568900115788e-05
599,532,japan,39,2.5824425548186225,0.7048994405612998,0.3645997941493988,japan_949_1310,0,0,3.727518560481258e-05
600,533,japan,9,2.159154241632978,0.9826734435360287,0.14956998825073242,japan_823_1502,1,0,0.5124821066856384
601,534,japan,26,3.1779121878491594,0.9753892037155487,0.06367842108011246,japan_380_441,1,0,0.013562952168285847
602,535,japan,20,2.6559222430531637,0.8865686251402923,0.13638827204704285,japan_249_1146,0,0,0.0003157371829729527
603,536,japan,9,2.1700449994744684,0.9876300410335378,0.15190500020980835,japan_261_480,1,1,0.9351398944854736
604,537,japan,8,2.0461890871094326,0.9840089495646313,0.19138896465301514,japan_256_281,0,0,0.006607268936932087
605,538,japan,41,3.6738455049634418,0.9893023318176447,0.049072057008743286,japan_167_347,0,0,0.008776607923209667
606,540,japan,15,2.6518004170480745,0.9792286775070709,0.13184893131256104,japan_984_1428,0,0,0.00047199567779898643
607,541,japan,29,3.3338267011043876,0.9900605320791726,0.05090736225247383,japan_360_454,0,0,0.0001868008985184133
608,542,japan,32,3.3521830343903174,0.9672355679734057,0.09159529954195023,japan_1308_1336,0,0,5.544386294786818e-05
609,543,japan,17,2.79561877965802,0.9867307682716285,0.09112641215324402,japan_393_455,0,0,0.8373669385910034
610,544,japan,30,3.342511921488183,0.9827456470211403,0.058906760066747665,japan_35_1330,1,0,7.889548578532413e-05
611,545,japan,11,2.3804294870257214,0.9927162015911285,0.12091919779777527,japan_987_1411,0,0,0.00012523584882728755
612,546,japan,43,3.708363964179651,0.9859523157798882,0.04786096513271332,japan_1100_1356,0,0,6.267414573812857e-05
613,548,japan,18,2.839006742203592,0.9822289241678862,0.09026236087083817,japan_114_1080,1,0,0.17739802598953247
614,549,japan,36,3.522632750281238,0.9830093856847025,0.052301790565252304,japan_150_420,0,0,0.006500369869172573
615,551,japan,55,3.9521647626304834,0.986233133095773,0.050120748579502106,japan_681_1100,0,0,0.00011513553909026086
616,552,japan,2,0.6911942737788044,0.9971825510715295,0.5312380790710449,japan_518_1042,1,1,0.9694692492485046
617,553,japan,9,2.1293364679680247,0.969102789915768,0.16673360764980316,japan_152_170,1,1,0.5311885476112366
619,555,japan,20,2.4990725435856738,0.8342109091814456,0.21175052225589752,japan_1011_1414,0,0,9.468998177908361e-05
620,556,japan,33,3.4131108993637964,0.9761485823677996,0.06461414694786072,japan_450_1471,0,0,4.2725587263703346e-05
621,557,japan,4,1.2527818231792316,0.9036910618082559,0.38555821776390076,japan_309_394,1,1,0.9270724058151245
622,558,japan,3,1.079247974618656,0.982373841755466,0.41744306683540344,japan_9_29,0,0,0.18021956086158752
623,559,japan,6,1.729440369300045,0.9652190480930686,0.2660861015319824,japan_782_930,1,0,0.0003077888395637274
624,560,japan,17,2.5720441893331714,0.9078187474759181,0.13058815896511078,japan_362_386,1,1,0.9061990976333618
625,561,japan,13,2.4843656474165323,0.968582728617786,0.12912419438362122,japan_249_1117,0,0,0.05213644728064537
626,562,japan,60,4.018292242264468,0.981425031820879,0.037245094776153564,japan_1227_1409,0,0,5.8063909818883985e-05
627,563,japan,39,3.530626587306994,0.9637142563267385,0.06772232055664062,japan_713_929,0,0,0.00028775332611985505
628,564,japan,15,2.672712270678119,0.986950784586745,0.11765392124652863,japan_334_756,0,0,0.0007323183235712349
629,565,japan,45,3.794014708530635,0.9966774618780432,0.028971752151846886,japan_757_828,0,0,3.67379943781998e-05
630,566,japan,55,3.975741490538695,0.9921165290647168,0.04227112978696823,japan_346_772,0,0,3.720213862834498e-05
631,567,japan,13,2.541209631749456,0.9907445635747073,0.12053515017032623,japan_368_1080,0,0,0.0021560732275247574
632,568,japan,23,2.6964364390127638,0.8599717471377064,0.13841286301612854,japan_798_813,0,0,8.020524546736851e-05
633,569,japan,5,1.5083056516778066,0.9371629933811226,0.3615710437297821,japan_781_1390,0,0,5.63903886359185e-05
635,571,japan,4,1.3481432124848696,0.9724797635300187,0.34199613332748413,japan_175_1002,0,0,0.0019725628662854433
636,573,japan,21,3.0227336897141375,0.992843295309862,0.07193297892808914,japan_1467_1555,0,0,0.0002890935866162181
637,574,japan,29,3.34571758824864,0.9935918188281305,0.05186090245842934,japan_1043_1159,0,0,3.8353628042386845e-05
638,575,japan,45,2.4374802016752577,0.6403194946296189,0.397285133600235,japan_32_125,0,0,3.8726084312656894e-05
639,576,japan,21,3.003546125130892,0.9865409720471064,0.07634524255990982,japan_966_1477,0,0,6.057944119675085e-05
640,577,japan,23,3.121100794015253,0.995409520502135,0.05771736800670624,japan_1065_1202,0,0,2.33669052249752e-05
641,578,japan,2,0.6928910218445499,0.9996304410916186,0.51131671667099,japan_199_310,1,0,0.08656720072031021
642,579,japan,17,2.7677427286949325,0.9768917453750406,0.1170896664261818,japan_329_816,1,1,0.8458395600318909
643,580,japan,20,2.426138181280794,0.8098648209315921,0.2740393877029419,japan_847_1012,1,1,0.8558768033981323
644,581,japan,4,1.2754471976154305,0.9200406734577536,0.4598468840122223,japan_782_930,1,1,0.022477829828858376
645,582,japan,43,3.683218417841707,0.9792668043568122,0.059103887528181076,japan_1100_1356,0,0,6.09896524110809e-05
648,585,japan,54,3.9554420497876928,0.9915913434636392,0.04160204157233238,japan_346_772,0,0,0.00013589022273663431
649,586,japan,24,3.1279841726968765,0.9842451826419858,0.0940466970205307,japan_882_895,0,0,3.940622991649434e-05
650,587,japan,4,1.3821735887249402,0.9970274910505865,0.27637919783592224,japan_1581_1587,0,0,6.221717194421217e-05
651,588,japan,12,2.2158563529708197,0.8917261954930441,0.19758285582065582,japan_68_770,1,1,0.928114116191864
652,589,japan,6,0.0652098390737074,0.03639430414273285,0.9900936484336853,japan_781_1390,0,0,0.0004171339678578079
653,590,japan,26,3.1723908213222565,0.9736945435167272,0.10525065660476685,japan_798_812,0,0,8.233627886511385e-05
654,591,japan,7,0.8805532280561911,0.45251484426640964,0.7320387363433838,japan_1579_1596,0,0,5.103966759634204e-05
655,592,japan,20,2.8087979620120898,0.937599793815977,0.138302743434906,japan_201_1232,0,0,5.8530560636427253e-05
656,593,japan,14,2.6316497048745293,0.9971930792644778,0.08506889641284943,japan_54_765,0,0,6.924150511622429e-05
657,594,japan,4,1.38482840947663,0.9989425394170426,0.26885583996772766,japan_646_743,0,0,7.680918497499079e-05
658,595,japan,22,2.0695546465513366,0.6695329092949964,0.3173588216304779,japan_689_1428,0,0,4.1640043491497636e-05
659,596,japan,45,3.7427176674884426,0.9832018671332915,0.046573538333177567,japan_586_1151,0,0,0.0003951715480070561
660,597,japan,48,3.2281296680295033,0.8338832468098648,0.15978141129016876,japan_386_1673,1,1,0.8213056325912476
662,599,japan,72,2.975570278780722,0.6957686655850795,0.24943327903747559,japan_271_490,1,1,0.9572026133537292
663,600,japan,54,3.190075600030546,0.7997213232221796,0.16523310542106628,japan_3_269,1,1,0.8720884323120117
664,601,japan,25,3.064520859359613,0.9520469338033853,0.1130816787481308,japan_129_780,0,0,0.004281790927052498
665,602,japan,2,0.6638120783389827,0.9576783935018465,0.6205136775970459,japan_763_953,0,0,7.7364245953504e-05
666,603,japan,15,2.6238861777295956,0.9689208038542422,0.11136741191148758,japan_613_933,1,1,0.9777076840400696
667,604,japan,24,3.0996859496345577,0.9753409209230393,0.10083090513944626,japan_984_1428,0,0,0.00023475992202293128
668,605,japan,58,1.4387368940748735,0.35433003008242214,0.7152124643325806,japan_712_756,0,0,0.00011117541725980118
669,606,japan,11,2.238829859064307,0.9336645701175964,0.1892712563276291,japan_518_1102,1,1,0.24035093188285828
670,607,japan,21,3.0319150550724574,0.9958589949954867,0.06848180294036865,japan_837_1215,0,0,8.397009514737874e-05
671,608,japan,43,3.600302538700813,0.9572217451761191,0.05113166570663452,japan_278_329,1,1,0.8229348659515381
672,609,japan,38,3.112216563001014,0.8555719167446774,0.15245962142944336,japan_182_1702,1,1,0.9378275871276855
673,610,japan,28,2.48794420281104,0.7466361068817552,0.34743502736091614,japan_960_1504,0,0,2.336871148145292e-05
674,611,japan,66,4.145076278976047,0.9893598719237623,0.03998638689517975,japan_681_1100,0,0,0.00011364825331838802
675,612,japan,3,1.079178811072273,0.9823108863824956,0.4273540675640106,japan_1548_1684,0,0,0.07687541842460632
676,613,japan,4,1.3741865724150428,0.9912660766396924,0.3154158294200897,japan_157_1494,0,0,0.0013130377046763897
677,614,japan,71,2.795479745695903,0.6558033505523803,0.24011363089084625,japan_406_490,1,1,0.9845638275146484
678,615,japan,36,2.4781873570994537,0.6915513492910779,0.3221527338027954,japan_1287_1332,0,0,4.1141560359392315e-05
679,616,japan,10,1.887241429948247,0.819618539045726,0.3205653727054596,japan_252_349,1,1,0.8536633253097534
680,617,japan,24,2.869152084956935,0.9028016006395992,0.14631718397140503,japan_247_419,1,1,0.880232036113739
681,618,japan,73,3.0836077342286523,0.7187127104978037,0.1586039811372757,japan_72_148,1,1,0.8285614252090454
682,619,japan,17,2.8157287774789355,0.9938287151534276,0.08124132454395294,japan_994_1297,0,0,3.734196798177436e-05
684,621,japan,3,0.9123067165028786,0.8304173600760496,0.4904763996601105,japan_5_959,0,0,0.0007025304948911071
685,622,japan,59,3.9317012505009363,0.9642342478981402,0.047173064202070236,japan_446_802,1,1,0.9669561982154846
686,623,japan,48,3.0241127823634866,0.7811820605136333,0.1427002251148224,japan_386_1673,1,1,0.9857931733131409
687,624,japan,12,2.4669537441973106,0.9927752193056342,0.13019411265850067,japan_779_849,0,0,0.9040881395339966
688,625,japan,27,3.215274894924828,0.9755564445830204,0.07029136270284653,japan_428_1388,1,1,0.9647514224052429
689,626,japan,15,2.6640929082856144,0.9837679180398117,0.09411535412073135,japan_126_876,0,0,0.00034401388256810606
690,627,japan,10,2.2370636195644527,0.9715443856433571,0.15317457914352417,japan_237_993,1,0,0.0029329932294785976
691,629,japan,3,0.6263669732877899,0.5701437893500707,0.7366938591003418,japan_683_1464,0,0,9.513254917692393e-05
692,630,japan,4,1.0114916339249203,0.7296369820820786,0.5485137104988098,japan_316_942,1,1,0.9909817576408386
693,631,japan,10,1.8960699076890806,0.8234526982121757,0.4102468490600586,japan_747_1077,1,1,0.7982204556465149
694,632,japan,55,3.918588637851635,0.9778544624869548,0.06985337287187576,japan_346_772,0,0,3.636991823441349e-05
695,633,japan,33,3.4009841540611516,0.9726803372433536,0.0779360979795456,japan_750_1210,0,0,0.0007229720940813422
696,635,japan,36,3.460752524461664,0.9657413798830551,0.07599565386772156,japan_1079_1272,0,0,0.0002778857306111604
697,636,japan,27,3.254113250049647,0.987340509360445,0.06767483055591583,japan_798_812,0,0,9.394545486429706e-05
698,637,japan,15,2.5794236044519487,0.9525021372949775,0.20984385907649994,japan_313_1592,1,1,0.9125636219978333
699,638,japan,3,1.0826641667635823,0.9854833938514724,0.4004102051258087,japan_313_689,1,1,0.9558499455451965
700,639,japan,6,1.398610422343722,0.7805793391153591,0.4538264572620392,japan_857_1024,1,0,0.00466446066275239
701,640,japan,33,3.1512236030447642,0.901248902697382,0.11478469520807266,japan_1352_1676,1,1,0.9271332621574402
702,641,japan,56,2.7713630379132477,0.6884772439366941,0.2236492931842804,japan_406_490,1,1,0.992073118686676
703,642,japan,56,3.432331154057806,0.8526785776154032,0.16235996782779694,japan_712_756,0,0,0.0001920250797411427
704,643,japan,62,3.7499987207001775,0.908620454494652,0.06723043322563171,japan_177_266,1,1,0.9302037358283997
705,644,japan,69,4.079819111813828,0.9635608143971081,0.04315072298049927,japan_272_386,1,1,0.93951416015625
706,645,japan,63,3.9811652876765744,0.9609065479615659,0.041743889451026917,japan_406_490,1,1,0.8908506631851196
707,646,japan,45,3.7551062151567525,0.9864563052931237,0.0460919626057148,japan_1308_1336,0,0,5.590997898252681e-05
708,647,japan,24,3.0555571972062876,0.961455456804441,0.12853068113327026,japan_215_534,0,0,2.702284837141633e-05
709,648,japan,27,3.240524553951652,0.9832175212847429,0.08240270614624023,japan_798_1043,0,0,3.902809476130642e-05
710,649,japan,43,3.7054623876029713,0.9851808661129127,0.05449654534459114,japan_542_1332,0,0,5.743566362070851e-05
711,650,japan,40,3.640689313416357,0.9869363742304357,0.05264931544661522,japan_1100_1356,0,0,6.240065704332665e-05
712,651,japan,90,4.251596142624996,0.9448391052310773,0.04776681959629059,japan_271_490,1,1,0.9378765821456909
713,652,japan,57,3.8706719224628956,0.9573640466191811,0.05224434658885002,japan_161_1497,1,1,0.9658136367797852
715,654,japan,27,2.1430021537114423,0.6502148743513168,0.42299848794937134,japan_1068_1354,0,0,0.0028029733803123236
716,655,japan,21,2.939851297428358,0.9656198492748392,0.12673960626125336,japan_1237_1350,0,0,0.0005001713871024549
717,656,japan,39,2.9963712144569237,0.8178847536583497,0.20183131098747253,japan_1242_1519,0,0,1.7742069758241996e-05
718,657,japan,4,1.3670665722904094,0.9861300822042236,0.3285070061683655,japan_554_930,0,0,9.87835373962298e-05
719,658,japan,17,2.414246653413189,0.8521231408421905,0.2739431858062744,japan_696_984,0,0,0.00025597517378628254
720,659,japan,7,1.919491871910346,0.9864236911669366,0.1885109692811966,japan_729_1560,0,0,0.0005385479307733476
721,660,japan,40,3.606107727670772,0.9775618239975679,0.055532801896333694,japan_246_1100,0,0,4.960519072483294e-05
722,661,japan,18,2.805785023367148,0.9707349982582915,0.116691455245018,japan_1308_1336,0,0,6.106938963057473e-05
723,662,japan,76,2.8833508931625618,0.6657881394682975,0.19538408517837524,japan_406_490,1,1,0.9661327600479126
724,663,japan,27,3.2347021254200654,0.9814509203368491,0.07758767157793045,japan_586_1151,0,0,0.00029222859302535653
725,664,japan,44,3.6996529664922986,0.9776605626028232,0.04435879364609718,japan_495_1332,0,0,4.674080992117524e-05
726,665,japan,66,4.040354453901003,0.9643645366221252,0.04835987463593483,japan_1515_1715,1,1,0.8410768508911133
727,666,japan,91,4.386149203551872,0.9723533169710099,0.026020143181085587,japan_111_269,1,1,0.9267752766609192
728,667,japan,76,3.8061168336455458,0.8788619696898494,0.08214401453733444,japan_356_1718,1,1,0.9824971556663513
729,982,japan,6,1.7669183827908999,0.9861359256843457,0.20884963870048523,japan_464_1084,0,0,2.4788228984107263e-05
730,983,japan,61,1.9112495859847034,0.4649253781881853,0.6258689165115356,japan_984_1428,0,0,0.0002707317180465907
731,984,japan,76,4.279447932076824,0.9881578004971056,0.030752049759030342,japan_517_1421,0,0,2.0413348465808667e-05
732,985,japan,10,1.3124918205954115,0.57000795522774,0.5796219110488892,japan_5_959,0,0,0.00041436750325374305
733,986,japan,23,2.432225144741627,0.7757071061988482,0.30512234568595886,japan_121_990,0,0,0.0003767788293771446
735,988,japan,2,0.5811027195919836,0.8383540118024446,0.7321558594703674,japan_130_724,0,0,0.002640786115080118
736,990,japan,10,2.260701104575084,0.9818100149495452,0.16970610618591309,japan_1099_1477,0,0,3.459068466327153e-05
737,991,japan,11,1.8919351212952338,0.7889982280532728,0.4501965045928955,japan_1168_1519,0,0,6.311089236987755e-05
738,992,japan,59,4.0345483249259395,0.9894570878695347,0.03063429519534111,japan_747_1170,0,0,0.00014709180686622858
739,993,japan,75,4.225253236157365,0.978636912261607,0.03300641477108002,japan_904_914,0,0,0.00015650168643333018
740,994,japan,48,3.495453005613078,0.9029376143899355,0.11061073839664459,japan_696_984,0,0,0.00013506770483218133
741,995,japan,44,3.7460512494066176,0.9899216508153282,0.04278131201863289,japan_388_1102,0,0,0.000103032733022701
742,996,japan,57,4.012414246506166,0.9924223020439725,0.030298985540866852,japan_655_745,0,0,0.00011874244955834001
743,997,japan,13,1.9999315204536439,0.779715792296548,0.36845943331718445,japan_511_1368,0,0,6.2293212977238e-05
744,998,japan,15,2.5040604371813853,0.9246728277644932,0.1725594699382782,japan_773_1434,0,0,4.959099896950647e-05
745,999,japan,95,4.499766447594439,0.9881177191886968,0.02702348865568638,japan_246_1100,0,0,4.704031380242668e-05
746,1000,japan,61,2.848432228619057,0.6929018799247131,0.35926929116249084,japan_540_904,0,0,0.00025340510183013976
747,1001,japan,69,4.099428804626567,0.9681921794304267,0.05161318928003311,japan_1168_1519,0,0,6.228858546819538e-05
748,1002,japan,89,4.380755677128936,0.9759658204147106,0.0260895024985075,japan_322_983,0,0,0.0009423075243830681
749,1003,japan,112,4.653245057537996,0.9861706412278556,0.021067965775728226,japan_1237_1356,0,0,4.945785985910334e-05
750,1004,japan,7,1.915536697685652,0.9843911336890829,0.22192291915416718,japan_138_332,0,0,0.00021605340589303523
751,1005,japan,21,3.0129270321093977,0.9896222129216262,0.07306062430143356,japan_945_963,0,0,6.157033931231126e-05
752,1006,japan,55,3.181019255003604,0.7937995439775414,0.15158574283123016,japan_657_989,0,0,2.829210825439077e-05
753,1007,japan,62,4.089350854579853,0.9908450932438377,0.02703859657049179,japan_1043_1159,0,0,6.547106750076637e-05
754,1008,japan,91,4.465498154799944,0.98994396707515,0.023978540673851967,japan_558_1390,0,0,5.518907346413471e-05
755,1010,japan,32,1.880753666887899,0.542670797670581,0.5432239770889282,japan_517_1421,0,0,2.2779220671509393e-05
756,1011,japan,54,3.7114305594757866,0.930420005733654,0.04775914549827576,japan_1279_1428,0,0,0.00013455298903863877
757,1012,japan,57,4.020867771986168,0.9945131796806862,0.026485079899430275,japan_754_776,0,0,0.00016093604790512472
758,1013,japan,73,3.658934605103984,0.8528071772482781,0.14895768463611603,japan_1287_1332,0,0,4.2637788283172995e-05
759,1014,japan,21,2.972136556662403,0.9762242248031691,0.09524025768041611,japan_837_1215,0,0,7.832622213754803e-05
760,1015,japan,28,3.293800272657291,0.9884748257795577,0.060911379754543304,japan_383_1424,0,0,0.0037088014651089907
761,1016,japan,100,4.53004401491361,0.9836865592279165,0.02260339818894863,japan_1079_1272,0,0,0.00016049774421844631
762,1017,japan,47,3.816270795119147,0.9912011667875109,0.04190298169851303,japan_600_1093,0,0,3.0819002859061584e-05
763,1018,japan,55,3.956689595585505,0.987362271289646,0.03519167751073837,japan_781_1390,0,0,4.592746336129494e-05
764,1019,japan,23,2.887719658201872,0.9209775108279528,0.17312903702259064,japan_790_1080,0,0,0.0006475300178863108
765,1020,japan,21,2.947458655254487,0.9681185524316527,0.09673287719488144,japan_213_747,0,0,0.00028258987003937364
766,1021,japan,10,2.208254030638038,0.9590325401467142,0.18947653472423553,japan_173_1026,0,0,0.0021720952354371548
767,1022,japan,95,4.494791885139148,0.9870253395364348,0.02875487320125103,japan_246_1100,0,0,4.5907581807114184e-05
768,1023,japan,79,4.227020354906565,0.967403776776958,0.030987562611699104,japan_999_1151,0,0,0.0009481527958996594
769,1024,japan,26,3.014895629330245,0.9253549101897012,0.13659529387950897,japan_540_790,0,0,0.0006501060561276972
770,1025,japan,20,2.9080319133943675,0.9707249005747833,0.1034524068236351,japan_175_1002,0,0,0.0009240319486707449
771,1026,japan,19,2.631461089279524,0.8937054250057785,0.1561204344034195,japan_794_876,0,0,0.0002143767342204228
772,1027,japan,30,2.6264173869657723,0.7722037542208884,0.18926414847373962,japan_388_1102,0,0,0.0001658498658798635
773,1028,japan,51,3.883755529435428,0.9877741009446569,0.03835166618227959,japan_1424_1425,0,0,0.003268543165177107
774,1029,japan,43,3.625701919183331,0.9639747441395455,0.06361884623765945,japan_1424_1425,0,0,0.0021423879079520702
775,1030,japan,4,1.370366466475477,0.9885104526923514,0.31022927165031433,japan_275_1117,0,0,0.00012111752585042268
776,1031,japan,51,3.784662039212405,0.9625711800932656,0.06977150589227676,japan_843_1292,0,0,0.00027732120361179113
778,1033,japan,8,2.03961861050041,0.9808492182245934,0.18625590205192566,japan_589_1202,0,0,2.0406185285537504e-05
779,1034,japan,53,3.909352111296122,0.984651052470981,0.03820845112204552,japan_173_747,0,0,0.0001846082741394639
781,1036,japan,7,1.7818245717345973,0.9156766938081006,0.3043358623981476,japan_1051_1415,0,0,5.566036998061463e-05
782,1037,japan,4,0.9512317434810326,0.6861686595281241,0.6708483695983887,japan_675_866,0,0,6.211360596353188e-05
784,1039,japan,91,4.186326014095123,0.928055065347774,0.05635088309645653,japan_715_881,0,0,0.00017826144176069647
785,1040,japan,45,3.104501780353532,0.8155442697366234,0.16737529635429382,japan_1011_1287,0,0,3.5722106986213475e-05
786,1041,japan,54,3.876758452898993,0.9718661212089976,0.049361180514097214,japan_943_1315,0,0,0.00037723995046690106
787,1042,japan,104,4.6011930306644695,0.9906989163024824,0.019439931958913803,japan_1308_1336,0,0,0.00017458910588175058
788,1043,japan,113,4.006287710173409,0.8474633061233917,0.09921203553676605,japan_715_881,0,0,0.00015477724082302302
789,1044,japan,55,3.9392078753029236,0.9829998388502863,0.04426015913486481,japan_983_1094,0,0,0.01686522178351879
790,1046,japan,30,3.364631609443028,0.9892491472514137,0.049611855298280716,japan_631_1042,0,0,0.0026374501176178455
791,1047,japan,31,3.1547481620551032,0.918683726583102,0.10047634690999985,japan_228_1262,0,0,0.0006518550217151642
792,1048,japan,43,3.251989888628897,0.8646149602782389,0.10613647848367691,japan_173_1170,0,0,0.0005234894342720509
793,1049,japan,87,4.387675022180598,0.9824821527009931,0.03319558501243591,japan_1079_1208,0,0,0.00012812066415790468
794,1050,japan,91,3.967850701645609,0.8796218760334357,0.07141918689012527,japan_558_1390,0,0,5.3334755648393184e-05
795,1051,japan,80,4.240859095954725,0.9677848743314036,0.03923991695046425,japan_558_1390,0,0,3.7650734157068655e-05
796,1052,japan,62,4.047288957264004,0.9806535430320825,0.0271669439971447,japan_813_876,0,0,0.000634941563475877
797,1053,japan,37,2.809078862603723,0.7779403826288241,0.298089861869812,japan_1099_1109,1,0,0.0008019013912416995
798,1054,japan,49,3.8336159127545675,0.9850444314234356,0.03858319669961929,japan_494_759,0,0,9.867743210634217e-05
799,1055,japan,66,4.088212718846443,0.9757874981529105,0.04857873544096947,japan_517_1421,0,0,1.918313864734955e-05
800,1056,japan,171,4.55156446702612,0.8852318742772964,0.04879859834909439,japan_411_869,0,0,0.356570839881897
801,1057,japan,35,3.5151143246462424,0.9886836011137777,0.045720379799604416,japan_497_1249,0,0,0.00012762706319335848
802,1058,japan,59,3.9798994721376144,0.9760546719407728,0.045577969402074814,japan_984_1279,0,0,0.0006577351596206427
803,1059,japan,114,4.684009824983008,0.9889809044151899,0.01892722025513649,japan_1237_1356,0,0,5.073714055470191e-05
804,1060,japan,88,3.6687418106490584,0.8194026857183442,0.11799977719783783,japan_32_125,0,0,3.5251443478045985e-05
805,1061,japan,79,3.8275969526446127,0.8759909905970211,0.09490966796875,japan_32_125,0,0,3.3373391488566995e-05
806,1062,japan,53,3.5503737457171676,0.894234938644785,0.17152829468250275,japan_798_852,0,0,0.000119772732432466
807,1063,japan,159,4.685910551773624,0.9244425155482614,0.03848199173808098,japan_266_1673,1,0,0.8548985123634338
808,1064,japan,9,2.1232260707757646,0.9663218283084353,0.18061703443527222,japan_128_1411,0,0,0.0057891979813575745
809,1065,japan,105,4.374755755724574,0.9400070964456113,0.04554418846964836,japan_715_881,0,0,0.0001710287615424022
810,1066,japan,202,1.081030311955057,0.20365030054612776,0.707572877407074,japan_101_1495,1,0,0.597118079662323
811,1067,japan,6,1.7160864572707721,0.9577660878835008,0.288334459066391,japan_201_650,0,0,0.0002769906132016331
812,1068,japan,18,2.8316471130830494,0.9796826672372901,0.08323615789413452,japan_763_1014,0,0,0.00016342278104275465
813,1069,japan,36,3.2660012419952285,0.9113949997435543,0.09755818545818329,japan_814_1647,1,0,0.001339578884653747
814,1070,japan,74,4.218415714807654,0.9801003524477939,0.041343193501234055,japan_984_1428,0,0,0.00012825877638533711
815,1074,japan,22,2.7584072780022684,0.8923873805115001,0.1326633095741272,japan_689_1382,0,0,0.0007665594457648695
816,1075,japan,144,3.7837552017456355,0.7613475544581214,0.12059016525745392,japan_72_272,1,0,0.25891077518463135
817,1076,japan,126,2.4930076350354926,0.5154802145532797,0.25726619362831116,japan_301_802,1,0,0.7044089436531067
818,1077,japan,93,1.7353743334697567,0.38286513866736654,0.3179818391799927,japan_255_1718,1,0,0.09502331912517548
819,1078,japan,70,3.7518221880555487,0.8830943603095036,0.08230367302894592,japan_824_1437,0,0,0.011990036815404892
820,1079,japan,70,3.6696421106646393,0.8637510227961331,0.21450814604759216,japan_984_1428,0,0,0.00010591091267997399
821,1080,japan,44,3.3270820726782464,0.8792059580886511,0.1770963817834854,japan_601_835,0,0,0.0006097182631492615
822,1081,japan,20,2.810785350353378,0.9382632003422653,0.13979609310626984,japan_809_1611,1,0,0.012432528659701347
823,1083,japan,54,3.2430969222463597,0.8130132596142243,0.16036634147167206,japan_1424_1425,0,0,0.0012389938347041607
824,1084,japan,39,3.6194056147587625,0.9879472394254558,0.0472867451608181,japan_153_815,0,0,0.00021183365606702864
825,1085,japan,45,3.6110219949433997,0.9486057680835466,0.06901495903730392,japan_1493_1503,0,0,0.0003993657883256674
826,1086,japan,70,3.682445548547654,0.8667646634273601,0.12489909678697586,japan_904_914,0,0,9.744657290866598e-05
827,1087,japan,53,3.6216044152916234,0.9121758536015211,0.0973464697599411,japan_244_1167,0,0,0.0015400272095575929
828,1088,japan,92,4.301095352438369,0.9511933782727414,0.03980407491326332,japan_943_1315,0,0,8.194246038328856e-05
829,1089,japan,50,3.8310177915732972,0.9792932675133941,0.064427450299263,japan_346_772,0,0,3.241945159970783e-05
830,1090,japan,63,4.1065127024582315,0.9911607933722211,0.030835039913654327,japan_1308_1310,0,0,5.4422838729806244e-05
831,1091,japan,82,3.862992282774627,0.8766141126809522,0.0939231663942337,japan_1011_1287,0,0,4.5050524931866676e-05
832,1092,japan,105,4.626966635307847,0.994199839960226,0.016247130930423737,japan_558_1390,0,0,5.568702545133419e-05
833,1093,japan,25,3.1005454996905204,0.9632386175746542,0.083429716527462,japan_1073_1381,0,0,7.852934504626319e-05
834,1094,japan,61,4.064846420446698,0.9888034891734949,0.03835640475153923,japan_1099_1109,1,0,8.972603973234072e-05
835,1096,japan,6,1.7834851161472096,0.9953819956177432,0.2111143320798874,japan_1658_1678,0,0,0.00012697181955445558
836,1097,japan,62,4.083060939302161,0.989321053876357,0.02876901440322399,japan_943_1315,0,0,0.0005666452925652266
837,1098,japan,43,3.7012767727165947,0.9840680258604326,0.04417131468653679,japan_150_420,0,0,0.004463326185941696
838,1099,japan,128,3.0504987785833158,0.6287056371571415,0.19797590374946594,japan_411_869,0,0,0.012898623012006283
839,1100,japan,138,1.4832168667793082,0.30102303667605573,0.4451018273830414,japan_411_869,0,0,0.012598508037626743
840,1101,japan,137,4.624333814107913,0.9399088906690325,0.028819795697927475,japan_830_1210,0,0,0.00017410401778761297
841,1102,japan,40,3.6254804647578576,0.9828134830252112,0.0629478171467781,japan_517_1421,0,0,0.0002271018165629357
842,1103,japan,88,4.224109520610375,0.9434424292027841,0.07337381690740585,japan_167_347,0,0,0.004943623207509518
843,1104,japan,93,3.6452081577518527,0.8042202191608022,0.12189216166734695,japan_32_125,0,0,0.00017488436424173415
844,1105,japan,105,4.62827193506193,0.9944803107111293,0.016005337238311768,japan_558_1390,0,0,5.608005085377954e-05
845,1106,japan,30,1.791346723966957,0.5266812016336232,0.5191178917884827,japan_115_1073,0,0,0.0018350720638409257
846,1107,japan,38,3.1255650143738234,0.8592415071781899,0.10805127024650574,japan_94_329,1,0,0.3559853434562683
847,1108,japan,10,2.227719584439394,0.967486322749834,0.15344858169555664,japan_440_1183,0,0,0.06557870656251907
848,1109,japan,193,4.933079502653481,0.9373684039113096,0.03614857792854309,japan_101_1495,1,0,0.8847989439964294
849,1110,japan,11,2.3340849335896916,0.9733890216422122,0.15346239507198334,japan_863_1091,0,0,0.05391760170459747
850,1111,japan,15,2.6091936624325025,0.96349530794168,0.16729046404361725,japan_79_1139,1,0,0.07424857467412949
851,1112,japan,11,2.376878634395544,0.9912353810271706,0.11862774193286896,japan_754_776,0,0,0.026733199134469032
852,1113,japan,36,3.529613488616246,0.9849573978076733,0.05514943227171898,japan_1424_1425,0,0,0.003594412002712488
853,1114,japan,36,3.551713312594684,0.9911244711113124,0.04187263920903206,japan_1249_1297,0,0,0.0020233960822224617
854,1115,japan,159,3.656645262328601,0.7213877233519137,0.1429070085287094,japan_85_1619,1,0,0.766965925693512
855,1116,japan,19,2.8459299402449014,0.9665440378902244,0.09824597090482712,japan_232_1354,0,0,0.9403268694877625
856,1117,japan,25,3.199525346110885,0.993988435773813,0.05806057155132294,japan_754_776,0,0,0.0004403610073495656
857,1118,japan,84,4.194840701654305,0.9467420776118274,0.04935521259903908,japan_181_414,0,0,0.0015852955402806401
858,1119,japan,89,4.4248316687302465,0.9857852818214141,0.024655980989336967,japan_1237_1356,0,0,5.028992745792493e-05
860,1121,japan,65,4.100482178830527,0.9822955834505126,0.029515981674194336,japan_876_1470,0,0,0.0019115419127047062
861,1122,japan,112,3.913671359702545,0.829431449800973,0.05844778195023537,japan_1225_1704,0,0,9.117887384491041e-05
862,1123,japan,66,4.069498241344076,0.9713206676729088,0.03122781217098236,japan_625_1180,0,0,0.0003847094194497913
863,1124,japan,67,3.935048784579532,0.9358707379540884,0.056538406759500504,japan_872_1337,0,0,0.000296304962830618
864,1125,japan,71,4.156784509110945,0.9751575602707772,0.03736928850412369,japan_347_994,0,0,0.0012101439060643315
865,1126,japan,43,3.504360147613313,0.9317132935818576,0.10489402711391449,japan_115_433,0,0,0.19340424239635468
866,1127,japan,41,3.6415470744826455,0.9806049294512325,0.052099473774433136,japan_809_1611,1,0,0.8429518938064575
867,1128,japan,23,3.067050381429858,0.9781712770664418,0.08174008876085281,japan_922_1725,0,0,0.003629973391070962
868,1129,japan,92,3.2410062735013065,0.7167531648762792,0.1744050234556198,japan_683_1080,1,0,0.0033131863456219435
869,1130,japan,38,1.6252574294277375,0.44679558313197104,0.46936532855033875,japan_1424_1425,0,0,0.00040388162597082555
870,1131,japan,14,2.5875745264546,0.9804919724240458,0.12769490480422974,japan_383_1424,0,0,4.466484097065404e-05
871,1132,japan,105,4.502335469212175,0.967420246513227,0.03252432122826576,japan_715_881,0,0,0.00018372606427874416
872,1135,japan,58,3.9187535604978114,0.9651049282847735,0.06685520708560944,japan_540_904,0,0,0.00019920365593861789
873,1136,japan,23,2.514070111567223,0.8018098387154006,0.19882787764072418,japan_217_1089,0,0,0.04991348087787628
874,1137,japan,111,3.628354612808805,0.7704281441485917,0.13046471774578094,japan_683_1080,1,0,0.004348740912973881
875,1138,japan,116,4.0359522906489875,0.8490324425104993,0.07205434143543243,japan_115_1645,0,0,0.5201234221458435
876,1139,japan,52,3.7572093448835258,0.9508928358973605,0.0619528628885746,japan_1352_1676,1,0,0.8017366528511047
877,1140,japan,106,4.448409959245881,0.9538904378235203,0.032425474375486374,japan_683_1080,1,0,0.6813581585884094
878,1141,japan,48,2.3157610208508954,0.5982022153656632,0.44520944356918335,japan_115_433,0,0,0.01236808393150568
879,1142,japan,119,4.643018791487893,0.9715209908637402,0.026764756068587303,japan_177_1496,1,0,0.9137774109840393
880,1143,japan,59,4.033626881808147,0.9892311075737144,0.029611147940158844,japan_305_1203,0,0,0.0001467687397962436
882,1145,japan,44,3.605883562254992,0.9528813064585652,0.11684275418519974,japan_601_835,0,0,0.006768616382032633
883,1146,japan,72,2.776099167239204,0.6491269343883008,0.18458376824855804,japan_681_1100,0,0,0.00012496959243435413
884,1147,japan,60,3.985418330737513,0.973395929475591,0.05711603909730911,japan_746_1204,0,0,3.698945511132479e-05
885,1148,japan,136,4.4282905612572625,0.9014047728275912,0.04185395687818527,japan_830_1210,0,0,0.0001858925970736891
886,1149,japan,137,4.631355056780107,0.9413359780455984,0.028352295979857445,japan_830_1210,0,0,0.00015697127673774958
887,1150,japan,84,4.294406932814628,0.9692133815904336,0.04461106285452843,japan_712_756,0,0,0.0004994681221432984
888,1151,japan,104,4.575260961488797,0.9851153920602688,0.019625915214419365,japan_999_1151,0,0,0.0024735312908887863
889,1152,japan,180,3.24829206593926,0.6255187861579125,0.3769725263118744,japan_183_336,1,0,0.7470091581344604
890,1153,japan,31,2.71417906011497,0.7903870627619021,0.19998663663864136,japan_809_1611,1,0,0.002805870957672596
891,1154,japan,58,3.4120501111425754,0.8403147396183775,0.10526499897241592,japan_83_103,0,0,0.00030208248062990606
892,1155,japan,57,3.198850897711144,0.7911972136392031,0.12017697840929031,japan_794_1324,0,0,0.00017718621529638767
893,1156,japan,151,2.9112684663370896,0.5802483738250535,0.30370455980300903,japan_1642_1682,1,0,0.7568930387496948
894,1157,japan,80,3.9202612847795666,0.8946228792311574,0.11585909128189087,japan_540_904,0,0,0.00016675323422532529
895,1158,japan,67,4.169359648584477,0.9915967767433124,0.023953380063176155,japan_500_587,0,0,0.0008370078285224736
896,1159,japan,47,3.7377220189938782,0.9707996694292328,0.04499082267284393,japan_1080_1253,0,0,0.00020280007447581738
897,1160,japan,90,4.468209061335598,0.9929773454190679,0.01976371742784977,japan_904_914,0,0,4.817738226847723e-05
898,1161,japan,76,4.2858459062498655,0.9896351424783181,0.026475463062524796,japan_1308_1310,0,0,5.5814038205426186e-05
899,1162,japan,94,4.403306785712385,0.9691880005004483,0.03787217289209366,japan_346_772,0,0,4.8272344429278746e-05
900,1163,japan,66,4.14766037356167,0.98997665176476,0.02821705862879753,japan_150_420,0,0,0.009387391619384289
901,1164,japan,66,4.156369253577246,0.9920553146980603,0.027999114245176315,japan_293_836,0,0,0.005622600670903921
902,1165,japan,52,3.5589522533937465,0.9007169658143687,0.10237472504377365,japan_1012_1028,0,0,0.6474714875221252
903,1166,japan,56,2.9359585045517647,0.7293669547704963,0.23198166489601135,japan_1052_1386,0,0,0.0004478796909097582
904,1167,japan,43,3.2849551190535755,0.8733795113286155,0.09450390189886093,japan_662_709,0,0,7.027437095530331e-05
905,1168,japan,66,3.835520829743962,0.9154742015540932,0.08171903342008591,japan_463_756,0,0,8.894308120943606e-05
906,1169,japan,77,3.2274154270145985,0.742992632859997,0.2552173435688019,japan_712_756,0,0,0.0001381956972181797
907,1170,japan,54,1.9709320342103123,0.4940937369523658,0.472962349653244,japan_527_1028,0,0,0.004652061965316534
908,1171,japan,71,4.1230799518367585,0.9672506664278407,0.052466269582509995,japan_32_125,0,0,3.8609337934758514e-05
909,1172,japan,67,4.183913512145018,0.995058115033161,0.029657116159796715,japan_331_1555,0,0,0.0004054968594573438
910,1173,japan,52,3.8041722546175785,0.9627784377682856,0.05671754851937294,japan_494_759,0,0,0.00023147954198066145
911,1174,japan,45,3.4981717938846595,0.9189603237180417,0.13451823592185974,japan_586_1151,0,0,0.000136536531499587
912,1175,japan,10,2.1043742696968795,0.9139181331885401,0.21896688640117645,japan_1138_1564,0,0,1.6409427189501002e-05
913,1176,japan,141,4.636975737583777,0.9369975186307602,0.03097338229417801,japan_85_1619,1,0,0.9070755839347839
914,1177,japan,23,2.9932392238100336,0.9546307591969321,0.09487086534500122,japan_416_1613,1,0,0.8417263031005859
915,1178,japan,43,2.525109129993927,0.6713572935026614,0.29612207412719727,japan_414_1067,0,0,0.012599783949553967
916,1179,japan,43,2.6533514405284713,0.705453408197398,0.24737770855426788,japan_334_756,0,0,0.002700843382626772
917,1180,japan,11,2.3460680849399997,0.9783863839066299,0.13445183634757996,japan_158_645,1,0,0.20974484086036682
918,1181,japan,147,4.172928077825858,0.836185642279046,0.09621954709291458,japan_72_148,1,0,0.57797771692276
919,1182,japan,30,3.3650075451221766,0.9893596776432031,0.046943549066782,japan_24_707,0,0,0.11733803153038025
920,1183,japan,15,2.6381357280536077,0.9741827263689032,0.11303267627954483,japan_1424_1425,0,0,4.547200660454109e-05
921,1184,japan,24,3.090949232985783,0.9725918433066232,0.07729031145572662,japan_54_1183,0,0,0.014202558435499668
922,1185,japan,31,3.2417705425876453,0.9440252247747324,0.09502352774143219,japan_725_1307,0,0,0.010512436740100384
923,1186,japan,64,3.9812147069740496,0.9572797857442782,0.058856330811977386,japan_181_414,0,0,0.001295556896366179
924,1187,japan,21,2.9421909690131596,0.9663883348526796,0.10167572647333145,japan_922_1160,0,0,0.03677522763609886
925,1188,japan,84,4.39436362904659,0.9917728104203632,0.02104751393198967,japan_747_1080,1,0,0.00010270273924106732
926,1189,japan,52,3.6183317640733383,0.9157450215124642,0.10667894035577774,japan_763_953,0,0,0.00038072638562880456
927,1190,japan,30,3.1547222136275974,0.9275328243625466,0.09939628094434738,japan_1157_1465,0,0,0.000541561865247786
928,1191,japan,16,2.619196488558236,0.9446754462891885,0.1176869124174118,japan_192_1725,0,0,0.0031588119454681873
929,1192,japan,34,2.767750789279235,0.7848745951976932,0.2500351667404175,japan_904_914,0,0,0.00030590430833399296
930,1193,japan,69,4.177794432831508,0.9867003648338534,0.02995772659778595,japan_904_914,0,0,0.00010616653162287548
931,1194,japan,51,3.8907236726558545,0.9895463421047,0.03531411290168762,japan_922_1725,0,0,0.0003831286740023643
932,1195,japan,23,3.0863875834774284,0.9843384713637019,0.07184778898954391,japan_246_913,0,0,5.580567813012749e-05
933,1196,japan,8,2.047916276160011,0.9848395519239471,0.1825108826160431,japan_192_1725,0,0,0.024664759635925293
934,1197,japan,49,3.117752696038513,0.8011039712065066,0.2663818299770355,japan_246_1100,0,0,4.8780035285744816e-05
935,1198,japan,90,4.265351485293132,0.9478959773380982,0.04042467474937439,japan_1287_1332,0,0,4.26619517384097e-05
936,1199,japan,49,3.856784619346031,0.9909976113795377,0.03955240175127983,japan_668_1332,0,0,7.340819138335064e-05
937,1200,japan,82,4.24665035136212,0.9636761756489237,0.05328124761581421,japan_1011_1287,0,0,4.8359106585849077e-05
938,1201,japan,92,4.375782319604374,0.9677105076991567,0.03776635229587555,japan_669_1320,0,0,0.00025352061493322253
939,1202,japan,136,2.7979417497173706,0.5695376155653078,0.32736560702323914,japan_72_355,1,0,0.4941663146018982
940,1203,japan,184,4.6802079086336885,0.8974622365778737,0.05397818610072136,japan_832_1299,1,0,0.8129345178604126
941,1204,japan,84,4.321400689407203,0.9753056570823073,0.030231371521949768,japan_625_1180,0,0,0.0021476021502166986
942,1205,japan,105,4.1007231492273455,0.8811255018725177,0.08685051649808884,japan_101_119,1,0,0.7224733829498291
943,1206,japan,129,1.9420263957523356,0.39960933348154976,0.5130767226219177,japan_72_272,1,0,0.6480587124824524
944,1207,japan,123,4.770737724150313,0.9913871480888232,0.013192725367844105,japan_334_756,0,0,0.00026389368576928973
945,1208,japan,55,3.863421994884658,0.9640880396773235,0.049385424703359604,japan_696_745,0,0,0.0008332799188792706
946,1209,japan,82,2.91472047230269,0.6614264056218659,0.17766880989074707,japan_1237_1356,0,0,5.2009123464813456e-05
947,1210,japan,105,4.609504054683849,0.9904476419804115,0.01840512827038765,japan_558_1390,0,0,5.62297718715854e-05
948,1211,japan,84,4.398391598830645,0.992681891063261,0.02579735778272152,japan_346_772,0,0,4.598631494445726e-05
949,1212,japan,83,4.2468937717603845,0.961087793994463,0.055211737751960754,japan_1079_1208,0,0,0.00010817078873515129
950,1213,japan,6,1.1786921994320334,0.6578406419360798,0.5763774514198303,japan_556_1381,0,0,0.004952887538820505
951,1214,japan,97,4.5179752524945975,0.9875979649260058,0.026779131963849068,japan_586_1151,0,0,0.0002747905673459172
952,1215,japan,103,4.579500425994345,0.9880837558408379,0.02520151250064373,japan_586_1151,0,0,0.00020492619660217315
953,1216,japan,67,4.109082195702547,0.9772610194506282,0.04318973049521446,japan_681_1100,0,0,0.0001483069354435429
955,1218,japan,6,1.770147042047352,0.9879378747248846,0.20797006785869598,japan_420_836,0,0,0.00012328544107731432
956,1219,japan,97,4.350117001257722,0.9509053187619873,0.0459921695291996,japan_181_414,0,0,0.001688973163254559
957,1220,japan,9,2.106474868154653,0.9586980274489803,0.17204493284225464,japan_729_990,0,0,5.8004192396765575e-05
958,1221,japan,83,4.200058337945432,0.9504887618111532,0.04961416497826576,japan_181_414,0,0,0.0021605705842375755
959,1222,japan,32,3.372393983296811,0.9730672151252173,0.06555360555648804,japan_951_1181,0,0,5.0375121645629406e-05
960,1223,japan,15,2.2713074162179536,0.8387242656334448,0.20538905262947083,japan_153_815,0,0,0.005146743264049292
962,1225,japan,18,2.7410281771635066,0.9483306670414737,0.1450646072626114,japan_152_170,1,0,0.008351714350283146
964,1229,japan,73,4.259788605825503,0.992851386723591,0.03098854050040245,japan_331_1555,0,0,0.0004087400157004595
965,1230,japan,66,4.144141254468192,0.989136697326945,0.031846098601818085,japan_1109_1477,0,0,8.13136575743556e-05
966,1231,japan,120,2.8055045441410096,0.5860071818130617,0.20152026414871216,japan_802_1499,1,0,0.3734234869480133
967,1232,japan,23,2.896870885000057,0.9238961023379274,0.10423260927200317,japan_107_865,0,0,0.8436211943626404
968,1233,japan,49,3.2222270490353306,0.8279485696191149,0.23195277154445648,japan_517_1421,0,0,9.357271483168006e-05
969,1234,japan,12,2.272516991814888,0.9145281139670851,0.1672467738389969,japan_152_170,1,0,0.06815803796052933
970,1235,japan,53,3.914941255349145,0.9860587938095826,0.03452092409133911,japan_696_1391,0,0,0.0001781555765774101
971,1236,japan,2,0.6908061633366869,0.9966226260613694,0.5341993570327759,japan_711_1613,1,0,0.9771331548690796
972,1237,japan,69,4.202616816725032,0.9925628493666759,0.029588695615530014,japan_746_1204,0,0,3.512088005663827e-05
973,1238,japan,92,4.227581283882802,0.934935637048683,0.07694961130619049,japan_540_904,0,0,0.0001559553056722507
974,1239,japan,7,1.8758101394644462,0.9639757212711498,0.2681891918182373,japan_138_332,0,0,0.006227409467101097
975,1240,japan,62,4.043682094160005,0.9797796041758463,0.037392809987068176,japan_125_304,0,0,3.672888851724565e-05
976,1241,japan,13,2.4708938752797813,0.9633304720390894,0.14769048988819122,japan_54_1183,0,0,0.007928555831313133
977,1242,japan,29,3.330951787233485,0.9892067568197193,0.05200127139687538,japan_984_1690,0,0,0.0002094652591040358
978,1243,japan,57,3.9729273613662306,0.9826556969420084,0.046610258519649506,japan_540_904,0,0,0.013792847283184528
979,1244,japan,60,3.440189643150271,0.840229636482572,0.13785569369792938,japan_598_1191,0,0,7.442772766808048e-05
980,1245,japan,66,4.111466167801447,0.9813377046464786,0.030669361352920532,japan_173_747,0,0,0.00033170561073347926
981,1246,japan,53,3.924266537160269,0.9884075585891429,0.03520948439836502,japan_696_1391,0,0,0.00013579450023826212
982,1247,japan,76,4.254910638163829,0.9824919485535701,0.03310065716505051,japan_1237_1356,0,0,3.569687396520749e-05
983,1248,japan,121,1.132543068245335,0.23615357207065274,0.6148677468299866,japan_148_1608,1,0,0.06404118984937668
985,1250,japan,75,4.269370103090209,0.9888550913909315,0.02185642533004284,japan_173_1026,0,0,0.0006118547171354294
986,1251,japan,55,3.8882856874530547,0.9702925880438089,0.04726341739296913,japan_598_1191,0,0,5.379139838623814e-05
987,1252,japan,85,4.413675368077799,0.9934777936102487,0.027049092575907707,japan_1168_1519,0,0,2.105371095240116e-05
988,1253,japan,63,3.8258279510141016,0.9234138408881071,0.10550938546657562,japan_1079_1208,0,0,0.00010851545084733516
989,1254,japan,59,4.047809551249809,0.9927093514002326,0.03596151992678642,japan_812_1413,0,0,3.7077181332279e-05
990,1255,japan,72,4.134950073683104,0.9668629625532805,0.04103429615497589,japan_1237_1356,0,0,7.201804692158476e-05
991,1256,japan,27,3.2665724141197345,0.9911207826496361,0.05990856513381004,japan_922_1725,0,0,0.00014801831275690347
992,1257,japan,37,3.579279187912942,0.991238038222776,0.049767620861530304,japan_347_348,0,0,0.00030682492069900036
993,1258,japan,48,3.832906101702352,0.9901077445739357,0.036428820341825485,japan_167_1141,0,0,0.00022580505174119025
994,1259,japan,102,4.402378630042904,0.9518712450369413,0.051868289709091187,japan_681_1100,0,0,0.0002008118317462504
995,1260,japan,109,3.5574516208886857,0.7583005375415317,0.13579712808132172,japan_463_756,0,0,8.926723239710554e-05
996,1261,japan,56,3.9824338487251474,0.9893381137084785,0.03384464606642723,japan_668_1332,0,0,0.0001122536850743927
997,1262,japan,46,3.5451417437144084,0.9259529364555639,0.06430181860923767,japan_830_1210,0,0,0.0009315113420598209
998,1263,japan,97,4.4263240975593545,0.9675636599467595,0.03104783035814762,japan_625_1180,0,0,0.0025224965065717697
999,1264,japan,20,2.870872495593833,0.9583207821799008,0.1331171989440918,japan_388_1102,0,0,0.0015002191066741943
1000,1265,japan,61,4.073411946137776,0.9908871156660827,0.0326465405523777,japan_782_930,1,0,0.0005401585367508233
1002,1267,japan,23,3.101802709762553,0.9892548020036411,0.07123494893312454,japan_753_1361,0,0,0.00010386164649389684
1003,1268,japan,105,4.577868912697925,0.9836501749618424,0.020520145073533058,japan_713_929,0,0,0.00012643284571822733
1004,1269,japan,31,3.219659518526639,0.9375863469501072,0.14974570274353027,japan_517_1421,0,0,3.473765900707804e-05
1005,1270,japan,38,3.379783190277304,0.9291280101339309,0.07694323360919952,japan_947_951,0,0,0.0002454293717164546
1006,1271,japan,31,3.3857749284424803,0.9859602633406159,0.06451696157455444,japan_1265_1292,0,0,0.003665327560156584
1007,1272,japan,72,4.196675924188325,0.9812961328750784,0.033991243690252304,japan_681_1100,0,0,9.121445327764377e-05
1008,1273,japan,100,4.48478267753708,0.9738581846948222,0.03850600868463516,japan_540_904,0,0,0.0001709743228275329
1009,1274,japan,71,4.193146966991575,0.983687982195369,0.026297058910131454,japan_173_1026,0,0,0.0010481012286618352
1010,1275,japan,82,3.9581414862699202,0.8982059587134316,0.09996511042118073,japan_712_756,0,0,0.00027151755057275295
1013,1280,japan,49,3.6791628088011716,0.9453578343756791,0.09860315173864365,japan_1079_1208,0,0,8.71288066264242e-05
1014,1281,japan,66,4.0345399200412375,0.9629767053525363,0.048443861305713654,japan_1308_1336,0,0,9.526163921691477e-05
1015,1282,japan,65,3.28532386264512,0.7870194235062565,0.13947021961212158,japan_1011_1287,0,0,4.1432758735027164e-05
1016,1283,japan,41,3.648001295638902,0.9823429383117915,0.05361323431134224,japan_346_772,0,0,0.000111519439087715
1017,1284,japan,104,3.080863530082886,0.6633514699747728,0.3086487054824829,japan_278_329,1,0,0.36456993222236633
1018,1285,japan,12,2.298897452317055,0.9251443922503831,0.16511063277721405,japan_128_1411,0,0,0.00010366462811361998
1019,1286,japan,161,2.8188531161995773,0.5547389882261803,0.24508287012577057,japan_411_869,0,0,0.00977481622248888
1020,1287,japan,50,3.843750058318253,0.9825479177869965,0.03753098472952843,japan_494_759,0,0,0.0019149838481098413
1021,1288,japan,77,4.301871222584681,0.9903462067941551,0.022790735587477684,japan_747_1170,0,0,0.0002942639112006873
1022,1289,japan,197,2.8910655546560857,0.5472182605660527,0.29589784145355225,japan_343_405,0,0,0.01902676373720169
1023,1290,japan,62,4.1009839622786055,0.9936637820999374,0.026928365230560303,japan_740_1120,0,0,0.00026196317048743367
1024,1291,japan,38,3.5766248569990418,0.983241275931199,0.05565587058663368,japan_809_1611,1,0,0.8262439966201782
1025,1292,japan,31,2.8804434089506845,0.8388043511602269,0.15517988801002502,japan_534_967,0,0,5.719702676287852e-05
1026,1293,japan,46,3.7083299173436517,0.9685759342058595,0.05783732607960701,japan_1265_1292,0,0,0.0264823529869318
1027,1294,japan,69,4.163847423958328,0.9834063974152168,0.02934323064982891,japan_747_1080,1,0,6.983912317082286e-05
1028,1295,japan,26,3.022730973769952,0.9277597942526102,0.08952194452285767,japan_54_1183,0,0,0.000626599823590368
1029,1296,japan,90,4.465438134327706,0.9923615578167251,0.02584756538271904,japan_1168_1519,0,0,3.3655895094852895e-05
1030,1297,japan,67,2.081736167001286,0.495098299790299,0.4473513960838318,japan_343_405,0,0,0.010644794441759586
1031,1298,japan,46,3.0611999511090198,0.7995525394246045,0.18576239049434662,japan_115_1190,0,0,0.17522089183330536
1032,1299,japan,83,3.4458127170685486,0.7798001835569176,0.20149876177310944,japan_217_1089,0,0,0.3156696557998657
1033,1300,japan,20,2.96248007745029,0.9889001442494552,0.08736102283000946,japan_782_930,1,0,0.0008390505099669099
1034,1301,japan,33,3.232442364313017,0.9244774414150814,0.10549481958150864,japan_500_587,0,0,6.957807636354119e-05
1035,1302,japan,82,4.348476722889802,0.9867832459690712,0.0393785759806633,japan_1168_1519,0,0,7.116550114005804e-05
1036,1303,japan,24,2.7463078013014495,0.864147666435459,0.2065725475549698,japan_782_930,1,0,0.0006508936639875174
1037,1304,japan,39,1.5712152064400677,0.4288764208731061,0.4478699564933777,japan_500_587,0,0,2.956002572318539e-05
1038,1305,japan,38,3.438967395422957,0.9453981966111371,0.08480606228113174,japan_747_1080,1,0,0.00023228672216646373
1039,1306,japan,9,1.6207215286380556,0.7376221554024847,0.43271926045417786,japan_382_1188,0,0,0.0009346161969006062
1042,1309,japan,77,3.1959301933658844,0.7357443262276805,0.17054049670696259,japan_32_125,0,0,3.755513171199709e-05
1043,1310,japan,77,4.017274459786558,0.9248283635302011,0.0565374493598938,japan_1011_1287,0,0,8.771585999056697e-05
1044,1311,japan,64,4.075925658248295,0.9800529556978166,0.04662388563156128,japan_1079_1208,0,0,7.915827154647559e-05
1045,1312,japan,15,2.5708301439030947,0.9493288355056102,0.15474379062652588,japan_207_773,0,0,0.0006069274968467653
1046,1313,japan,75,3.026879729572153,0.7010742473342763,0.32412829995155334,japan_115_1073,0,0,0.00030555218108929694
1047,1314,japan,70,4.083869859873764,0.9612508964241692,0.05112046003341675,japan_32_125,0,0,3.471351374173537e-05
1048,1315,japan,5,1.544773443238675,0.9598217062641284,0.3269209861755371,japan_530_1046,0,0,1.3667974599229638e-05
1049,1316,japan,90,4.190532152024514,0.9312687555775995,0.07456880062818527,japan_540_904,0,0,0.0002121987345162779
1050,1317,japan,25,3.171105005473651,0.9851591605288142,0.07501424849033356,japan_1080_1253,0,0,0.0009184237569570541
1051,1318,japan,50,3.8764855332729615,0.9909158325230004,0.03478072211146355,japan_760_1421,0,0,0.00014774022565688938
1052,1319,japan,66,3.9713759632942978,0.9479005330576352,0.05597443878650665,japan_511_745,0,0,0.00011094286310253665
1053,1320,japan,99,4.4504649383139245,0.9685198827150442,0.034338921308517456,japan_1011_1287,0,0,4.427326348377392e-05
1054,1321,japan,22,3.0503645132729362,0.9868400577801238,0.07339495420455933,japan_1240_1657,0,0,0.9625847935676575
1055,1322,japan,21,2.4846154129513716,0.8160936448243986,0.3075966536998749,japan_1099_1109,1,0,0.0023492376785725355
1056,1323,japan,96,4.510373143782374,0.988174642813982,0.024271057918667793,japan_558_1390,0,0,3.783444481086917e-05
1057,1324,japan,19,2.91690133061643,0.9906475736991479,0.07594753801822662,japan_591_933,0,0,0.00023650264483876526
1058,1325,japan,72,4.204895609521202,0.9832181172208585,0.037623073905706406,japan_1079_1208,0,0,0.00013696137466467917
1059,1326,japan,105,4.588234207880092,0.9858773738209423,0.022860804572701454,japan_1237_1356,0,0,6.659676728304476e-05
1061,1328,japan,83,4.348825597258959,0.9841553437310899,0.0325503796339035,japan_984_1279,0,0,0.0002217592700617388
1062,1329,japan,75,4.160725946850169,0.9636913495616454,0.04099306836724281,japan_244_835,0,0,0.0015483747702091932
1063,1330,japan,51,3.828936542878018,0.973831726160497,0.054931893944740295,japan_502_1421,0,0,0.0003479979350231588
1064,1331,japan,65,4.10458042095301,0.9832773424147654,0.03509790077805519,japan_922_1725,0,0,0.00032008063863031566
1065,1332,japan,61,3.5019685511937904,0.8518793489904437,0.1516679972410202,japan_167_347,0,0,0.005252583418041468
1066,1333,japan,63,4.096725669519566,0.9887985643874085,0.028719689697027206,japan_953_1191,0,0,9.879295248538256e-05
1067,1334,japan,77,0.004552160523332335,0.0010479660300690304,0.9994774460792542,japan_1168_1519,0,0,1.6258110235867207e-06
1069,1336,japan,70,4.188348583999007,0.9858428326681286,0.027836384251713753,japan_655_745,0,0,0.0004780609451700002
1070,1337,japan,21,2.3439055768223414,0.7698762695193089,0.33677294850349426,japan_1024_1647,1,0,0.013539278879761696
1071,1338,japan,53,3.721558455521387,0.9373513425595452,0.06527605652809143,japan_747_1080,1,0,0.0002395561896264553
1072,1339,japan,9,2.159244893353247,0.9827147009119037,0.16576078534126282,japan_1138_1564,0,0,3.522748011164367e-05
1073,1340,japan,32,3.3662201114444574,0.9712858122643225,0.055720388889312744,japan_794_813,0,0,8.479227835778147e-05
1074,1341,japan,162,0.9810962529851566,0.1928408207606635,0.7933485507965088,japan_343_405,0,0,0.10333114862442017
1075,1342,japan,158,3.2711748152974467,0.6461458587853085,0.15052400529384613,japan_177_222,1,0,0.40606221556663513
1076,1343,japan,11,2.376345185179553,0.9910129154249225,0.13931797444820404,japan_1051_1415,0,0,0.00010813449625857174
1077,1344,japan,57,4.0013341387904005,0.9896817709495697,0.0305514857172966,japan_228_1262,0,0,0.00012010691716568545
1078,1345,japan,20,2.6236962435939355,0.8758113222451985,0.21214835345745087,japan_85_1488,1,0,0.4272042512893677
1079,1346,japan,9,2.069762095954644,0.9419893247616485,0.27036240696907043,japan_24_1358,1,0,0.22207221388816833
1080,1347,japan,12,2.3976659606890847,0.9648917639999238,0.15717004239559174,japan_1089_1146,0,0,0.005117497872561216
1081,1348,japan,17,2.79164869211337,0.9853295015604652,0.10395650565624237,japan_388_1102,0,0,0.03104478493332863
1082,1350,japan,30,2.807938636842898,0.8255735618232972,0.2450972944498062,japan_1099_1109,1,0,0.0013950638240203261
1083,1351,japan,42,2.40189889658048,0.6426193703240205,0.2855250835418701,japan_655_745,0,0,0.00012013991363346577
1084,1352,japan,71,4.231764933140261,0.9927475332906041,0.028979197144508362,japan_1171_1242,0,0,2.031223448284436e-05
1085,1353,japan,89,4.146080983728009,0.9236838634748724,0.060625165700912476,japan_1011_1287,0,0,4.5866312575526536e-05
1086,1354,japan,85,4.067402749235258,0.9155350070058158,0.09084068238735199,japan_1237_1356,0,0,0.00010216512600891292
1087,1355,japan,73,4.169004375706943,0.9716918276218598,0.040210213512182236,japan_1011_1287,0,0,4.0266542782774195e-05
1088,1356,japan,69,4.073231353371591,0.9620049351496012,0.04753351956605911,japan_1308_1336,0,0,0.00011141888535348698
1089,1357,japan,36,3.5401832787161327,0.9879069538952548,0.049444884061813354,japan_809_922,0,0,0.3309326767921448
1090,1358,japan,38,3.607198321298686,0.9916461529450108,0.04777159541845322,japan_600_1093,0,0,3.109455792582594e-05
1091,1359,japan,43,3.7028624160169183,0.9844896049446477,0.04236477613449097,japan_305_1203,0,0,0.002162762451916933
1092,1360,japan,83,4.095596831156617,0.9268487358268478,0.048141393810510635,japan_177_362,1,0,0.46564537286758423
1093,1361,japan,35,2.884327373256103,0.8112644172587128,0.14675123989582062,japan_405_490,0,0,0.017636587843298912
1094,1362,japan,3,1.0599592660475805,0.9648165025830998,0.4379484951496124,japan_554_782,0,0,0.24614733457565308
1095,1363,japan,20,2.9472722624532137,0.9838236508887737,0.08592289686203003,japan_79_309,1,0,0.06456130743026733
1096,1364,japan,85,4.167899937270506,0.9381560011449416,0.035705503076314926,japan_1520_1668,1,0,0.8020957708358765
1097,1365,japan,42,3.3425627458268083,0.8942905840249133,0.12743857502937317,japan_1089_1515,0,0,0.3817077577114105
1098,1366,japan,11,2.287004662454883,0.9537550235819611,0.19885890185832977,japan_79_309,1,0,0.11231779307126999
1099,1367,japan,16,2.7405242581058267,0.9884351891512955,0.10037434846162796,japan_249_1146,0,0,0.1584625542163849
1101,1369,japan,10,2.147282329773086,0.9325528669088098,0.20232409238815308,japan_690_1099,0,0,0.00022886732767801732
1102,1370,japan,32,2.0428755986505562,0.589449299065246,0.533094584941864,japan_1109_1477,0,0,3.5892604500986636e-05
1103,1371,japan,2,0.5056861116744695,0.7295508455591797,0.7961555123329163,japan_703_966,0,0,7.754542457405478e-05
1104,1372,japan,69,3.4996248548565667,0.8265320796859466,0.10716849565505981,japan_1151_1184,0,0,0.0007640174590051174
1105,1373,japan,74,4.243225357930265,0.9858645875570127,0.030568625777959824,japan_1287_1332,0,0,3.6043253203388304e-05
1106,1374,japan,26,3.235480850386662,0.9930586195433749,0.05680128186941147,japan_697_785,0,0,4.716689727501944e-05
1107,1376,japan,8,1.889400614638125,0.9086096323303275,0.24945278465747833,japan_185_1125,0,0,6.258754729060456e-05
1108,1377,japan,40,3.6429161209479695,0.9875400284184653,0.05857629328966141,japan_591_1151,0,0,0.00012874463573098183
1109,1378,japan,128,2.11130423820066,0.4351383077514205,0.3181418478488922,japan_72_405,0,0,0.1270456463098526
1110,1380,japan,81,1.075942798321422,0.2448413351597016,0.508258044719696,japan_1011_1287,0,0,0.0013517116894945502
1111,1381,japan,32,3.261156316350893,0.9409708090326306,0.08950576186180115,japan_978_1258,1,0,0.5060262680053711
1113,1383,japan,41,3.434529347047023,0.9248586765935776,0.08393346518278122,japan_830_1210,0,0,7.148551230784506e-05
1114,1384,japan,18,2.473547873275872,0.8557888328788235,0.14112356305122375,japan_101_119,1,0,0.9259719848632812
1115,1385,japan,19,0.45749050393547935,0.15537442180750957,0.9104008078575134,japan_753_1361,0,0,2.5509863917250186e-05
1116,1386,japan,151,4.410830493886814,0.8791278615798521,0.06264560669660568,japan_669_1320,0,0,0.0001239802804775536
1117,1387,japan,100,2.862549465954574,0.6215947186195859,0.3414604663848877,japan_712_756,0,0,0.00024294292961712927
1118,1388,japan,115,2.416002029976444,0.5091752557501463,0.43865159153938293,japan_343_405,0,0,0.022181043401360512
1119,1389,japan,41,3.6625598040056957,0.9862632899584781,0.047170646488666534,japan_747_1080,1,0,9.131827391684055e-05
1120,1390,japan,40,3.648846761740231,0.9891477363595984,0.03782880678772926,japan_1164_1170,0,0,0.00028805554029531777
1121,1391,japan,34,3.476541891415984,0.9858725071210351,0.060143325477838516,japan_953_1191,0,0,3.319345705676824e-05
1122,1392,japan,40,3.617897269914645,0.9807577924184727,0.046377185732126236,japan_922_1725,0,0,0.00030488293850794435
1123,1393,japan,42,3.373182686417392,0.9024828384822902,0.10090772807598114,japan_824_1437,0,0,0.0006929939263500273
1124,1394,japan,84,4.399349539745984,0.9928980906848723,0.024304945021867752,japan_346_772,0,0,4.1837385651888326e-05
1125,1395,japan,43,3.712885351034344,0.9871544285937816,0.04320409521460533,japan_558_1390,0,0,4.962009552400559e-05
1127,1397,japan,25,3.022405188333242,0.938962964952833,0.11542569845914841,japan_978_1258,1,0,0.5728827714920044
1128,1398,japan,19,2.4798510314960445,0.8422151211291466,0.22358326613903046,japan_388_1102,0,0,0.000558139116037637
1130,1400,japan,19,2.836084331612848,0.9632002400728077,0.09800905734300613,japan_157_1177,0,0,0.0007066745893098414
1131,1401,japan,3,0.7685383124990243,0.6995537192022064,0.6264235973358154,japan_729_1560,0,0,6.270183075685054e-05
1132,1402,japan,33,3.4182110090196556,0.9776072120336025,0.08299343287944794,japan_181_414,0,0,0.0015294330660253763
1133,1403,japan,55,3.930933161682736,0.9809349460056681,0.04761933162808418,japan_601_835,0,0,0.0004859009641222656
1134,1404,japan,68,4.175788367973023,0.9896387587704952,0.029994817450642586,japan_922_1725,0,0,0.000463396921986714
1135,1405,japan,99,4.535956252363774,0.9871246888654965,0.024940703064203262,japan_668_1332,0,0,4.849348988500424e-05
1136,1406,japan,95,4.4530176687133345,0.9778520093344558,0.024233495816588402,japan_681_1100,0,0,5.357464760891162e-05
1137,1407,japan,63,4.1184914875001315,0.9940520305230662,0.032197125256061554,japan_812_1413,0,0,3.399724664632231e-05
1138,1408,japan,60,3.939815784001564,0.9622579937100677,0.048577431589365005,japan_1308_1336,0,0,0.00012261878873687238
1139,1409,japan,88,4.423454347839412,0.9879655096608866,0.027635978534817696,japan_1011_1287,0,0,4.119989898754284e-05
1140,1410,japan,82,3.983672631365735,0.9039996441431682,0.0726073682308197,japan_1237_1356,0,0,0.00011087136954301968
1141,1411,japan,99,4.538374199265941,0.9876508877419189,0.021910691633820534,japan_1011_1287,0,0,4.3949559767497703e-05
1142,1412,japan,10,2.1067538717613425,0.914951581234262,0.21313941478729248,japan_87_1673,1,0,0.49285244941711426
1143,1413,japan,86,4.225035700585934,0.9485195966061192,0.06007790192961693,japan_1011_1287,0,0,4.919566345051862e-05
1144,1414,japan,95,4.4647934080864315,0.9804378805939132,0.024076713249087334,japan_681_1100,0,0,5.277724267216399e-05
1145,1415,japan,98,4.504498666416084,0.9824494257311895,0.02284366264939308,japan_681_1100,0,0,5.357107147574425e-05
1146,1416,japan,53,2.8602086090394,0.7204025979239501,0.24775460362434387,japan_1079_1208,0,0,0.00015089064254425466
1147,1417,japan,41,3.6928500851998085,0.9944199328484045,0.037226930260658264,japan_534_967,0,0,5.721715933759697e-05
1148,1418,japan,9,1.6858603183244028,0.767268096176239,0.36275163292884827,japan_554_782,0,0,0.002214455511420965
1149,1419,japan,112,3.3610132113996904,0.7123056088550441,0.17286598682403564,japan_269_1567,1,0,0.6026689410209656
1150,1420,japan,42,3.301501814020119,0.8833048800970343,0.09120774269104004,japan_405_1642,0,0,0.30142322182655334
1151,1421,japan,43,2.8274985244171496,0.7517543436786163,0.25540030002593994,japan_68_115,0,0,0.10187267512083054
1152,1422,japan,152,1.8396036292892888,0.36617185095385313,0.4846128523349762,japan_135_223,1,0,0.14599229395389557
1153,1423,japan,11,2.3792897014354164,0.9922408740806927,0.1157115027308464,japan_24_707,0,0,0.2076060175895691
1154,1424,japan,154,2.370010866433593,0.4705247504806618,0.41629043221473694,japan_268_1540,0,0,0.013298191130161285
1155,1425,japan,3,1.0856399835906387,0.9881920990587154,0.3809904456138611,japan_743_1450,0,0,0.00014069715689402074
1156,1426,japan,86,3.034013603866479,0.6811353947228919,0.17154625058174133,japan_535_868,0,0,0.09817708283662796
1157,1427,japan,113,3.7511631951267512,0.7934959726127364,0.13769370317459106,japan_343_405,0,0,0.32519930601119995
1158,1428,japan,14,2.5258640360088553,0.9571084370406969,0.20411443710327148,japan_1424_1425,0,0,0.005888435989618301
1159,1429,japan,136,2.4466793236429565,0.49803606818523255,0.2398349642753601,japan_72_405,0,0,0.03781266510486603
1160,1430,japan,42,3.339778839559864,0.8935457599630631,0.09677905589342117,japan_134_225,0,0,0.000156181791680865
1161,1431,japan,19,1.8257570969336023,0.620069598946305,0.4282642602920532,japan_1015_1484,0,0,0.007843017578125
1162,1432,japan,74,4.155023411252742,0.9653718801356524,0.05573451891541481,japan_167_347,0,0,0.00012974966375622898
1163,1433,japan,36,3.5571664194251107,0.9926461895462027,0.04393019527196884,japan_740_1120,0,0,9.587075328454375e-05
1164,1434,japan,19,2.927202991446509,0.9941462574562131,0.07564329355955124,japan_497_1042,0,0,0.00035282500903122127
1165,1435,japan,46,3.8076603201194485,0.9945199682610948,0.03328116610646248,japan_305_1203,0,0,9.375009540235624e-05
1166,1436,japan,133,4.4762591265203815,0.9153250635395953,0.06928840279579163,japan_712_756,0,0,0.0001310672814724967
1167,1437,japan,214,2.38742929004189,0.4449198586349194,0.2340461164712906,japan_183_343,1,0,0.9567452073097229
1168,1438,japan,129,1.946668609450025,0.40056455835679866,0.49200230836868286,japan_72_355,1,0,0.0754154771566391
1170,1441,japan,13,2.2864782347958292,0.8914321166397987,0.1598614901304245,japan_152_888,1,0,0.01277809776365757
1171,1442,japan,84,3.807000694699375,0.8592096824434744,0.09508299827575684,japan_343_405,0,0,0.8052590489387512
1172,1443,japan,48,2.930140266978804,0.7569072901981948,0.2749696671962738,japan_167_347,0,0,0.006534412503242493
1173,1444,japan,199,3.7075469858866965,0.7004219686289591,0.14586949348449707,japan_183_336,1,0,0.805687427520752
1174,1445,japan,21,2.629046171863401,0.8635331897337899,0.15555384755134583,japan_1015_1484,0,0,0.007411477155983448
1175,1446,japan,64,2.9572219688247396,0.7110615782052249,0.14999373257160187,japan_101_436,1,0,0.9919579029083252
1176,1448,japan,71,2.3484259740692495,0.5509271260827752,0.23803257942199707,japan_999_1540,0,0,0.001080327550880611
1177,1449,japan,143,2.0089149466909912,0.40479102135135414,0.35431763529777527,japan_411_869,0,0,0.009711616672575474
1178,1450,japan,16,2.7240588229621787,0.9824965387443405,0.10194467008113861,japan_1109_1477,0,0,7.324339094338939e-05
1179,1453,japan,93,3.8878469145426613,0.857752139895764,0.10288570076227188,japan_489_917,0,0,0.000222568676690571
1181,3,usa,9,2.1416460303582356,0.9747051131908583,0.17644530534744263,usa_26_47,0,0,2.9051117962808348e-05
1182,5,usa,6,1.5990517623520308,0.8924477809741681,0.40506500005722046,usa_26_47,0,0,1.8204487787443213e-05
1183,6,usa,3,1.0231053082304424,0.9312705845214899,0.46893686056137085,usa_47_84,0,0,1.9797180357272737e-05
1186,10,usa,6,1.7496212135190192,0.9764821917044534,0.2489699125289917,usa_43_67,1,1,0.999600350856781
1188,17,usa,6,1.5588618928233424,0.8700173877104989,0.4099161624908447,usa_43_119,1,1,0.9998579025268555
1189,18,usa,3,0.9806546077197056,0.8926302917188293,0.4813846945762634,usa_64_99,1,1,0.9998552799224854
1190,22,usa,6,1.7056098139762774,0.9519189619302565,0.2360154092311859,usa_83_104,0,0,0.00013068527914583683
1191,24,usa,3,1.0127900641879697,0.9218812447618024,0.42552727460861206,usa_22_119,1,1,0.9999064207077026
1193,29,usa,2,0.6931339346442481,0.9999808901831116,0.5025734901428223,usa_39_112,0,0,1.3683106203643547e-07
1197,33,usa,13,2.320489086255078,0.9046919696502723,0.2060442566871643,usa_43_119,1,1,0.9992433786392212
1198,35,usa,3,1.0936260183934357,0.9954613012014283,0.3808296024799347,usa_10_69,1,0,3.138509100608644e-06
1200,40,usa,3,1.0542794725062887,0.9596465317026742,0.47691312432289124,usa_92_104,1,0,0.001425775233656168
1201,42,usa,3,0.9026093483393519,0.8215904351785653,0.5810918211936951,usa_10_99,1,0,9.736558422446251e-05
1202,43,usa,3,1.0619806654000328,0.9666564595663799,0.4624651372432709,usa_73_109,0,0,0.0002284539514221251
1203,45,usa,6,1.4278749854559707,0.7969122027696849,0.487101286649704,usa_43_119,1,1,0.9998216032981873
1204,46,usa,6,1.4758023902761352,0.8236609967028422,0.4603796899318695,usa_43_119,1,1,0.9998525381088257
1206,51,usa,3,0.9170363880518402,0.8347224926489752,0.6283612847328186,usa_26_47,0,0,1.3867664165445603e-05
1207,52,usa,6,1.4208523441871184,0.7929927920510811,0.4912113547325134,usa_43_119,1,1,0.9998206496238708
1211,57,usa,4,1.351717658038187,0.9750581809668681,0.33774757385253906,usa_47_84,0,0,3.164957888657227e-05
1212,60,usa,3,0.9956870713651329,0.9063134298017391,0.4983811378479004,usa_12_30,1,0,0.0012150679249316454
1213,61,usa,6,1.106235879560206,0.6174019998548167,0.6454938054084778,usa_43_119,1,1,0.999667763710022
1215,63,usa,3,1.0292458836802276,0.9368599771699462,0.5035567879676819,usa_106_112,0,0,1.0835867669811705e-07
1217,65,usa,3,1.0260865518376732,0.9339842293969218,0.5107147097587585,usa_12_35,1,0,9.780170330486726e-06
1220,69,usa,3,0.9996806918748813,0.9099485798459735,0.5129933953285217,usa_14_106,0,0,8.43982161313761e-06
1222,75,usa,3,1.095415040486263,0.9970897392876218,0.37104955315589905,usa_8_104,0,0,5.4103358706925064e-05
1225,82,usa,3,1.074228141800349,0.9778045930131342,0.4113650619983673,usa_8_83,0,0,0.0002420823002466932
1235,99,usa,9,1.6505208276096395,0.7511844008274429,0.402317076921463,usa_43_119,1,1,0.9997380375862122
1237,107,usa,3,1.0675332994869031,0.9717106849233546,0.43568024039268494,usa_26_47,0,0,2.8853622779934085e-07
1244,118,usa,2,0.544295372591546,0.7852522348166341,0.7658053040504456,usa_39_73,0,0,0.0005935067310929298
1248,125,usa,6,0.6524031806764465,0.3641131479313581,0.8241704702377319,usa_43_119,1,1,0.9995038509368896
1249,126,usa,2,0.07978850279507854,0.11511047730241501,0.9845427870750427,usa_73_83,0,0,7.45609140722081e-05
1257,134,usa,3,1.0868750176771003,0.9893162755304339,0.3998030424118042,usa_8_104,0,0,4.67171921627596e-05
1259,137,usa,3,1.0532693513303542,0.9587270797846922,0.4694003760814667,usa_106_112,0,0,1.1866012528116698e-07
1262,144,usa,3,1.0741746837160946,0.9777559333678655,0.4340204894542694,usa_36_69,0,0,0.000407874962547794
1264,149,usa,3,1.0034921603653255,0.9134179279770281,0.5088140964508057,usa_14_106,0,0,9.630996828491334e-06
1265,150,usa,3,0.9858514550537434,0.8973606660170617,0.5261437892913818,usa_14_106,0,0,7.542505500168772e-06
1267,158,usa,3,1.0870873623077768,0.9895095599428393,0.39276570081710815,usa_15_110,0,0,9.988277582806404e-08
1273,178,usa,3,1.0552001594776632,0.9604845770994636,0.40078455209732056,usa_8_104,0,0,7.427344826282933e-05
1274,181,usa,3,0.893630538096231,0.8134175698868379,0.48785051703453064,usa_8_104,0,0,9.116200817516074e-05
1277,186,usa,2,0.5481449702565131,0.7908060302772998,0.7625309228897095,usa_12_62,0,0,0.00014154583914205432
1279,189,usa,2,0.6005694054867596,0.8664385030053812,0.7117587924003601,usa_12_62,0,0,0.0005161044537089765
1284,195,usa,3,1.035698655309777,0.9427335430276267,0.4828852415084839,usa_40_106,0,0,1.6894035070436075e-05
1285,199,usa,3,0.9565804114751364,0.87071701394751,0.5014014840126038,usa_92_106,0,0,5.363741729524918e-05
1291,219,usa,3,1.0233119012548073,0.9314586335962143,0.5196661353111267,usa_6_73,0,0,8.800197974778712e-05
1293,223,usa,3,1.0698607583321162,0.9738292292626272,0.447347491979599,usa_6_73,0,0,0.00015902347513474524
1294,224,usa,3,0.8493282636964232,0.7730919018993468,0.6346810460090637,usa_43_119,1,1,0.999727189540863
1295,227,usa,3,1.0150990190860458,0.9239829460825435,0.4980514645576477,usa_14_106,0,0,8.967362191469874e-06
1296,228,usa,3,1.0640398485660048,0.9685308088588572,0.4150211215019226,usa_12_101,1,0,0.0001652389910304919
1299,240,usa,3,0.8496657169864792,0.77339906512111,0.6013609766960144,usa_12_30,1,0,0.0005371770239435136
1300,242,usa,3,0.8507817469263681,0.7744149193504869,0.6031336188316345,usa_12_30,1,0,0.0005204252665862441
1302,244,usa,3,0.8633750693333442,0.7858778553988752,0.5935951471328735,usa_12_30,1,0,0.0005445590359158814
1303,246,usa,3,0.9176965466200562,0.8353233948735593,0.5580056309700012,usa_12_30,1,0,0.0007120468653738499
1307,254,usa,6,1.70448089841139,0.9512889021570137,0.2784929573535919,usa_21_47,0,0,2.119725468219258e-05
1308,256,usa,3,1.0846514745334805,0.9872923193390141,0.38930216431617737,usa_47_84,0,0,4.208283280604519e-05
1310,258,usa,3,1.0260878311948654,0.933985393918023,0.48595890402793884,usa_14_106,0,0,1.0258521797368303e-05
1312,260,usa,6,1.2045441104218158,0.6722688681761344,0.5848217010498047,usa_43_67,1,1,0.9982730150222778
1314,269,usa,3,1.0359228359632657,0.9429376010522831,0.48158976435661316,usa_26_47,0,0,2.831098413480504e-07
1315,271,usa,3,1.0529233868652643,0.9584121693575485,0.4645371437072754,usa_22_43,1,1,0.9998738765716553
1316,272,usa,3,0.7702291160799681,0.7010927549461027,0.6000334024429321,usa_64_99,1,1,0.9998125433921814
1317,276,usa,6,1.6461716941475641,0.9187459156316252,0.2709116041660309,usa_83_104,0,0,0.00010965372348437086
1318,279,usa,2,0.6931384280731901,0.9999873728307629,0.5020919442176819,usa_46_73,0,0,0.0001902001240523532
1319,280,usa,6,1.5737294796539056,0.8783151459118096,0.35398831963539124,usa_11_43,1,1,0.9998842477798462
1320,282,usa,3,1.0039297963447043,0.9138162814124419,0.5263790488243103,usa_22_43,1,1,0.9998480081558228
1321,283,usa,3,1.066781900420527,0.9710267320182883,0.3910660147666931,usa_8_12,0,0,0.00013085412501823157
1326,288,usa,3,0.947946597917066,0.8628581781715717,0.5188932418823242,usa_12_64,1,1,0.999134361743927
1331,297,usa,3,1.051315016652068,0.956948167698559,0.4708910286426544,usa_73_99,1,0,0.003721980843693018
1332,298,usa,6,1.7170576703536147,0.9583081322256809,0.31308668851852417,usa_73_109,0,0,0.00012985487410333008
1333,300,usa,6,1.736349080988177,0.9690748735019938,0.24955712258815765,usa_11_43,1,1,0.9999017715454102
1337,305,usa,3,0.8558794535983562,0.7790550519291678,0.6747188568115234,usa_26_47,0,0,1.2156740922364406e-05
1338,306,usa,6,1.6855251655943866,0.9407095062377779,0.28701233863830566,usa_11_43,1,1,0.9998922348022461
1341,310,usa,3,1.0941623153469786,0.9959494597256635,0.36267802119255066,usa_73_99,1,1,0.9996845722198486
1342,311,usa,3,1.083902602312517,0.9866106664677617,0.3908069133758545,usa_47_84,0,0,3.358647882123478e-05
1343,313,usa,2,0.6379412334253555,0.920354653841349,0.6645939350128174,usa_26_47,0,0,3.001497930199548e-07
1344,314,usa,6,1.3363440944772613,0.7458278398567635,0.5007365942001343,usa_43_73,1,1,0.9964411854743958
1345,315,usa,6,1.6617084076555593,0.9274171205421196,0.30195796489715576,usa_11_43,1,1,0.9998886585235596
1347,317,usa,2,0.6842232165258756,0.9871254413429762,0.5666984915733337,usa_73_83,0,0,0.0063409944996237755
1351,322,usa,3,1.0773684165152742,0.9806629942410435,0.42720529437065125,usa_12_35,1,0,1.5168429854384158e-05
1352,324,usa,3,1.002944383007569,0.9129193195385402,0.4401896893978119,usa_8_104,0,0,0.00011410585284465924
1355,327,usa,2,0.6931161165811863,0.9999551841518942,0.5039410591125488,usa_3_6,0,0,1.242754819941183e-06
1356,328,usa,3,1.0506630408682742,0.9563547137653391,0.45516929030418396,usa_14_106,0,0,1.533982140244916e-05
1358,332,usa,4,1.3006851926428253,0.9382460385917551,0.39219972491264343,usa_99_104,1,0,0.0020891805179417133
1361,335,usa,6,1.7410468060868594,0.971696723800185,0.2093106061220169,usa_8_104,0,0,9.532006515655667e-05
1362,336,usa,5,1.4951504432948641,0.9289892028413891,0.40563055872917175,usa_6_73,0,0,7.69817124819383e-05
1364,340,usa,3,1.0935509297796107,0.9953929525996517,0.37652191519737244,usa_6_73,0,0,0.00025508448015898466
1365,341,usa,6,1.6225791743907694,0.9055786796482378,0.2808311879634857,usa_83_104,0,0,0.00010627299343468621
1366,342,usa,3,1.0926334932076731,0.9945578658439321,0.3705821931362152,usa_8_83,0,0,0.0003816219686996192
1370,353,usa,5,1.601296891477649,0.994941699276775,0.23865720629692078,usa_15_110,0,0,1.12011363739839e-07
1374,358,usa,3,1.0632471827958168,0.9678092933812278,0.4463222920894623,usa_22_43,1,1,0.9998823404312134
1375,359,usa,3,1.0656821256873672,0.9700256739157131,0.4445834159851074,usa_22_43,1,1,0.9998745918273926
1376,361,usa,6,0.8079213183037164,0.45090947316259683,0.765927791595459,usa_22_116,1,1,0.9995970129966736
1379,366,usa,3,1.0131476038774796,0.9222066914122704,0.4913279414176941,usa_83_104,0,0,0.00011119068949483335
1380,368,usa,3,1.0336451254514982,0.940864339597572,0.48351091146469116,usa_26_47,0,0,2.925438593592844e-07
1382,370,usa,3,1.0435397544789762,0.949870819071303,0.44433847069740295,usa_47_84,0,0,2.359406039431633e-07
1383,373,usa,3,1.0848226880243328,0.9874481645745155,0.38515159487724304,usa_6_29,0,0,0.00026459104265086353
1384,374,usa,3,1.0414832199420794,0.9479988806649067,0.49483510851860046,usa_6_73,0,0,0.00010412769916001707
1387,379,usa,3,1.0930817801523278,0.9949659142057415,0.35898977518081665,usa_39_73,0,0,0.006373567506670952
1389,383,usa,3,0.9709190140144783,0.8837685724338302,0.579938530921936,usa_43_73,1,1,0.9996461868286133
1394,392,usa,9,2.0759581947910704,0.9448092908681346,0.23882336914539337,usa_22_99,1,1,0.9998477697372437
1397,396,usa,2,0.6500365796779888,0.937804549897858,0.6457522511482239,usa_8_73,0,0,0.0021755106281489134
1399,399,usa,3,0.7195711539129458,0.6549818906407007,0.742707371711731,usa_22_99,1,1,0.9996644258499146
1401,401,usa,3,1.091854117676001,0.9938484476627311,0.3830825686454773,usa_8_104,0,0,6.950520037207752e-05
1402,404,usa,3,1.066172332166523,0.9704718790821875,0.4478837251663208,usa_106_112,0,0,1.3000709486732376e-07
1407,415,usa,3,0.9982639479583325,0.908659003959046,0.5142297744750977,usa_14_106,0,0,8.641827662358992e-06
1408,416,usa,3,1.0702699168073193,0.9742016613566639,0.42632293701171875,usa_14_106,0,0,1.942851667990908e-05
1411,419,usa,3,1.007510594128018,0.9170756640174325,0.5051684379577637,usa_14_106,0,0,9.14333577384241e-06
1416,427,usa,5,1.5627875833232527,0.9710145208147272,0.3091607987880707,usa_15_110,0,0,6.427809421438724e-05
1417,430,usa,3,1.092633006780416,0.9945574230787617,0.3645871579647064,usa_8_73,0,0,0.0002993556554429233
1419,438,usa,2,0.6876828308059488,0.9921166097082265,0.5522225499153137,usa_78_101,1,0,0.0008820250513963401
1422,449,usa,2,0.6889253526862341,0.99390918986311,0.5459123253822327,usa_42_73,0,0,0.0002723724173847586
1424,453,usa,3,0.6388616794543981,0.5815169610280938,0.7463662028312683,usa_83_104,0,0,7.268238550750539e-05
1425,454,usa,3,1.0896424147275243,0.9918352688813813,0.3957267701625824,usa_73_101,1,0,0.005466904025524855
1430,466,usa,3,0.9748532086786682,0.8873496307423618,0.5495910048484802,usa_40_106,0,0,8.342974979314022e-06
1432,470,usa,3,1.0770618697442391,0.9803839633452516,0.3970048725605011,usa_92_106,0,0,9.976065484806895e-05
1435,474,usa,3,1.0912991781583874,0.9933433199453937,0.37943485379219055,usa_14_106,0,0,2.7848707759403624e-05
1439,484,usa,5,1.5979079708838149,0.9928360445213773,0.2535279095172882,usa_10_83,0,0,0.00010085297253681347
1440,487,usa,6,1.6393556540830123,0.9149418112405998,0.35478484630584717,usa_43_119,1,1,0.9998863935470581
1446,499,usa,3,0.9249397059339182,0.841916402605744,0.514282763004303,usa_64_99,1,1,0.9998372793197632
1451,514,usa,6,1.6803319479354821,0.9378111162763497,0.2905704081058502,usa_11_43,1,1,0.9998891353607178
1452,515,usa,6,1.7209199404709068,0.9604637062207529,0.26237252354621887,usa_43_73,1,1,0.9993852376937866
1453,516,usa,6,1.6456965475263061,0.9184807312531312,0.31753677129745483,usa_43_73,1,1,0.999298095703125
1454,517,usa,6,1.7187731234202157,0.9592655448115008,0.26258862018585205,usa_43_73,1,1,0.9993805885314941
1455,518,usa,6,1.6803924415412983,0.9378448784005942,0.29053205251693726,usa_11_43,1,1,0.9998891353607178
1456,519,usa,6,1.645752285665823,0.9185118393010998,0.3174994885921478,usa_43_73,1,1,0.9992986917495728
1457,527,usa,2,0.6328770137930944,0.9130485292919134,0.6718273162841797,usa_21_84,0,0,2.070211309046499e-07
1458,529,usa,3,1.0111525127074428,0.920390681168606,0.5370268225669861,usa_26_47,0,0,2.3705939383944497e-05
1459,530,usa,6,1.6546302856192037,0.923466745417603,0.2938229441642761,usa_47_84,0,0,1.046640954882605e-05
1461,532,usa,3,0.998367259153575,0.9087530418615054,0.5249613523483276,usa_40_106,0,0,1.05717008409556e-05
1462,533,usa,9,2.122206464811365,0.9658577856361857,0.17714734375476837,usa_3_104,1,1,0.9991216063499451
1463,536,usa,6,1.640833036359765,0.915766353988734,0.29322370886802673,usa_40_104,0,0,4.3610925786197186e-05
1464,537,usa,3,0.6739258148687757,0.6134337125300156,0.7253298759460449,usa_83_104,0,0,9.400719864061102e-05
1466,543,usa,6,1.2610485401961777,0.7038045908804245,0.5508527159690857,usa_22_99,1,1,0.9996368885040283
1468,548,usa,3,1.0911480367618551,0.9932057451175028,0.3907504379749298,usa_83_104,0,0,6.705910345772281e-05
1469,552,usa,3,1.0166793007743615,0.9254213804643686,0.5080633163452148,usa_22_43,1,1,0.9998661279678345
1470,554,usa,3,1.0085577912667723,0.918028863931138,0.5168774127960205,usa_22_43,1,1,0.9998664855957031
1471,555,usa,3,1.0912891084765073,0.9933341541259467,0.36218899488449097,usa_8_104,0,0,0.0001654748630244285
1476,561,usa,3,1.0941348189076068,0.9959244313879547,0.36098334193229675,usa_104_106,0,0,1.9268465621280484e-05
1477,562,usa,3,0.9488665162204687,0.8636955238966209,0.5143677592277527,usa_12_64,1,1,0.9989181756973267
1478,563,usa,3,1.0444593811616887,0.9507078993517606,0.47694751620292664,usa_22_43,1,1,0.9998711347579956
1484,574,usa,3,0.9429190385780304,0.8582818964469874,0.6039003133773804,usa_73_109,0,0,7.983165414771065e-05
1486,577,usa,3,1.0116691099126662,0.9208609082091662,0.5134660005569458,usa_22_43,1,1,0.9998714923858643
1488,579,usa,3,1.0333973049461642,0.9406387636524545,0.5087156891822815,usa_26_47,0,0,2.3918148144730367e-05
1489,580,usa,6,1.608962428302906,0.8979790289575511,0.3329470157623291,usa_11_43,1,1,0.9998929500579834
1490,581,usa,3,1.041943284648663,0.9484176496076255,0.4622249901294708,usa_83_104,0,0,0.00012104178313165903
1491,582,usa,3,1.081172958307085,0.9841260374192909,0.4057141840457916,usa_14_106,0,0,2.4257546101580374e-05
1492,585,usa,10,2.214712544841613,0.9618374372266206,0.16930752992630005,usa_73_99,1,1,0.9983986020088196
1493,587,usa,3,1.015287972720209,0.9241549390923727,0.47643762826919556,usa_47_84,0,0,2.0130135453655384e-05
1495,589,usa,2,0.6851376018740929,0.9884446205503108,0.5631987452507019,usa_26_47,0,0,3.372654191480251e-07
1496,590,usa,10,2.2263565541617543,0.966894366221588,0.16348150372505188,usa_73_99,1,1,0.998439371585846
1497,591,usa,3,1.0232046089562585,0.9313609719373602,0.5005874633789062,usa_22_43,1,1,0.9998737573623657
1499,594,usa,5,1.2132129605968305,0.7538115954793047,0.553387463092804,usa_83_104,0,0,0.00021910567011218518
1502,599,usa,3,1.0797214494827767,0.9828048171496104,0.42164093255996704,usa_12_35,1,0,1.364707168249879e-05
1503,601,usa,2,0.5807108035887718,0.837788596528166,0.7325452566146851,usa_73_96,0,0,0.0005870112800039351
1505,604,usa,3,1.082388575003983,0.98523253942135,0.4033728539943695,usa_14_106,0,0,2.3835380488890223e-05
1508,612,usa,6,1.7208335461737252,0.9604154886454225,0.2177448719739914,usa_8_104,0,0,0.00010524183016968891
1509,613,usa,5,1.4507639284527054,0.9014103105466071,0.4456368684768677,usa_6_73,0,0,6.947816291358322e-05
1511,616,usa,3,0.7848317994653966,0.7143846901775317,0.5264597535133362,usa_8_104,0,0,6.060168379917741e-05
1512,617,usa,6,1.6832701732475364,0.939450971046209,0.24679942429065704,usa_83_104,0,0,0.00012712011812254786
1514,622,usa,3,1.01297166210259,0.9220465423071634,0.534420371055603,usa_26_47,0,0,1.6168617378298222e-07
1515,628,usa,4,1.336139591264867,0.9638209811266152,0.3658493757247925,usa_15_110,0,0,7.220116771122775e-08
1520,634,usa,3,1.0552838423485524,0.9605607485311437,0.4611947238445282,usa_22_43,1,1,0.9998699426651001
1521,635,usa,10,1.8274406670010892,0.7936473976841709,0.3149273097515106,usa_22_99,1,1,0.9995893836021423
1522,636,usa,6,1.3575230086498604,0.7576480169153078,0.5260911583900452,usa_22_116,1,1,0.9998637437820435
1524,640,usa,3,0.7189263406354196,0.6543949563016466,0.6311287879943848,usa_64_99,1,1,0.9997112154960632
1526,643,usa,3,1.027136066733028,0.934939539023603,0.4770911633968353,usa_83_104,0,0,0.0001095962361432612
1529,646,usa,3,0.8821656702861351,0.8029817974779973,0.5682197213172913,usa_47_84,0,0,1.5343421466695872e-07
1532,650,usa,3,0.951154017198057,0.865777697017369,0.5962662696838379,usa_6_73,0,0,5.333119406714104e-05
1533,651,usa,3,1.096233120898119,0.9978343881690281,0.36283668875694275,usa_8_104,0,0,6.644902896368876e-05
1536,655,usa,3,1.0850834200184654,0.9876854930632116,0.372553288936615,usa_39_73,0,0,0.0052337320521473885
1537,657,usa,3,1.0978729542933237,0.9993270288504761,0.34528490900993347,usa_73_99,1,1,0.9997336268424988
1540,660,usa,3,1.0927045331033813,0.9946225291436612,0.37370625138282776,usa_26_47,0,0,0.00040712422924116254
1544,667,usa,2,0.6857436549125178,0.989318970263362,0.5607669353485107,usa_42_73,0,0,0.00021315424237400293
1545,671,usa,3,1.035521786626798,0.9425725502144175,0.49233490228652954,usa_6_73,0,0,9.372292697662488e-05
1546,672,usa,3,1.092327349385234,0.9942792017277584,0.3638300597667694,usa_73_99,1,1,0.9996637105941772
1547,673,usa,3,0.7561315961525037,0.6882606393099711,0.6789814829826355,usa_40_104,0,0,0.00010427913366584107
1548,674,usa,3,0.8392329629422629,0.7639027631483146,0.5043860673904419,usa_8_104,0,0,7.657456444576383e-05
1550,677,usa,3,1.0127442736651444,0.9218395644317191,0.5233891606330872,usa_106_112,0,0,8.840334686510687e-08
1551,678,usa,3,1.0299788953924143,0.9375271931839554,0.5021951198577881,usa_106_112,0,0,1.0143132556095225e-07
1555,686,usa,3,0.9908150660267676,0.9018787394304237,0.4613911211490631,usa_36_104,0,0,0.00012218064512126148
1558,692,usa,3,1.0116140159336773,0.9208107595083395,0.5010485649108887,usa_14_106,0,0,9.134349966188893e-06
1562,697,usa,3,1.0923827255739902,0.9943296073069855,0.3660362660884857,usa_104_106,0,0,1.6710775526007637e-05
1564,703,usa,3,1.0894565513079137,0.9916660887060568,0.3867015540599823,usa_15_110,0,0,1.0277231154987021e-07
1566,706,usa,3,1.0929444571156512,0.994840917391039,0.37478870153427124,usa_15_106,0,0,4.511058432399295e-05
1571,721,usa,3,0.9574534447349583,0.8715116830667498,0.5878291726112366,usa_99_116,1,1,0.9998132586479187
1572,725,usa,2,0.622076591588576,0.8974668137379477,0.6862394213676453,usa_42_73,0,0,0.00019359860743861645
1574,727,usa,3,1.0894321352646599,0.991643864265728,0.364719420671463,usa_8_12,0,0,0.0001541956589790061
1579,739,usa,2,0.44134419254266843,0.6367250779064516,0.8389880061149597,usa_12_53,0,0,8.247663208749145e-05
1584,747,usa,3,1.0617306907884705,0.9664289228692752,0.44683006405830383,usa_40_106,0,0,2.41450088651618e-05
1586,751,usa,3,0.9391467311727884,0.8548481942718411,0.5123783946037292,usa_92_106,0,0,4.624525899998844e-05
1588,753,usa,3,1.0843380902769657,0.987007064695727,0.4103015065193176,usa_92_106,0,0,5.2906296332366765e-05
1595,766,usa,4,1.3606739661475946,0.9815187916139261,0.3313785493373871,usa_3_104,1,0,6.119677709648386e-05
1598,774,usa,3,0.9622335214581718,0.8758626964065045,0.5860264301300049,usa_6_73,0,0,5.748788680648431e-05
1607,795,usa,3,0.9153239656356326,0.833163778593188,0.5199759006500244,usa_64_99,1,1,0.9998340606689453
1608,797,usa,10,2.2301736050742598,0.9685520903700329,0.16179169714450836,usa_73_99,1,1,0.9988338351249695
1609,798,usa,3,1.0112645064323909,0.9204926222501898,0.4599343240261078,usa_64_99,1,1,0.9998481273651123
1610,800,usa,10,2.2386692931910637,0.9722417208391319,0.15757325291633606,usa_73_99,1,1,0.9988033771514893
1611,801,usa,6,1.634934415965397,0.9124742712646452,0.342844694852829,usa_22_99,1,1,0.9998382329940796
1612,803,usa,10,2.2608175016417,0.9818605655532862,0.1464834362268448,usa_73_99,1,1,0.9987894892692566
1613,805,usa,10,2.2608870208900917,0.9818907573792488,0.14644448459148407,usa_73_99,1,1,0.998786985874176
1615,812,usa,3,1.0211550928801314,0.929495422009267,0.4550197720527649,usa_92_106,0,0,6.852230580989271e-05
1616,813,usa,3,1.0900539581634037,0.9922098718601794,0.3685958683490753,usa_15_113,0,0,8.029405051956928e-08
1617,814,usa,3,1.0835703931277114,0.9863082766363062,0.39041659235954285,usa_47_84,0,0,2.848403539701394e-07
1618,816,usa,3,0.9822801447950995,0.8941099193291892,0.5689421892166138,usa_26_47,0,0,1.7051688701030798e-05
1619,817,usa,6,1.762970384643362,0.9839325059646001,0.21784791350364685,usa_47_84,0,0,2.7182735720998608e-05
1621,819,usa,3,1.0386018412293476,0.9453761367338107,0.4705333411693573,usa_14_106,0,0,1.3261821550258901e-05
1622,820,usa,3,1.066413981736305,0.9706918379997005,0.4388355314731598,usa_40_106,0,0,2.896558362408541e-05
1623,821,usa,7,1.914964772975643,0.984097222528649,0.1766388863325119,usa_67_103,1,0,2.177454916818533e-05
1625,825,usa,6,1.6432097653959634,0.9170928317202691,0.291949599981308,usa_40_104,0,0,4.468853148864582e-05
1626,827,usa,3,0.9094344296494014,0.8278028919118899,0.5435947775840759,usa_99_104,1,0,0.0005173750105313957
1627,830,usa,2,0.6828392499550218,0.9851287996344492,0.571667492389679,usa_26_47,0,0,3.4343625543442613e-07
1630,833,usa,10,1.900348823493994,0.8253110077347782,0.30614322423934937,usa_64_99,1,1,0.9987263083457947
1631,835,usa,3,1.06376780371666,0.9682831829655819,0.46045711636543274,usa_26_47,0,0,1.849829089906052e-07
1633,837,usa,6,1.2342431911660006,0.6888442407382674,0.5629744529724121,usa_22_99,1,1,0.9995362758636475
1634,839,usa,3,1.035343669955068,0.9424104214328926,0.4401739537715912,usa_64_99,1,1,0.9998708963394165
1636,843,usa,3,0.8899211273131858,0.8100411186844375,0.6493723392486572,usa_92_104,1,0,0.0007000709883868694
1637,844,usa,3,1.0767590544784813,0.9801083290119375,0.38255274295806885,usa_39_73,0,0,0.0025232909247279167
1640,849,usa,3,1.0803608549910066,0.9833868291249226,0.41471660137176514,usa_22_43,1,1,0.9998835325241089
1641,850,usa,3,1.0866848684901274,0.98914319428154,0.36903220415115356,usa_8_104,0,0,0.0001876554888440296
1643,852,usa,3,1.0572060292510619,0.9623103984507161,0.41091564297676086,usa_15_113,0,0,5.653834023178206e-08
1647,857,usa,3,0.6822361110723065,0.6209980701193574,0.7083472609519958,usa_64_73,1,1,0.9988229870796204
1648,858,usa,6,1.4171782727235345,0.7909422537245462,0.47163036465644836,usa_22_99,1,1,0.9997183680534363
1649,859,usa,3,1.026170389966678,0.9340605421506292,0.4286140501499176,usa_60_104,0,0,0.00015933810209389776
1650,860,usa,3,1.0786937008360802,0.9818693200162747,0.42091238498687744,usa_6_73,0,0,0.00019017563317902386
1659,873,usa,6,1.1818553579133755,0.6596060342979826,0.58736252784729,usa_22_99,1,1,0.9994595646858215
1661,875,usa,3,0.9247490350955111,0.841742846529252,0.5981402397155762,usa_22_43,1,1,0.9998140931129456
1665,880,usa,3,1.0382326550848382,0.9450400890231511,0.5019640326499939,usa_26_47,0,0,2.4884129743441008e-05
1666,881,usa,3,0.868546053390805,0.7905846879282381,0.6417115926742554,usa_22_43,1,1,0.9997864365577698
1668,885,usa,6,1.6430780105161467,0.9170192979217434,0.3219841420650482,usa_64_73,1,1,0.9995243549346924
1671,892,usa,3,1.0672379514856405,0.9714418475870995,0.4409448802471161,usa_22_43,1,1,0.999884843826294
1673,895,usa,3,1.0568085817961679,0.9619486261867486,0.47127556800842285,usa_73_99,1,0,0.017151739448308945
1677,900,usa,3,1.0795680612469074,0.9826651971604191,0.4220881164073944,usa_12_35,1,0,1.6628666344331577e-05
1680,905,usa,3,0.7597877107669553,0.6915885782490885,0.6064798831939697,usa_64_99,1,1,0.9997543692588806
1681,907,usa,3,1.0819755950059646,0.9848566288273414,0.403887540102005,usa_14_106,0,0,2.5668925445643254e-05
1684,915,usa,6,1.7125196987489688,0.9557754420501402,0.22185832262039185,usa_8_104,0,0,0.00011768218973884359
1687,919,usa,3,1.0868710164825248,0.9893126334861779,0.4002286195755005,usa_6_73,0,0,0.000250384327955544
1689,925,usa,3,1.0510088357370437,0.9566694698192594,0.4823833703994751,usa_26_47,0,0,1.7098338389587298e-07
1692,932,usa,3,0.8627274235446876,0.7852883427970804,0.5493590831756592,usa_64_99,1,1,0.9998130202293396
1693,933,usa,3,0.8515773394706003,0.775139098892659,0.5604054927825928,usa_64_99,1,1,0.9998154044151306
1695,936,usa,10,2.0431309915732605,0.8873205154457863,0.23994803428649902,usa_22_99,1,1,0.9996747970581055
1697,940,usa,3,1.0342306736248286,0.9413973285140169,0.4411344826221466,usa_64_99,1,1,0.9998612403869629
1702,949,usa,3,0.8932330946915028,0.8130558013094901,0.560917317867279,usa_47_84,0,0,1.616927960412795e-07
1704,952,usa,3,1.0833755752729182,0.986130945782826,0.3876439034938812,usa_6_29,0,0,0.000245792354689911
1705,953,usa,3,0.8732391618306348,0.7948565393249847,0.6591607928276062,usa_6_73,0,0,4.856105806538835e-05
1710,960,usa,2,0.6903541871728126,0.995970562291148,0.5373523235321045,usa_25_73,0,0,0.011538805440068245
1711,962,usa,6,1.6320129348660646,0.9108437616178392,0.27779877185821533,usa_73_99,1,1,0.9995796084403992
1712,963,usa,3,0.7721719147805939,0.7028611665328519,0.7098914980888367,usa_73_99,1,0,0.0009652619482949376
1715,966,usa,3,1.090314500028071,0.9924470272855781,0.38208845257759094,usa_26_47,0,0,0.0002999441639985889
1716,972,usa,6,1.5534727182474108,0.8670096321113316,0.3823542296886444,usa_64_73,1,1,0.9988473653793335
1717,973,usa,6,1.435601030549113,0.8012241906373817,0.46113935112953186,usa_22_99,1,1,0.9997368454933167
1718,974,usa,13,2.299857181001353,0.896648183057096,0.21079838275909424,usa_22_99,1,1,0.9997038245201111
1719,975,usa,3,1.0868918129665222,0.9893315632616883,0.39759039878845215,usa_22_43,1,1,0.9998971223831177
1720,976,usa,2,0.2741529355564363,0.3955190805724222,0.9218802452087402,usa_42_73,0,0,0.00037890797830186784
1721,978,usa,3,0.7699037064402756,0.700796554327332,0.7277355790138245,usa_73_99,1,0,0.004448170308023691
1722,979,usa,3,1.063495731022077,0.9680355317264783,0.4174312353134155,usa_99_104,1,0,0.001984734321013093
1723,981,usa,3,1.0735586979095584,0.9771952389237109,0.4304652512073517,usa_6_73,0,0,0.00017571709759067744
1724,983,usa,3,0.9767349290742848,0.8890624464599958,0.5261805653572083,usa_40_104,0,0,0.00012847028847318143
1725,984,usa,3,0.8178251118248365,0.744416497303446,0.5976128578186035,usa_73_109,0,0,0.00013239764666650444
1731,996,usa,2,0.6835625837692579,0.9861723497411551,0.5691155791282654,usa_69_73,1,0,0.0020345263183116913
1732,997,usa,3,1.0367459650522783,0.94368684543768,0.4298921823501587,usa_36_104,0,0,0.00012883427552878857
1734,1003,usa,3,1.04355231806197,0.9498822549373709,0.4650937616825104,usa_14_106,0,0,1.312390395469265e-05
1735,1004,usa,3,1.0552092379600384,0.9604928406902397,0.44885188341140747,usa_14_106,0,0,1.6667387171764858e-05
1737,1006,usa,3,1.0917923462539523,0.9937922208912977,0.3778839707374573,usa_14_106,0,0,2.8240403480594978e-05
1742,1014,usa,3,1.088169372684915,0.9904944482317278,0.37533432245254517,usa_10_20,0,0,2.6842772058444098e-06
1743,1015,usa,3,1.0971107581718629,0.9986332480423397,0.35895583033561707,usa_20_91,0,0,4.217671403239365e-07
1744,1016,usa,3,1.0543449256165396,0.9597061096911293,0.45262208580970764,usa_15_110,0,0,7.972270310574459e-08
1745,1019,usa,3,1.0012529246278459,0.9113796877711094,0.4415222704410553,usa_8_104,0,0,9.429108467884362e-05
1746,1020,usa,3,1.0978789262238715,0.9993324647359194,0.35099920630455017,usa_8_104,0,0,7.758683932479471e-05
1750,1030,usa,3,1.0941989439484323,0.9959828005155231,0.3774963617324829,usa_73_101,1,0,0.007614918984472752
1752,1035,usa,6,1.5250466453127507,0.8511447387353771,0.39620622992515564,usa_99_116,1,1,0.9998041987419128
1755,1044,usa,6,1.6891711060705992,0.9427443443613255,0.3230060636997223,usa_64_73,1,1,0.9988905787467957
1758,1049,usa,3,1.0293848376743409,0.9369864585460845,0.5010313391685486,usa_73_99,1,0,0.003690215526148677
1759,1050,usa,2,0.4542884248863329,0.6553996577167709,0.8310053944587708,usa_12_53,0,0,9.62091435212642e-05
1761,1058,usa,3,1.09146387947768,0.9934932375468911,0.38171741366386414,usa_40_106,0,0,5.401056841947138e-05
1763,1060,usa,3,1.0224772279922267,0.9306988812511969,0.4997847378253937,usa_40_106,0,0,1.1921782061108388e-05
1764,1064,usa,3,1.0536029012206398,0.9590306899788673,0.4252380430698395,usa_92_106,0,0,9.395325469085947e-05
1765,1066,usa,3,1.0825600895989083,0.9853886587335899,0.41496437788009644,usa_92_106,0,0,5.2283270633779466e-05
1766,1069,usa,3,1.0929185676099746,0.9948173517474141,0.3742409348487854,usa_14_106,0,0,2.806790143949911e-05
1767,1071,usa,3,1.0386368119872105,0.9454079684894023,0.4704948961734772,usa_14_106,0,0,1.3250569281808566e-05
1768,1073,usa,3,1.083038689811566,0.985824299421023,0.4011419117450714,usa_14_106,0,0,2.5711357011459768e-05
1769,1077,usa,3,1.0925108518810878,0.9944462328976685,0.3754470944404602,usa_14_106,0,0,2.8674034183495678e-05
1774,1083,usa,3,0.7005494514972508,0.6376675909447126,0.6428930759429932,usa_64_99,1,1,0.999677300453186
1778,1092,usa,3,0.9576495247068029,0.8716901627486786,0.5903332233428955,usa_6_73,0,0,5.576237526838668e-05
1782,1100,usa,3,0.74655003579504,0.679539127220315,0.6139058470726013,usa_64_99,1,1,0.9997393488883972
1783,1103,usa,3,1.0922393470231462,0.9941990985257504,0.364698588848114,usa_58_69,0,0,0.0028146717231720686
1786,1109,usa,3,0.9832051278918994,0.8949518752278632,0.4630182385444641,usa_15_113,0,0,3.930364655957419e-08
1791,1116,usa,10,2.071969091943542,0.8998447433051716,0.26393717527389526,usa_64_73,1,1,0.998499870300293
1792,1117,usa,10,2.230398568620349,0.9686497907967289,0.17497345805168152,usa_64_73,1,1,0.9992448091506958
1794,1119,usa,3,0.9059639275533129,0.8246439047679396,0.5992013216018677,usa_43_73,1,1,0.9988806843757629
1796,1121,usa,3,0.776753780498273,0.7070317604402202,0.6861450672149658,usa_43_73,1,1,0.9986512064933777
1797,1123,usa,6,1.6692566093295829,0.9316298521077441,0.258228063583374,usa_73_99,1,1,0.9992175102233887
1799,1130,usa,3,0.9040866173502554,0.8229351033805699,0.5339031219482422,usa_92_106,0,0,3.459012077655643e-05
1801,1134,usa,3,1.0420206536878374,0.9484880739420085,0.4458726644515991,usa_47_84,0,0,2.3776797775099112e-07
1802,1135,usa,3,1.0570966771825527,0.9622108619084463,0.47264859080314636,usa_26_47,0,0,2.5768600607989356e-05
1803,1136,usa,6,1.323174910465311,0.7384779783166853,0.489869624376297,usa_26_47,0,0,2.818909524648916e-05
1804,1137,usa,6,1.763796135607914,0.9843933663528015,0.2166457623243332,usa_47_84,0,0,2.9786973755108193e-05
1807,1140,usa,7,1.8521957035864356,0.9518403018174434,0.20763835310935974,usa_67_103,1,0,1.4038222616363782e-05
1809,1144,usa,6,1.715414018216121,0.957390792501392,0.24919436872005463,usa_40_104,0,0,4.8765337851364166e-05
1811,1146,usa,3,1.0670535926629492,0.9712740369549112,0.41129595041275024,usa_6_29,0,0,0.00018445994646754116
1815,1153,usa,3,0.8654247974183928,0.7877435983058053,0.5960322022438049,usa_64_73,1,1,0.9994915723800659
1818,1157,usa,3,1.0843511379444677,0.9870189411945033,0.3977048695087433,usa_47_92,0,0,0.0007269515190273523
1819,1158,usa,3,1.0550412521069685,0.9603399333772571,0.4594570994377136,usa_22_43,1,1,0.9998838901519775
1821,1163,usa,3,1.0875008466783267,0.9898859296365109,0.4009718894958496,usa_92_106,0,0,6.084843334974721e-05
1822,1164,usa,3,1.0679762184106187,0.9721138471019359,0.452409029006958,usa_92_104,1,0,0.0015166953671723604
1826,1169,usa,6,1.4109292120612986,0.787454586562989,0.4731519818305969,usa_10_43,1,1,0.9997618794441223
1827,1170,usa,3,1.0425149242525742,0.9489379783985991,0.4095107316970825,usa_8_104,0,0,5.34913269802928e-05
1829,1172,usa,3,1.074747604577813,0.9782774284099545,0.3924912214279175,usa_15_113,0,0,6.718320832987956e-08
1832,1177,usa,6,1.0577036956534949,0.5903156722867418,0.6468806862831116,usa_64_73,1,1,0.9970157146453857
1833,1178,usa,3,1.0405213733531833,0.9471233701696962,0.48254159092903137,usa_22_43,1,1,0.9998621940612793
1834,1179,usa,3,1.0182693594949725,0.9268687142845088,0.43283021450042725,usa_60_104,0,0,0.00016035289445426315
1835,1180,usa,3,1.0840070686006802,0.9867057557811081,0.4137885570526123,usa_6_73,0,0,0.0001884140510810539
1838,1183,usa,3,1.0244759137255517,0.9325181634073687,0.4512193500995636,usa_17_89,0,0,0.0008464580168947577
1843,1188,usa,3,0.9042431556438348,0.8230775906758551,0.5339983105659485,usa_92_106,0,0,3.7885129131609574e-05
1844,1189,usa,3,1.0744999149873593,0.9780519716286964,0.4270341992378235,usa_22_43,1,1,0.9998811483383179
1846,1195,usa,3,0.8694628951804186,0.7914192332897552,0.662520706653595,usa_73_109,0,0,4.982844620826654e-05
1847,1197,usa,6,1.604720996605117,0.8956118408552238,0.36462005972862244,usa_10_43,1,1,0.9997923970222473
1848,1198,usa,3,0.8184291726797673,0.7449663371888737,0.6719748973846436,usa_92_106,0,0,3.783711508731358e-05
1849,1199,usa,3,0.9033739917439259,0.82228644359979,0.6133610010147095,usa_22_43,1,1,0.9998795986175537
1851,1202,usa,3,0.7446703455407858,0.6778281594169846,0.541479766368866,usa_8_104,0,0,4.122163591091521e-05
1854,1205,usa,3,1.0811019108819642,0.984061367265995,0.4231363832950592,usa_26_47,0,0,2.8542646759888157e-05
1855,1206,usa,3,0.7087926041184931,0.6451708318116393,0.7390809655189514,usa_22_43,1,1,0.9998358488082886
1857,1210,usa,3,1.0557300809524517,0.960966932412848,0.44856584072113037,usa_14_106,0,0,1.8057451597996987e-05
1862,1218,usa,3,0.9705333968907682,0.8834175686013702,0.5589874982833862,usa_22_43,1,1,0.9998329877853394
1863,1219,usa,3,1.0728145362857033,0.9765178738227277,0.421741783618927,usa_14_106,0,0,2.0572035282384604e-05
1864,1220,usa,3,1.0618413613187818,0.966529659527196,0.4439283609390259,usa_106_112,0,0,2.4370723622268997e-05
1868,1227,usa,3,0.9234427836851974,0.840553845255748,0.5332965850830078,usa_73_109,0,0,0.00014234821719583124
1871,1231,usa,3,0.9253922349438928,0.8423283122618095,0.5558848977088928,usa_64_73,1,1,0.9994945526123047
1872,1233,usa,3,1.0749059897494793,0.9784215968061212,0.41797417402267456,usa_14_106,0,0,2.2881285985931754e-05
1874,1239,usa,3,1.0418365258554225,0.9483204735662308,0.48080992698669434,usa_22_43,1,1,0.9998645782470703
1875,1241,usa,3,1.0975623216182517,0.9990442788045536,0.3545089066028595,usa_8_104,0,0,7.609942986164242e-05
1876,1242,usa,3,0.9854644520357847,0.8970084006892927,0.5629358291625977,usa_6_73,0,0,6.480549200205132e-05
1883,1254,usa,3,0.9634312277677731,0.8769528956714822,0.5870035886764526,usa_26_47,0,0,1.5407353259888623e-07
1885,1261,usa,6,1.777288944786524,0.9919238465374121,0.19722306728363037,usa_61_112,0,0,9.475560602822952e-08
1886,1263,usa,3,0.8675739011308279,0.789699796806953,0.5944467186927795,usa_64_73,1,1,0.9994940757751465
1887,1264,usa,3,0.9300556055017627,0.8465730950718794,0.5512036681175232,usa_64_73,1,1,0.9995715022087097
1889,1267,usa,3,0.9681290057070993,0.881228997429839,0.5610387921333313,usa_22_43,1,1,0.9998359680175781
1890,1268,usa,3,0.7378782566363076,0.6716457336653916,0.6753674149513245,usa_64_73,1,1,0.9990770816802979
1897,1282,usa,3,1.0940837131324614,0.9958779129067102,0.3653610050678253,usa_6_29,0,0,0.0003976154839619994
1898,1283,usa,3,0.9702610887519357,0.8831697030516752,0.5782761573791504,usa_6_73,0,0,6.042769382474944e-05
1908,1298,usa,3,1.0842006476140906,0.986881958992566,0.3967103660106659,usa_26_47,0,0,0.000269801530521363
1909,1299,usa,3,1.0356001514529556,0.9426438809531739,0.5056848526000977,usa_26_47,0,0,2.6062698452733457e-05
1911,1304,usa,3,1.0632921921639475,0.9678502626736661,0.44848859310150146,usa_22_43,1,1,0.9998767375946045
1912,1305,usa,3,1.0872338796859171,0.9896429258078051,0.39630326628685,usa_22_43,1,1,0.9998892545700073
1913,1306,usa,3,0.9115407090847184,0.829720110076153,0.6086211204528809,usa_22_43,1,1,0.9998100399971008
1915,1309,usa,3,1.0905449101595202,0.9926567556254354,0.3885996639728546,usa_10_92,1,0,0.0010389022063463926
1921,1320,usa,3,1.0707830945525967,0.9746687758706473,0.4390036463737488,usa_106_112,0,0,1.4224868039036664e-07
1924,1327,usa,3,1.077155982040741,0.9804696280492355,0.4330008327960968,usa_53_113,0,0,1.857256819448594e-07
1926,1332,usa,3,0.9583671979861175,0.8723434171194127,0.4801129400730133,usa_36_104,0,0,0.00011965082376264036
1929,1338,usa,3,1.0727839224991174,0.9764900079533015,0.42245134711265564,usa_14_106,0,0,2.1235577150946483e-05
1930,1339,usa,3,1.0111046165022641,0.9203470841638458,0.5012344717979431,usa_14_106,0,0,9.988227247959003e-06
1933,1342,usa,3,1.0111046003004727,0.9203470694163397,0.5012341141700745,usa_14_106,0,0,9.989132195187267e-06
1937,1348,usa,3,1.0893742213732411,0.9915911487699921,0.37400180101394653,usa_104_106,0,0,1.5898654964985326e-05
1939,1351,usa,3,1.0980243754549435,0.9994648583315238,0.34907281398773193,usa_20_91,0,0,5.158883595868247e-07
1943,1355,usa,3,1.0967279895541862,0.9982848370318085,0.3615129292011261,usa_8_104,0,0,6.828962796134874e-05
1950,1367,usa,2,0.6528402607451347,0.9418494066696637,0.6410006880760193,usa_64_73,1,1,0.9994301199913025
1955,1378,usa,3,1.0524111566105725,0.9579459172866629,0.4092925786972046,usa_8_104,0,0,0.00012579346366692334
1956,1380,usa,2,0.6288717580895387,0.9072701667509013,0.6773217916488647,usa_78_101,1,1,0.9996987581253052
1962,1388,usa,3,0.8829271403571683,0.803674917406554,0.5088666081428528,usa_53_73,0,0,0.0001413560676155612
1963,1395,usa,3,1.0317607406673266,0.9391490986489602,0.4877523183822632,usa_40_106,0,0,1.787000110198278e-05
1965,1397,usa,3,1.0271193269518952,0.9349243018181708,0.4933168292045593,usa_40_106,0,0,1.5546611393801868e-05
1966,1401,usa,3,1.0756411231050063,0.9790907440231236,0.3991815149784088,usa_92_106,0,0,0.00011096783418906853
1967,1402,usa,3,1.0726856499590443,0.9764005564324267,0.4377846419811249,usa_92_106,0,0,3.814804585999809e-05
1968,1403,usa,2,0.6500641074427784,0.9378442640676068,0.6457064151763916,usa_92_106,0,0,3.301681863376871e-05
1970,1407,usa,3,1.0111046227613532,0.9203470898611142,0.5012341737747192,usa_14_106,0,0,9.988874808186665e-06
1971,1408,usa,3,1.0856379416833393,0.9881902404345942,0.39511898159980774,usa_14_106,0,0,2.6109742975677364e-05
1973,1410,usa,3,1.011104608410074,0.9203470767980171,0.5012341737747192,usa_14_106,0,0,9.988874808186665e-06
1976,1414,usa,3,1.0883554726160254,0.990663843689097,0.38833606243133545,usa_14_106,0,0,2.832620157278143e-05
1984,1429,usa,6,1.7490212291264482,0.9761473340391946,0.2504352331161499,usa_6_29,0,0,0.00010304570605512708
1986,1433,usa,3,1.0018688731599412,0.9119403482866059,0.4938710331916809,usa_64_73,1,1,0.9996713399887085
1992,1441,usa,6,1.7545583973602827,0.9792376864714997,0.2465798258781433,usa_10_69,1,0,8.963274012785405e-05
1998,1455,usa,3,0.8357237635938707,0.7607085522473547,0.6479812860488892,usa_43_73,1,1,0.9988009929656982
1999,1456,usa,3,0.7009862973149277,0.63806522514395,0.6973153352737427,usa_64_73,1,1,0.9989200830459595
2001,1458,usa,3,0.8253489457182384,0.7512649860478449,0.6557391285896301,usa_43_73,1,1,0.998857855796814
2003,1460,usa,3,0.9439681041595223,0.8592367970905653,0.5698093771934509,usa_43_73,1,1,0.999018669128418
2005,1462,usa,3,0.9439681041595223,0.8592367970905653,0.5698093771934509,usa_43_73,1,1,0.999018669128418
2010,1473,usa,3,1.039621489286373,0.9463042603926691,0.5000365972518921,usa_26_47,0,0,2.070030677714385e-05
2011,1474,usa,3,1.0050392186765216,0.9148261211377579,0.5442328453063965,usa_26_47,0,0,1.9926339518860914e-05
2012,1475,usa,6,1.6746073960842338,0.9346161830559244,0.28268963098526,usa_47_84,0,0,1.4788740372750908e-05
2014,1477,usa,3,1.0818259511223483,0.984720417094449,0.4211738407611847,usa_28_106,0,0,1.7431664673495106e-05
2015,1478,usa,3,0.9888905554022132,0.9001269743678941,0.5345041155815125,usa_40_106,0,0,9.214099009113852e-06
2016,1479,usa,3,0.9399288542257112,0.8555601133546606,0.5794044137001038,usa_67_103,1,0,4.720028243809793e-07
2017,1480,usa,3,0.9902967806386853,0.9014069757396037,0.5167228579521179,usa_64_73,1,1,0.9982283711433411
2019,1484,usa,6,1.6497561253966158,0.9207464248018633,0.28948596119880676,usa_40_104,0,0,4.6210821892600507e-05
2020,1485,usa,6,1.7591083424667922,0.9817770591856674,0.23894211649894714,usa_6_29,0,0,0.00012871847138740122
2024,1493,usa,6,1.1035242971929158,0.615888636920863,0.627013623714447,usa_64_73,1,1,0.9965142607688904
2025,1495,usa,3,1.0810044280786286,0.9839726345944775,0.42340293526649475,usa_26_47,0,0,3.3427029848098755e-05
2027,1498,usa,3,1.0875708546396123,0.9899496536290493,0.39529362320899963,usa_22_43,1,1,0.9998931884765625
2028,1500,usa,3,0.4365330078678008,0.3973494674786741,0.86491459608078,usa_10_43,1,1,0.9995948672294617
2029,1504,usa,3,1.0951789953224942,0.9968748817203038,0.3707192838191986,usa_92_106,0,0,7.39955430617556e-05
2030,1505,usa,3,0.9605288887180838,0.8743110728194842,0.5897753238677979,usa_92_104,1,0,0.000868151371832937
2032,1508,usa,3,1.0719151462546055,0.9756992137363854,0.4310646951198578,usa_22_43,1,1,0.9998910427093506
2034,1510,usa,3,1.0231809211938299,0.9313394104068067,0.5042365789413452,usa_22_43,1,1,0.9998601675033569
2041,1519,usa,3,0.6614205867744262,0.6020509633806226,0.6937627792358398,usa_12_64,1,1,0.995912492275238
2042,1520,usa,6,1.6841791318451382,0.9399582704986258,0.2648422122001648,usa_12_22,1,1,0.9994283318519592
2043,1521,usa,2,0.6692428603671756,0.9655133558020693,0.6088880896568298,usa_60_104,0,0,9.824769222177565e-05
2044,1522,usa,3,0.9875734073274471,0.8989280545229661,0.5609194040298462,usa_6_73,0,0,6.89806547597982e-05
2049,1530,usa,3,1.0702831179592083,0.9742136775629499,0.4342626929283142,usa_22_43,1,1,0.9998890161514282
2052,1536,usa,3,1.0390810419631393,0.9458123240391363,0.4987746775150299,usa_73_109,0,0,0.00017781955830287188
2053,1538,usa,3,1.0608255171596928,0.9656049983254534,0.45083367824554443,usa_22_43,1,1,0.9998900890350342
2056,1543,usa,3,0.9461208039363928,0.8611962688706237,0.5149106383323669,usa_104_106,0,0,3.473484321148135e-05
2060,1547,usa,3,0.9798738763272594,0.8919196393799659,0.5714051723480225,usa_26_47,0,0,1.539025834063068e-05
2061,1548,usa,3,0.9599970140807903,0.8738269396609716,0.5686942934989929,usa_22_43,1,1,0.9998306035995483
2067,1562,usa,3,1.0563665236742699,0.9615462475437481,0.47389543056488037,usa_26_47,0,0,2.5987350454670377e-05
2068,1565,usa,3,1.0818602216079813,0.9847516114347877,0.4104804992675781,usa_22_43,1,1,0.9998886585235596
2069,1566,usa,3,1.0785364051785744,0.9817261433386348,0.4295424818992615,usa_28_106,0,0,1.4798473785049282e-05
2070,1567,usa,3,1.0877630177162452,0.9901245679993097,0.3924937844276428,usa_106_112,0,0,3.371515776962042e-05
2072,1570,usa,2,0.6814876952761749,0.9831789184017866,0.5762040019035339,usa_45_112,0,0,1.297717489023853e-07
2075,1575,usa,3,0.6927450022200456,0.630563675070381,0.6732985377311707,usa_73_109,0,0,9.125716314883903e-05
2079,1581,usa,3,1.0793391814717836,0.98245686181092,0.4275616407394409,usa_28_106,0,0,1.5889574569882825e-05
2081,1586,usa,3,1.0404096803891834,0.9470217028525253,0.4988979697227478,usa_26_47,0,0,1.9645667634904385e-05
2084,1590,usa,3,1.029103451455541,0.9367303297719007,0.5121915936470032,usa_6_73,0,0,8.68633360369131e-05
2090,1601,usa,3,0.9485424151394762,0.8634005143793093,0.5714053511619568,usa_28_104,0,0,1.2604421499418095e-05
2091,1602,usa,3,1.0461025236703423,0.9522035521180752,0.47894442081451416,usa_26_47,0,0,2.1379258896558895e-07
2093,1609,usa,3,1.0114926335854888,0.9207002725335982,0.4850722849369049,usa_64_73,1,1,0.9997020363807678
2094,1610,usa,3,0.4639581255112549,0.4223128853526018,0.8532691597938538,usa_10_43,1,1,0.9996193647384644
2097,1613,usa,10,2.2128749927708706,0.9610393985020873,0.18731696903705597,usa_10_43,1,1,0.9994174242019653
2098,1615,usa,3,0.5492859847624232,0.4999816499671088,0.7854759097099304,usa_64_73,1,1,0.9977097511291504
2106,1627,usa,6,1.782772394559604,0.994984218125928,0.20468395948410034,usa_6_29,0,0,0.00023705506464466453
2115,1639,usa,3,0.7688055056113732,0.6997969288541509,0.6913396120071411,usa_43_73,1,1,0.9987441301345825
2118,1648,usa,3,1.030181281838833,0.9377114132664233,0.4822940528392792,usa_10_12,1,1,0.9980213642120361
2120,1650,usa,3,0.9593946388941536,0.8732786341369482,0.5690966844558716,usa_22_43,1,1,0.999830961227417
2121,1651,usa,3,1.0064645812415318,0.9161235420565956,0.5227989554405212,usa_22_43,1,1,0.9998499155044556
2122,1652,usa,3,0.9723413366480362,0.8850632262878138,0.5572616457939148,usa_22_43,1,1,0.9998373985290527
2125,1655,usa,3,1.038488437464372,0.9452729121784826,0.4888518750667572,usa_10_92,1,0,0.00046528602251783013
2130,1663,usa,3,0.9143691777658478,0.8322946932210025,0.5392202734947205,usa_73_109,0,0,0.00013021657650824636
2132,1666,usa,3,1.000073233180356,0.9103058863402879,0.5374925136566162,usa_106_112,0,0,8.426918896020652e-08
2137,1675,usa,3,0.8934570294072299,0.8132596354719485,0.5127978920936584,usa_36_104,0,0,0.00011184554023202509
2141,1681,usa,3,1.0919950746650866,0.9939767522434639,0.3881745934486389,usa_28_106,0,0,2.9076618375256658e-05
2142,1682,usa,3,1.0739813266720333,0.9775799322016163,0.44010061025619507,usa_28_106,0,0,1.2182727004983462e-05
2144,1686,usa,3,1.0806247103119508,0.9836270005882003,0.42430225014686584,usa_28_106,0,0,1.4361603462020867e-05
2145,1688,usa,3,1.0796496287690553,0.982739443118697,0.4267882704734802,usa_28_106,0,0,1.5961961253196932e-05
2150,1693,usa,3,1.089410907235103,0.9916245416805214,0.3839045763015747,usa_47_92,0,0,0.0007216684170998633
2151,1694,usa,3,1.0612320625146048,0.9659750518548973,0.4134240448474884,usa_104_106,0,0,1.1142150469822809e-05
2157,1702,usa,3,1.0567028165402386,0.9618523545019875,0.4255949854850769,usa_97_104,0,0,0.00016566950944252312
2158,1703,usa,3,1.095784052937889,0.9974256288962055,0.3602977991104126,usa_104_106,0,0,1.8315762645215727e-05
2161,1719,usa,3,1.0755014752180228,0.9789636310384757,0.4085235297679901,usa_47_106,0,0,1.6990244944281585e-07
2167,1731,usa,5,1.4872510291991108,0.9240810209011449,0.3213329315185547,usa_73_109,0,0,3.892598397214897e-05
2168,1733,usa,3,1.0458948116070226,0.952014484450198,0.45641231536865234,usa_64_73,1,1,0.9989500641822815
2169,1734,usa,3,0.9979986870057216,0.9084175530346871,0.5093743205070496,usa_64_73,1,1,0.9983682036399841
2174,1742,usa,6,1.670803703589131,0.9324933018542744,0.22605262696743011,usa_53_87,0,0,0.00031106689129956067
2176,1749,usa,3,1.0771912370667824,0.9805017185568742,0.4037032127380371,usa_40_104,0,0,1.8306978745386004e-05
2177,1750,usa,3,1.0214902500726093,0.9298004952329465,0.49994581937789917,usa_40_106,0,0,1.4872523934172932e-05
2178,1754,usa,3,1.0521618702162996,0.9577190070319314,0.4267348051071167,usa_92_106,0,0,9.373472857987508e-05
2179,1755,usa,3,1.0950096300523349,0.9967207188077766,0.3715241253376007,usa_92_106,0,0,9.473847603658214e-05
2182,1761,usa,3,1.097402371799503,0.9988986862052366,0.3566441237926483,usa_28_106,0,0,4.5999520807527006e-05
2183,1763,usa,3,1.0770240156672601,0.9803495070794976,0.43315812945365906,usa_28_106,0,0,1.4660059605375864e-05
2185,1767,usa,3,1.0972145897608658,0.9987277596276131,0.35839012265205383,usa_28_106,0,0,4.230026388540864e-05
2192,1783,usa,3,1.0902829912719194,0.9924183467797467,0.39133498072624207,usa_6_29,0,0,8.903111279323639e-07
2193,1784,usa,3,1.0143730610218316,0.9233221505756096,0.5304136276245117,usa_6_73,0,0,0.00010027548705693334
2194,1785,usa,5,1.385230949484858,0.8606923813481232,0.4425565004348755,usa_64_73,1,1,0.9996935129165649
2198,1792,usa,3,1.089731212970412,0.9919160965253131,0.3970440626144409,usa_53_113,0,0,2.2604764637890185e-07
2199,1793,usa,3,1.0985761378076413,0.9999670940687253,0.33675751090049744,usa_58_104,0,0,9.916199633153155e-05
2205,1810,usa,2,0.6931421582313336,0.9999927543114182,0.5015846490859985,usa_10_15,0,0,9.409433801010891e-07
2207,1812,usa,6,1.5163043593200856,0.8462655760225205,0.4190598726272583,usa_64_73,1,1,0.9989340901374817
2209,1814,usa,3,1.0760528120773887,0.9794654794749558,0.4352242052555084,usa_47_84,0,0,2.556401454967272e-07
2210,1815,usa,6,1.6354298647485102,0.9127507864954125,0.3447446823120117,usa_64_73,1,1,0.9993669390678406
2212,1817,usa,3,1.0399650055163687,0.9466169423401941,0.47405147552490234,usa_43_73,1,1,0.9989802241325378
2214,1819,usa,3,1.0399650055163687,0.9466169423401941,0.47405147552490234,usa_43_73,1,1,0.9989802241325378
2216,1821,usa,3,1.0755014752180228,0.9789636310384757,0.4085235297679901,usa_47_106,0,0,1.6990229312341398e-07
2220,1827,usa,3,1.0849634404261599,0.9875762829319005,0.41010743379592896,usa_15_73,0,0,4.06893013860099e-05
2221,1828,usa,3,1.0717588242169669,0.9755569232857404,0.42204931378364563,usa_47_92,0,0,0.000627616245765239
2223,1830,usa,3,0.7014373955964415,0.6384758324948479,0.6677548885345459,usa_73_109,0,0,9.397781104780734e-05
2225,1832,usa,9,2.103366356532287,0.9572832828414288,0.1879880428314209,usa_47_84,0,0,7.386307697743177e-05
2226,1833,usa,3,1.0806606993886916,0.9836597592575798,0.4242893159389496,usa_26_47,0,0,3.1658906664233655e-05
2227,1834,usa,6,1.466654975802508,0.8185557274796421,0.4231269955635071,usa_26_47,0,0,4.8034526116680354e-05
2229,1836,usa,2,0.5068398539475019,0.7312153438149475,0.7953069806098938,usa_40_106,0,0,4.521467076301633e-07
2230,1837,usa,3,1.0872779226357596,0.9896830154284081,0.4053225815296173,usa_28_106,0,0,2.0986899471608922e-05
2231,1838,usa,3,1.0173225440412033,0.9260068857181115,0.5046959519386292,usa_40_106,0,0,1.3845317880623043e-05
2234,1845,usa,3,1.051684385294862,0.957284381526316,0.4663926959037781,usa_22_43,1,1,0.9998733997344971
2235,1846,usa,6,1.6930661035321724,0.9449181838350196,0.2963365316390991,usa_6_29,0,0,8.506666199536994e-05
2239,1854,usa,3,0.6341994012231307,0.5772731724965458,0.7363925576210022,usa_64_73,1,1,0.9984537363052368
2241,1856,usa,3,1.0782163733220729,0.9814348377890769,0.40856942534446716,usa_12_92,1,0,0.002550929319113493
2242,1858,usa,6,1.51757561898383,0.8469750795499623,0.39773619174957275,usa_26_47,0,0,5.258839519228786e-05
2243,1859,usa,3,1.070175976329024,0.9741161530483513,0.4267381727695465,usa_47_92,0,0,0.0006241382798179984
2246,1866,usa,3,1.074480946660784,0.9780347059137842,0.43403664231300354,usa_92_106,0,0,4.1120532841887325e-05
2249,1870,usa,3,1.0317302109268351,0.9391213092815862,0.49385538697242737,usa_22_43,1,1,0.9998646974563599
2250,1872,usa,3,0.9938738971398535,0.9046630074971811,0.5362545251846313,usa_22_43,1,1,0.9998664855957031
2252,1874,usa,3,1.0227515721084133,0.9309486000273441,0.48865804076194763,usa_26_47,0,0,6.521254545077682e-05
2256,1879,usa,3,1.040234827447983,0.9468625448465535,0.432620644569397,usa_104_106,0,0,8.768661245994736e-06
2257,1880,usa,6,1.6762035420524126,0.935507009082292,0.3069607615470886,usa_10_43,1,1,0.9993528723716736
2258,1881,usa,3,0.9684753481746811,0.8815442519296787,0.5612318515777588,usa_22_43,1,1,0.9998331069946289
2259,1882,usa,2,0.6800838302288703,0.9811535692599629,0.5806422829627991,usa_60_104,0,0,0.00013066847168374807
2260,1883,usa,3,1.078391625301052,0.9815943590148877,0.4282000958919525,usa_6_73,0,0,0.00015241825894918293
2263,1886,usa,2,0.6875190838152059,0.9918803727367211,0.5529977679252625,usa_17_89,0,0,0.00046357317478396
2264,1887,usa,3,1.010839029543832,0.9201053364962005,0.5323894619941711,usa_92_112,0,0,4.2638275772333145e-05
2267,1890,usa,3,0.9136885915290346,0.8316751969311527,0.5283607840538025,usa_92_106,0,0,4.1394567233510315e-05
2268,1891,usa,3,1.040417172521612,0.947028522485353,0.4794836640357971,usa_22_43,1,1,0.9998782873153687
2269,1893,usa,3,1.0483129566883764,0.954215574958921,0.4308227002620697,usa_92_106,0,0,7.659237599000335e-05
2270,1895,usa,3,1.0790846029844199,0.9822251344854661,0.4202846586704254,usa_26_47,0,0,2.5928827085408557e-07
2271,1897,usa,3,0.9542571156678854,0.8686022589686925,0.5130225419998169,usa_73_109,0,0,0.00014279928291216493
2272,1898,usa,3,0.9577256128824578,0.8717594211908422,0.5708335638046265,usa_22_43,1,1,0.9998289346694946
2273,1899,usa,3,0.95414671332114,0.8685017664219731,0.5735631585121155,usa_22_43,1,1,0.9998272061347961
2279,1908,usa,3,1.086195980903028,0.9886981896223511,0.40500977635383606,usa_92_106,0,0,6.185866368468851e-05
2280,1909,usa,3,0.9863310850589675,0.8977972440620838,0.5647314786911011,usa_26_47,0,0,1.578135743329767e-05
2281,1910,usa,3,1.0618519573694767,0.9665393044681859,0.44869595766067505,usa_22_43,1,1,0.9998674392700195
2287,1922,usa,3,0.9489504291300328,0.8637719047185265,0.599651038646698,usa_43_73,1,1,0.999579131603241
2288,1923,usa,6,1.7424442650579246,0.9724766605021059,0.2503749430179596,usa_10_43,1,1,0.9995579123497009
2289,1924,usa,3,0.9958835363020261,0.9064922598939561,0.5166839957237244,usa_26_47,0,0,4.334936966188252e-05
2290,1925,usa,3,0.6896831518090971,0.6277766587202722,0.6752508878707886,usa_73_109,0,0,9.002558363135904e-05
2291,1929,usa,3,1.0744109045625052,0.9779709508484155,0.4272702634334564,usa_22_43,1,1,0.9998829364776611
2292,1930,usa,3,1.0913578411140334,0.9933967172687727,0.39077940583229065,usa_28_106,0,0,3.0147164579830132e-05
2293,1931,usa,3,0.9695278223205737,0.8825022551822808,0.5471473932266235,usa_106_112,0,0,1.1044755410694052e-05
2294,1933,usa,2,0.6759268655079156,0.9751563368718912,0.5925236344337463,usa_45_112,0,0,1.3137359644588287e-07
2296,1937,usa,3,0.5999339035277247,0.5460833723742957,0.7360367774963379,usa_73_109,0,0,5.00665555591695e-05
2298,1940,usa,3,1.03536493919589,0.9424297815302093,0.4840027689933777,usa_10_43,1,1,0.999846339225769
2299,1942,usa,3,1.0788212630956577,0.9819854321887793,0.4288564622402191,usa_28_106,0,0,1.451288608222967e-05
2301,1945,usa,3,0.92459320740199,0.8416010060500144,0.6216850876808167,usa_92_104,1,0,0.0007687415345571935
2304,1948,usa,3,1.0664900832020925,0.970761108539064,0.442354679107666,usa_22_43,1,1,0.9998769760131836
2306,1951,usa,3,0.9562362130853264,0.870403711071363,0.5916648507118225,usa_6_73,0,0,5.534977390198037e-05
2307,1952,usa,3,0.8413985384877729,0.7658739549580617,0.5705132484436035,usa_92_106,0,0,2.348107773286756e-05
2313,1963,usa,6,1.7463597719438297,0.9746619465034642,0.23468272387981415,usa_28_104,0,0,9.068367216968909e-05
2314,1964,usa,3,1.0416694856433462,0.9481684270127748,0.48530468344688416,usa_26_47,0,0,2.09083012236988e-07
2315,1965,usa,3,1.0174237033264917,0.9260989648677186,0.516454815864563,usa_26_47,0,0,1.8931909551156423e-07
2316,1970,usa,3,1.0869602470227517,0.9893938546241056,0.36994045972824097,usa_61_112,0,0,1.2052898057390848e-07
2318,1972,usa,3,0.4934483434551168,0.4491560385268795,0.8403246402740479,usa_10_43,1,1,0.999634861946106
2319,1973,usa,3,0.9466777763787804,0.8617032470358351,0.5743059515953064,usa_10_43,1,1,0.9998251795768738
2321,1975,usa,3,0.9667332476973072,0.8799585237384476,0.5618270039558411,usa_22_43,1,1,0.9998332262039185
2322,1978,usa,3,0.9589469238307806,0.8728711063239144,0.5038978457450867,usa_12_64,1,1,0.9991433620452881
2323,1979,usa,3,0.5879840949039095,0.5352061878142155,0.7632261514663696,usa_64_73,1,1,0.9979586601257324
2328,1987,usa,3,1.077775978274917,0.9810339729419435,0.41126787662506104,usa_26_47,0,0,0.0001863719371613115
2329,1988,usa,3,1.0563070716766048,0.9614921320033719,0.4740667939186096,usa_47_84,0,0,0.0003226179105695337
2331,1991,usa,6,1.732695251799801,0.9670356326043581,0.26597270369529724,usa_6_29,0,0,0.00012787240848410875
2332,1992,usa,3,0.993319483037912,0.9041583580337988,0.5548317432403564,usa_6_73,0,0,7.208517490653321e-05
2340,2003,usa,3,0.9123832398693292,0.8304870146459464,0.5642890334129333,usa_64_73,1,1,0.999555766582489
2341,2006,usa,3,0.908547612569272,0.8269956762187135,0.6150838732719421,usa_26_92,0,0,0.00011758011532947421
2346,2013,usa,3,1.0643173129709678,0.9687833678442472,0.446700781583786,usa_22_43,1,1,0.9998775720596313
2347,2014,usa,3,1.0629663974045305,0.9675537115038152,0.44670018553733826,usa_22_43,1,1,0.9998867511749268
2348,2015,usa,3,1.0814649250502937,0.9843917970018299,0.41152313351631165,usa_22_43,1,1,0.9998941421508789
2349,2016,usa,3,0.9404774306238461,0.8560594491110448,0.5857629776000977,usa_22_43,1,1,0.9998210072517395
2350,2018,usa,3,1.078160667641308,0.9813841322932988,0.422316312789917,usa_10_92,1,0,0.000640943122562021
2358,2030,usa,3,1.0688198172908931,0.9728817238943002,0.44298604130744934,usa_106_112,0,0,1.3213151817126345e-07
2362,2037,usa,3,1.0827520279783174,0.9855633685756233,0.4118528962135315,usa_53_79,0,0,9.508236189503805e-07
2363,2038,usa,3,1.0546929545047468,0.9600228992371748,0.4668508768081665,usa_53_79,0,0,7.618336894665845e-07
2366,2043,usa,3,0.8533612387216479,0.7767628739673127,0.5324439406394958,usa_36_104,0,0,0.00010256123641738668
2370,2048,usa,2,0.6759547652558653,0.9751965876999003,0.5924490690231323,usa_38_64,1,1,0.9998049139976501
2371,2049,usa,3,1.0780816157779693,0.98131217618635,0.4306243360042572,usa_28_106,0,0,1.2769792192557361e-05
2372,2050,usa,3,1.0851405383594035,0.9877374844176934,0.41189253330230713,usa_28_106,0,0,2.101533937093336e-05
2374,2053,usa,6,1.6358253150252458,0.9129714914971313,0.28893864154815674,usa_28_92,0,0,5.2508319640764967e-05
2375,2054,usa,3,1.0810424945212187,0.9840072841637412,0.42324379086494446,usa_28_106,0,0,1.616251392988488e-05
2376,2055,usa,3,1.0973716532315274,0.9988707249596794,0.35693681240081787,usa_28_106,0,0,4.820882168132812e-05
2377,2056,usa,6,1.6657044169181965,0.9296473357753946,0.275168240070343,usa_28_92,0,0,5.6771590607240796e-05
2382,2061,usa,3,1.088265467295316,0.9905819173155822,0.38755762577056885,usa_47_92,0,0,0.0006738683441653848
2384,2067,usa,6,1.7287076338772334,0.9648101006671469,0.23258067667484283,usa_61_112,0,0,6.86801868710063e-08
2386,2070,usa,6,1.6660076403307922,0.9298165679841834,0.24765944480895996,usa_97_104,0,0,9.113002306548879e-05
2388,2075,usa,3,1.0005936010846141,0.9107795456190213,0.5468525290489197,usa_6_73,0,0,7.640584954060614e-05
2400,2105,usa,3,0.7876699860860975,0.7169681189721812,0.5493353605270386,usa_53_73,0,0,9.013037197291851e-05
2403,2114,usa,3,1.0730817106809172,0.9767610664376016,0.41042301058769226,usa_40_104,0,0,1.7155311070382595e-05
2404,2115,usa,3,1.0214902500726093,0.9298004952329465,0.49994581937789917,usa_40_106,0,0,1.487253848608816e-05
2405,2116,usa,3,0.8862710408775082,0.8067186668301052,0.5444841384887695,usa_92_106,0,0,3.105017094640061e-05
2407,2118,usa,6,1.6609713927558805,0.9270057846946822,0.28806284070014954,usa_40_104,0,0,5.716594387195073e-05
2409,2121,usa,3,0.9519839252636734,0.8665331118931869,0.50434809923172,usa_92_106,0,0,5.1772440201602876e-05
2412,2125,usa,3,1.0934022887127668,0.9952576536699227,0.37956660985946655,usa_92_106,0,0,5.83934124733787e-05
2414,2131,usa,3,1.072444800392353,0.9761813257091083,0.4434501826763153,usa_28_106,0,0,1.0683083019102924e-05
2416,2133,usa,3,1.0765751379815256,0.9799409210019845,0.4342259466648102,usa_28_106,0,0,1.3179012057662476e-05
2419,2137,usa,3,1.0902743084140463,0.9924104433019114,0.39496177434921265,usa_28_106,0,0,2.6633460947778076e-05
2424,2143,usa,2,0.6931145249137126,0.9999528878611231,0.5040407180786133,usa_3_6,0,0,6.042472250555875e-06
2426,2154,usa,3,0.936191314341361,0.8521580579408429,0.5144273042678833,usa_92_106,0,0,3.910539817297831e-05
2427,2155,usa,3,0.9287813298664225,0.8454131994030579,0.5188873410224915,usa_92_106,0,0,4.0330800402443856e-05
2429,2158,usa,6,1.7516122747564187,0.9775934241391603,0.248280867934227,usa_6_29,0,0,0.00013111039879731834
2430,2159,usa,3,1.0827498324172267,0.9855613700897942,0.4174843728542328,usa_6_73,0,0,0.00018812163034453988
2431,2161,usa,3,0.6822357032844346,0.6209976989348402,0.7084208130836487,usa_64_73,1,1,0.9988700747489929
2434,2170,usa,6,1.781600714693899,0.9943302911419619,0.20420677959918976,usa_53_79,0,0,2.0011343337955623e-07
2435,2171,usa,6,1.7527755258768851,0.9782426469508403,0.24938315153121948,usa_10_69,1,0,8.451966277789325e-05
2436,2172,usa,5,1.5969296379434867,0.992228172087921,0.24207736551761627,usa_15_106,0,0,4.180021278443746e-05
2445,2191,usa,2,0.6931387208496274,0.999987795217877,0.5020566582679749,usa_10_15,0,0,9.041519888342009e-07
2446,2192,usa,3,1.0839165635641395,0.9866233745466415,0.4152863323688507,usa_47_84,0,0,2.6040663669846253e-07
2448,2194,usa,3,1.0839165635641395,0.9866233745466415,0.4152863323688507,usa_47_84,0,0,2.6040663669846253e-07
2449,2195,usa,3,1.0839165635641395,0.9866233745466415,0.4152863323688507,usa_47_84,0,0,2.6040663669846253e-07
2450,2196,usa,3,1.0017512582057422,0.911833290541656,0.5461304187774658,usa_43_73,1,1,0.9995406866073608
2451,2197,usa,3,1.0839165635641395,0.9866233745466415,0.4152863323688507,usa_47_84,0,0,2.6040663669846253e-07
2452,2198,usa,3,1.0017512582057422,0.911833290541656,0.5461304187774658,usa_43_73,1,1,0.9995406866073608
2453,2199,usa,3,1.0839165635641395,0.9866233745466415,0.4152863323688507,usa_47_84,0,0,2.6040663669846253e-07
2454,2200,usa,3,1.097294234427004,0.9988002553269236,0.35044118762016296,usa_47_106,0,0,2.683709112716315e-07
2457,2205,usa,3,0.9647883678765248,0.8781882178344965,0.4963567554950714,usa_92_106,0,0,5.4207368521019816e-05
2459,2211,usa,6,1.7277678427723198,0.9642855932647563,0.24622760713100433,usa_47_84,0,0,1.9359235011506826e-05
2460,2213,usa,3,0.8945452503114016,0.8142501768261609,0.646314799785614,usa_26_47,0,0,1.2903249626106117e-05
2461,2214,usa,6,1.6758504257795,0.9353099311379712,0.3039090931415558,usa_26_47,0,0,7.6867057941854e-05
2462,2215,usa,3,1.0690463258826517,0.9730879008996868,0.40996479988098145,usa_84_104,0,0,1.8766597349895164e-05
2464,2217,usa,3,0.9625715332957443,0.8761703680401273,0.5873201489448547,usa_40_106,0,0,1.8208898836746812e-05
2465,2218,usa,3,1.0971764037090153,0.9986930011853087,0.35873132944107056,usa_28_106,0,0,4.030334821436554e-05
2468,2221,usa,6,1.7730465276498428,0.9895561084511671,0.2163078337907791,usa_64_73,1,1,0.9995847344398499
2470,2226,usa,3,0.9282883950259921,0.8449645107751271,0.5932392477989197,usa_92_106,0,0,3.9213395211845636e-05
2471,2227,usa,3,1.0873753958358565,0.9897717393586811,0.39569270610809326,usa_22_43,1,1,0.9998959302902222
2472,2228,usa,3,1.0655779080315817,0.9699308109173101,0.4133048355579376,usa_6_29,0,0,0.00017922694678418338
2474,2235,usa,5,1.422778989460661,0.8840222903093305,0.3447471857070923,usa_64_116,1,1,0.999403715133667
2475,2236,usa,3,1.0642260422186733,0.9687002896252651,0.45994168519973755,usa_26_47,0,0,2.2418989829020575e-05
2476,2238,usa,3,0.9952668734500177,0.9059309491764546,0.4832983911037445,usa_73_109,0,0,0.00011840923252748325
2479,2244,usa,3,1.055641198722774,0.9608860283208454,0.4251815676689148,usa_12_64,1,1,0.9993224143981934
2481,2246,usa,6,1.73698753616044,0.9694312021182105,0.2606731951236725,usa_53_79,0,0,1.2536330018519948e-07
2487,2254,usa,3,1.0260848920961467,0.9339827186350784,0.4972131848335266,usa_22_43,1,1,0.9998722076416016
2490,2262,usa,3,0.8755630249643229,0.7969718107065795,0.5634911060333252,usa_12_64,1,1,0.9987253546714783
2491,2263,usa,3,1.0459786876509156,0.9520908317155237,0.4742755889892578,usa_22_43,1,1,0.9998830556869507
2493,2265,usa,3,1.0438498898268358,0.9501531164304884,0.4914538562297821,usa_6_73,0,0,0.00010924283560598269
2494,2267,usa,3,0.949745943877841,0.8644960134473416,0.4930160641670227,usa_69_92,1,0,0.00021425574959721416
2499,2272,usa,3,1.0425944857178537,0.9490103983652244,0.4363868236541748,usa_92_106,0,0,8.663766493555158e-05
2500,2273,usa,3,0.6218761124670432,0.5660560316697055,0.8002407550811768,usa_22_116,1,1,0.999734103679657
2503,2278,usa,2,0.6714307634663138,0.9686698327531416,0.6038237810134888,usa_104_109,0,0,3.489879236440174e-05
2504,2280,usa,3,1.0357975431869098,0.9428235546524308,0.48558172583580017,usa_22_43,1,1,0.9998661279678345
2505,2282,usa,3,1.095884437929184,0.9975170032530468,0.36361515522003174,usa_46_73,0,0,0.00020960750407539308
2506,2287,usa,6,0.8083289748231524,0.45113699059807694,0.7523059248924255,usa_64_73,1,1,0.9909420609474182
2512,2293,usa,3,1.055542415478116,0.960796111936624,0.45837798714637756,usa_22_43,1,1,0.9998785257339478
2513,2294,usa,3,0.9361932761001055,0.8521598436106053,0.5972025394439697,usa_12_104,1,0,0.00046116014709696174
2518,2304,usa,5,1.4168710155075381,0.880351459699787,0.3822290301322937,usa_24_104,1,0,0.0003326762525830418
2519,2305,usa,3,0.7965832077258129,0.7250812829442692,0.6162211894989014,usa_12_64,1,1,0.9989472031593323
2520,2306,usa,2,0.6929256241227251,0.9996803616267453,0.5105247497558594,usa_12_43,1,1,0.9995996356010437
2522,2308,usa,3,1.0051078607084103,0.9148886018077783,0.4750719666481018,usa_73_109,0,0,0.0001223189028678462
2524,2310,usa,3,1.0873262569140012,0.9897270111844543,0.3964795172214508,usa_22_43,1,1,0.9998961687088013
2526,2312,usa,3,1.059215377498407,0.9641393860454035,0.46911266446113586,usa_106_112,0,0,7.922769327706192e-06
2527,2314,usa,6,1.7184278746972743,0.959072857830424,0.2885887324810028,usa_40_106,0,0,8.611041835138167e-08
2530,2318,usa,3,0.928567384635832,0.8452184580618247,0.6190621256828308,usa_53_113,0,0,9.305944104198716e-08
2531,2319,usa,3,0.7638379143943655,0.6952752324665836,0.6296936273574829,usa_73_109,0,0,0.00011524240835569799
2534,2323,usa,3,0.7399321393133824,0.6735152582449545,0.7147098183631897,usa_92_112,0,0,3.036972884729039e-05
2535,2324,usa,6,1.6551863521236163,0.9237770920427849,0.26772207021713257,usa_12_104,1,1,0.9994187355041504
2536,2326,usa,3,1.0971764037090153,0.9986930011853087,0.35873132944107056,usa_28_106,0,0,4.030334821436554e-05
2540,2333,usa,3,1.0117316006721484,0.9209177897497486,0.5135174989700317,usa_22_43,1,1,0.9998676776885986
2541,2335,usa,3,1.0903599617740856,0.9924884083501115,0.380559504032135,usa_104_106,0,0,1.3737365406996105e-05
2542,2336,usa,3,0.8527763354358947,0.7762304720528372,0.5639999508857727,usa_92_106,0,0,2.5996794647653587e-05
2545,2339,usa,3,1.0551857636984816,0.9604714734965546,0.47376590967178345,usa_6_73,0,0,0.00013336403935682029
2549,2350,usa,4,0.8366008132769107,0.6034799222591364,0.7261684536933899,usa_26_47,0,0,1.2959537798451493e-07
2551,2358,usa,3,1.0926763001492552,0.9945968304013321,0.35986748337745667,usa_61_112,0,0,1.242881069174473e-07
2554,2361,usa,3,0.7851886626009044,0.7147095210020079,0.5919511318206787,usa_64_104,1,1,0.999566376209259
2555,2362,usa,3,0.9214676734551668,0.8387560224474621,0.4789173901081085,usa_12_104,1,1,0.9978231191635132
2557,2365,usa,3,0.9289112554481747,0.8455314627641111,0.595146119594574,usa_22_43,1,1,0.9998169541358948
2559,2369,usa,3,0.701688462963954,0.6387043638612837,0.6968214511871338,usa_64_73,1,1,0.9988631010055542
2566,2379,usa,3,1.0354293494996782,0.9424884103153164,0.4532180428504944,usa_47_84,0,0,2.1911169767463434e-07
2568,2381,usa,3,1.0527635590055981,0.9582666877701724,0.45400476455688477,usa_47_92,0,0,0.0004983145045116544
2569,2383,usa,3,1.0941472564538814,0.9959357525304569,0.3649187982082367,usa_6_29,0,0,0.00040878733852878213
2570,2384,usa,3,1.0792390652546269,0.9823657321028424,0.42652782797813416,usa_6_73,0,0,0.00017229499644599855
2573,2391,usa,2,0.6443221585935819,0.9295603829378328,0.6549597382545471,usa_12_112,0,0,2.0342726202216e-05
2575,2394,usa,3,1.0809076192132858,0.9838845153677572,0.4089648127555847,usa_104_112,0,0,5.192769458517432e-05
2576,2395,usa,5,1.474984252933015,0.9164592442725928,0.2972608208656311,usa_104_112,0,0,3.955212014261633e-05
2577,2396,usa,3,1.0270266049707746,0.9348399026337842,0.4586319029331207,usa_12_64,1,1,0.9993472695350647
2578,2397,usa,8,2.0301505554430346,0.9762960461985469,0.1919417530298233,usa_24_104,1,1,0.9995558857917786
2580,2401,usa,3,0.8264534447762675,0.7522703444162353,0.6736723184585571,usa_26_92,0,0,7.865967927500606e-05
2584,2407,usa,3,1.0871424336610205,0.9895596880488251,0.39660748839378357,usa_22_43,1,1,0.9998890161514282
2585,2408,usa,3,1.0533772424387005,0.9588252865037132,0.461596816778183,usa_22_43,1,1,0.9998763799667358
2586,2409,usa,3,1.0825452190233125,0.9853751229523602,0.40899673104286194,usa_22_43,1,1,0.9998940229415894
2587,2410,usa,3,1.044965111360716,0.951168234817005,0.4736863374710083,usa_22_43,1,1,0.9998656511306763
2588,2412,usa,3,0.990454084863096,0.9015501602151764,0.5598143339157104,usa_92_104,1,0,0.0009911662200465798
2589,2415,usa,3,1.0699107768770038,0.9738747581042426,0.44845283031463623,usa_92_104,1,0,0.0013978226343169808
2594,2421,usa,3,1.0689904844600582,0.9730370718463716,0.41069838404655457,usa_12_64,1,1,0.9994390606880188
2599,2429,usa,3,1.0947416656667344,0.996476807112664,0.3751899302005768,usa_40_106,0,0,1.7003083030431299e-07
2600,2435,usa,3,0.9076588916110667,0.8261867275410297,0.6219704151153564,usa_53_79,0,0,3.9137577800829604e-07
2603,2442,usa,4,1.353043708182434,0.9760147239504057,0.34076830744743347,usa_36_69,0,0,0.00011933565838262439
2604,2447,usa,2,0.5559391945315846,0.8020507189865218,0.7557414174079895,usa_38_64,1,1,0.9992831349372864
2605,2448,usa,3,1.0971764037090153,0.9986930011853087,0.35873132944107056,usa_28_106,0,0,4.03034282498993e-05
2606,2449,usa,3,1.0975707280503453,0.999051930668801,0.3549506366252899,usa_28_106,0,0,4.746429476654157e-05
2607,2450,usa,3,1.0971764037090153,0.9986930011853087,0.35873132944107056,usa_28_106,0,0,4.03034282498993e-05
2608,2451,usa,3,1.0964311147312518,0.9980146099225757,0.3646840453147888,usa_28_106,0,0,3.885051773977466e-05
2609,2453,usa,6,1.6596271373817855,0.9262555414856012,0.2790222764015198,usa_28_92,0,0,5.381274240789935e-05
2610,2454,usa,3,1.0971764037090153,0.9986930011853087,0.35873132944107056,usa_28_106,0,0,4.030334821436554e-05
2611,2455,usa,3,1.0967656201029596,0.9983190898334217,0.3621430993080139,usa_28_106,0,0,3.8036050682421774e-05
2621,2469,usa,3,1.0977457217185456,0.9992112167700082,0.3509101867675781,usa_97_104,0,0,7.465590169886127e-05
2622,2470,usa,3,1.0881559919875547,0.9904822685961108,0.38668811321258545,usa_104_106,0,0,1.1962075404881034e-05
2624,2473,usa,3,0.8251150332722144,0.7510520697638775,0.662673830986023,usa_92_112,0,0,3.787942114286125e-05
2626,2477,usa,5,1.576757341407669,0.9796944195399215,0.3054107427597046,usa_6_73,0,0,0.0001296522095799446
2627,2482,usa,3,1.0380263573480173,0.9448523087307323,0.4799395501613617,usa_92_112,0,0,6.610828859265894e-05
2631,2504,usa,3,0.8430146406263881,0.7673449945188647,0.583095908164978,usa_73_109,0,0,0.00014375001774169505
2635,2513,usa,2,0.6744177861555996,0.9729791955739969,0.5964680314064026,usa_17_89,0,0,6.486715733444726e-07
2636,2515,usa,2,0.6880387426305493,0.9926300819325713,0.5504962205886841,usa_17_89,0,0,8.33555873214209e-07
2637,2516,usa,3,1.0877758481002195,0.9901362467180959,0.390362024307251,usa_53_104,0,0,8.18755870568566e-05
2639,2523,usa,3,1.0740754155918002,0.9776655756271792,0.4087093770503998,usa_40_104,0,0,1.615793735254556e-05
2640,2524,usa,3,1.0335011127807228,0.9407332536155009,0.4856230616569519,usa_40_106,0,0,1.778730256773997e-05
2642,2527,usa,6,1.59856191453831,0.8921743917039376,0.3239605724811554,usa_40_104,0,0,4.063857704750262e-05
2643,2528,usa,3,0.8863163846007632,0.8067599404656932,0.5444496273994446,usa_92_106,0,0,3.231339724152349e-05
2644,2530,usa,3,1.0288077932010253,0.9364612100309645,0.4485725462436676,usa_92_106,0,0,8.516650996170938e-05
2649,2535,usa,3,1.0740881489654854,0.9776771660433947,0.40120363235473633,usa_92_106,0,0,0.00011093270586570725
2651,2541,usa,3,1.0765578939161453,0.9799252247772489,0.43427756428718567,usa_28_106,0,0,1.221791171701625e-05
2653,2543,usa,3,1.095138860131526,0.9968383490951164,0.3729524314403534,usa_28_106,0,0,3.266505154897459e-05
2655,2546,usa,3,1.0967656201029596,0.9983190898334217,0.3621430993080139,usa_28_106,0,0,3.8036087062209845e-05
2659,2553,usa,3,1.0967195131863519,0.9982771215093065,0.3624962866306305,usa_3_73,1,0,0.00015940969751682132
2660,2554,usa,5,1.5888354655257895,0.9871989799984568,0.2824590802192688,usa_6_73,0,0,0.00020639412105083466
2661,2563,usa,3,0.8693170620023893,0.7912864902105693,0.5545913577079773,usa_92_106,0,0,2.4125309209921397e-05
2673,2580,usa,6,1.7532643613692613,0.9785154712337708,0.2455136775970459,usa_53_79,0,0,1.6656763079936354e-07
2674,2581,usa,3,1.0721178172509103,0.9758836928273215,0.416903018951416,usa_36_69,0,0,0.00011890616588061675
2676,2583,usa,13,2.4258587163845133,0.945772558560502,0.13941708207130432,usa_92_106,0,0,3.0061959478189237e-05
2683,2593,usa,3,1.0848503314908267,0.9874733267420781,0.3760852813720703,usa_12_104,1,1,0.9993788003921509
2687,2602,usa,3,1.0869074215748473,0.9893457708292589,0.40634897351264954,usa_47_84,0,0,2.6456521595719096e-07
2688,2603,usa,6,1.6704293767404852,0.9322843860622416,0.3055919110774994,usa_64_92,1,1,0.9989700317382812
2689,2605,usa,3,1.087317812086314,0.9897193243710314,0.40513116121292114,usa_47_84,0,0,2.6495203542253876e-07
2690,2606,usa,6,1.6771002959109549,0.9360074969401452,0.30235162377357483,usa_64_92,1,1,0.9989468455314636
2691,2607,usa,3,0.9944751980292201,0.9052103351536882,0.5558061599731445,usa_47_84,0,0,1.969587373196191e-07
2692,2608,usa,6,1.6669576065322038,0.9303467542160558,0.30924394726753235,usa_64_92,1,1,0.998945415019989
2694,2610,usa,6,1.6669576065322038,0.9303467542160558,0.30924394726753235,usa_64_92,1,1,0.998945415019989
2699,2622,usa,6,1.7521265490582276,0.9778804460919621,0.22721005976200104,usa_47_84,0,0,1.8198172256234102e-05
2700,2623,usa,3,1.0402811432504848,0.9469047033068034,0.4990074038505554,usa_26_47,0,0,2.422116267553065e-05
2702,2625,usa,6,1.6942138440558436,0.945558750017804,0.26990410685539246,usa_47_84,0,0,1.632227395020891e-05
2706,2629,usa,3,1.056317681247074,0.9615017892505907,0.45466285943984985,usa_40_106,0,0,2.600078732939437e-05
2708,2631,usa,3,0.9459943929036556,0.861081204589948,0.6032706499099731,usa_12_87,1,1,0.9993425011634827
2712,2637,usa,3,0.9640365191685807,0.8775038556480371,0.5642823576927185,usa_22_43,1,1,0.9998303651809692
2713,2638,usa,6,1.7514957706678023,0.9775284019692668,0.2474963366985321,usa_6_29,0,0,0.00017554459918756038
2717,2646,usa,3,1.083450543486607,0.9861991847916758,0.416831374168396,usa_26_47,0,0,2.9710461603826843e-05
2720,2655,usa,3,1.0795323452838566,0.9826326870898335,0.38320252299308777,usa_12_104,1,1,0.9994372725486755
2722,2657,usa,5,1.5890864468494366,0.9873549234627608,0.26577967405319214,usa_53_79,0,0,1.3157915418560151e-05
2728,2664,usa,3,1.0157317630897367,0.9245588944951159,0.5129007697105408,usa_22_43,1,1,0.9998687505722046
2729,2665,usa,3,0.8601217734513144,0.7829165778712281,0.6572168469429016,usa_12_104,1,0,0.0002697488234844059
2731,2672,usa,3,1.0847471486467248,0.9873794056698617,0.3893798589706421,usa_47_84,0,0,3.9960286812856793e-05
2733,2674,usa,3,1.0791890450207702,0.9823202017238609,0.4167051613330841,usa_22_43,1,1,0.999886155128479
2735,2676,usa,3,1.0833781846599042,0.9861333209492181,0.41546693444252014,usa_6_73,0,0,0.00016508495900779963
2737,2682,usa,3,0.6529910676016413,0.5943780843679508,0.7597350478172302,usa_40_104,0,0,0.0001023935474222526
2738,2684,usa,3,0.929400221729378,0.8459765390537601,0.5936830639839172,usa_22_43,1,1,0.9998204112052917
2745,2693,usa,3,0.9409307863648717,0.8564721112901427,0.584055483341217,usa_22_43,1,1,0.9998185038566589
2752,2703,usa,3,1.0586168672833947,0.9635945985701624,0.47003450989723206,usa_26_47,0,0,2.656258766364772e-05
2753,2704,usa,3,1.0948244759652237,0.9965521842947177,0.3746790885925293,usa_28_106,0,0,3.728738010977395e-05
2754,2705,usa,6,1.491551463379544,0.832450721760187,0.3419875204563141,usa_12_22,1,1,0.9993638396263123
2755,2706,usa,3,1.0672318355739359,0.9714362806443594,0.44570738077163696,usa_12_104,1,0,0.0006532195257022977
2757,2708,usa,3,0.9941617567748089,0.90492502862868,0.5267314910888672,usa_64_73,1,1,0.9995166063308716
2760,2714,usa,2,0.6678438414684641,0.9634949981747882,0.6120026707649231,usa_19_64,1,1,0.9998565912246704
2766,2721,usa,3,0.9415588577617257,0.8570438065126815,0.5777867436408997,usa_92_112,0,0,6.012242374708876e-05
2768,2724,usa,3,0.9738559362427521,0.8864418742515573,0.4734710156917572,usa_40_112,0,0,9.655117594320473e-08
2771,2728,usa,3,1.0392329502430184,0.9459505969143316,0.5007022619247437,usa_53_113,0,0,1.54692330056605e-07
2772,2729,usa,3,0.7086215714991853,0.6450151512125125,0.6633791923522949,usa_73_109,0,0,9.181869972962886e-05
2774,2732,usa,3,0.9734030436883134,0.88602963368306,0.5498338341712952,usa_92_112,0,0,6.7629647674039e-05
2775,2733,usa,3,0.8891650830470393,0.8093529375363246,0.536543071269989,usa_64_104,1,1,0.9997159838676453
2777,2736,usa,3,1.0984254125580215,0.9998298980340782,0.3424147069454193,usa_28_112,0,0,6.137908712844364e-06
2780,2741,usa,3,1.0528534270935566,0.9583484892290541,0.4797168970108032,usa_26_47,0,0,2.301576932950411e-05
2781,2742,usa,3,0.9392332385157585,0.8549269366488038,0.5856780409812927,usa_22_43,1,1,0.9998244643211365
2782,2744,usa,3,1.0956825912470118,0.9973332744851692,0.3616770803928375,usa_104_106,0,0,1.566084938531276e-05
2785,2749,usa,3,1.0696484915733744,0.9736360157323114,0.44759833812713623,usa_6_73,0,0,0.00016286167374346405
2789,2759,usa,3,0.8910497604677268,0.8110684448541723,0.6175232529640198,usa_28_104,0,0,9.26936718315119e-06
2790,2761,usa,4,0.8904097275221621,0.6422948491277582,0.7001937031745911,usa_26_47,0,0,1.2663677750879287e-07
2791,2768,usa,3,1.0930893819392264,0.994972833650369,0.35863837599754333,usa_61_112,0,0,1.2858318143571523e-07
2796,2773,usa,3,0.7589765512906681,0.6908502290747218,0.6070358753204346,usa_64_104,1,1,0.999525785446167
2797,2775,usa,3,0.9763106823852397,0.8886762804818603,0.5539765357971191,usa_22_43,1,1,0.9998364448547363
2799,2779,usa,3,0.9284226697093163,0.8450867328590317,0.595588743686676,usa_22_43,1,1,0.9998119473457336
2802,2784,usa,3,1.0935545472556634,0.9953962453682562,0.36944761872291565,usa_40_112,0,0,2.2557559020697227e-07
2806,2792,usa,3,1.052366829526997,0.9579055690363905,0.4330850839614868,usa_6_29,0,0,0.00014606313197873533
2807,2793,usa,3,1.0916659781421099,0.993677195678904,0.3886794149875641,usa_6_73,0,0,0.0002173246757593006
2813,2808,usa,3,1.0028168239641753,0.9128032102935322,0.5060728192329407,usa_12_104,1,1,0.9993975162506104
2816,2812,usa,3,0.9549679951478375,0.8692493293567489,0.576082706451416,usa_26_92,0,0,0.0001365590578643605
2818,2819,usa,3,1.069454220200537,0.9734591823081442,0.43683481216430664,usa_22_43,1,1,0.9998894929885864
2819,2820,usa,3,1.0570448628127957,0.9621636984365906,0.45716696977615356,usa_22_43,1,1,0.9998914003372192
2820,2821,usa,3,1.0856516730880599,0.9882027392978077,0.40116673707962036,usa_22_43,1,1,0.9998949766159058
2821,2822,usa,3,1.03025638447764,0.9377797746342886,0.49223390221595764,usa_22_43,1,1,0.9998737573623657
2824,2828,usa,3,0.9402341226492407,0.8558379806484078,0.6083102822303772,usa_92_104,1,0,0.0008583843009546399
2826,2831,usa,6,1.781008819141312,0.9939999479442547,0.2073625922203064,usa_6_29,0,0,0.0002435979258734733
2828,2834,usa,3,1.0628953919958084,0.9674890795954937,0.3996336758136749,usa_12_104,1,1,0.9994018077850342
2835,2848,usa,2,0.6894816400938113,0.9947117429473307,0.5427846908569336,usa_53_79,0,0,9.616529860068113e-05
2836,2849,usa,3,1.0587354200043464,0.9637025099071961,0.4388042092323303,usa_53_79,0,0,1.6263424384987957e-08
2845,2866,usa,6,1.3896220820149132,0.775562850862792,0.4462275207042694,usa_28_104,0,0,0.00020457830396480858
2852,2874,usa,3,1.0616934309179857,0.9663950074735809,0.43830934166908264,usa_47_92,0,0,0.0004140683449804783
2854,2882,usa,3,1.0343139913977342,0.9414731676191909,0.47739672660827637,usa_15_110,0,0,7.636938192945308e-08
2857,2886,usa,3,1.0962876333683322,0.9978840075577565,0.3575250506401062,usa_104_106,0,0,2.0591663997038268e-05
2859,2888,usa,3,0.9823149457034379,0.894141596481081,0.4758308231830597,usa_12_15,0,0,8.638184954179451e-05
2862,2893,usa,3,0.942511289889447,0.8579107475960331,0.6040574312210083,usa_6_73,0,0,5.0591428589541465e-05
2866,2900,usa,3,1.0839413131975695,0.9866459026338341,0.4152737855911255,usa_12_87,1,1,0.9996155500411987
2873,2922,usa,3,0.9566013689440742,0.8707360902578279,0.5936174392700195,usa_12_87,1,1,0.9993597865104675
2876,2930,usa,3,1.0957127908961644,0.9973607633904582,0.363460898399353,usa_53_104,0,0,0.0001397938176523894
2882,2945,usa,3,1.0584220260827868,0.9634172464664061,0.44974520802497864,usa_40_104,0,0,0.0003960755420848727
2883,2946,usa,3,1.0802984942162,0.9833300659014907,0.39742738008499146,usa_40_104,0,0,1.382489426760003e-05
2884,2947,usa,3,1.0018095862233274,0.9118863829912734,0.513541579246521,usa_47_92,0,0,0.0003000499855261296
2885,2948,usa,3,0.7020141688646453,0.6390008341484367,0.73264080286026,usa_40_104,0,0,0.00010256133828079328
2886,2949,usa,3,0.7847878671325328,0.7143447012448418,0.6841221451759338,usa_40_104,0,0,0.00015542648907285184
2888,2951,usa,3,1.001629482072584,0.9117224451283884,0.5136078000068665,usa_47_92,0,0,0.00027378639788366854
2902,2973,usa,3,1.0965322593724232,0.9981066757425331,0.3639307916164398,usa_3_73,1,0,0.00018292423919774592
2911,2996,usa,2,0.6856545668434809,0.9891904433479602,0.5611305236816406,usa_36_104,0,0,0.00017593974189367145
2913,2998,usa,3,0.9971083846694706,0.907607164924674,0.4671209156513214,usa_12_15,0,0,0.00010916504834312946
2915,3006,usa,2,0.23465973990711544,0.33854244306028947,0.9371791481971741,usa_3_73,1,0,0.00014787327381782234
2920,3012,usa,3,1.0445553246112487,0.950795230843088,0.4684737026691437,usa_64_73,1,1,0.9995827078819275
2923,3019,usa,3,1.0559040609829213,0.9611252958612312,0.47441667318344116,usa_47_84,0,0,2.3405627302963694e-07
2924,3020,usa,3,0.9947948567542807,0.9055013010643719,0.5510448217391968,usa_64_92,1,1,0.9995661377906799
2927,3023,usa,3,1.0233785822125074,0.931519329219582,0.5217365622520447,usa_47_84,0,0,2.089851420805644e-07
2928,3024,usa,3,0.9947948567542807,0.9055013010643719,0.5510448217391968,usa_64_92,1,1,0.9995661377906799
2930,3026,usa,3,1.0350257242005259,0.9421210147351688,0.5062256455421448,usa_47_84,0,0,2.1645324466135207e-07
2931,3027,usa,3,0.9947948567542807,0.9055013010643719,0.5510448217391968,usa_64_92,1,1,0.9995661377906799
2933,3029,usa,3,0.9947948567542807,0.9055013010643719,0.5510448217391968,usa_64_92,1,1,0.9995661377906799
2940,3041,usa,2,0.6911545167731955,0.9971251938366971,0.5315542221069336,usa_21_84,0,0,0.0006419952842406929
2952,3060,usa,3,0.9271467399967196,0.8439253315842075,0.5710208415985107,usa_12_92,1,0,0.0008845094125717878
2956,3065,usa,3,1.0563396486970904,0.9615217848853046,0.4571017622947693,usa_22_43,1,1,0.9998854398727417
2958,3070,usa,3,1.0053717890396048,0.9151288397278496,0.5004882216453552,usa_53_79,0,0,1.277239558561405e-08
2965,3078,usa,3,0.9614259262819639,0.8751275915978856,0.5755923390388489,usa_12_104,1,0,0.0004930214490741491
2967,3082,usa,3,1.0887586688154778,0.9910308486858654,0.38617056608200073,usa_47_92,0,0,0.0007021232158876956
2968,3083,usa,3,1.0730967760745773,0.9767747795498757,0.42906755208969116,usa_22_43,1,1,0.9998762607574463
2969,3084,usa,3,1.0876094004426222,0.9899847395309707,0.3723087012767792,usa_60_92,0,0,0.0007457226165570319
2970,3085,usa,3,1.0070335109398285,0.9166414041851783,0.5394356846809387,usa_6_73,0,0,7.927059778012335e-05
2972,3091,usa,3,1.0550560382568495,0.9603533923108896,0.4546504020690918,usa_40_104,0,0,0.00036872091004624963
2977,3097,usa,3,1.0451416076392874,0.9513288886531145,0.4761803448200226,usa_22_43,1,1,0.9998735189437866
2978,3099,usa,3,1.0865030027912599,0.9889776529884529,0.39859262108802795,usa_22_43,1,1,0.9998878240585327
2979,3100,usa,3,1.0970175782426426,0.9985484320156289,0.3601023852825165,usa_3_73,1,0,0.0001916486507980153
2982,3105,usa,3,0.8612531261527094,0.7839463794791882,0.5501033663749695,usa_64_104,1,1,0.999651312828064
2983,3106,usa,3,1.0890436135066202,0.9912902165211622,0.39905035495758057,usa_40_112,0,0,1.913785325768913e-07
2987,3110,usa,3,0.9490878410754755,0.8638969824614755,0.5784071087837219,usa_22_43,1,1,0.9998249411582947
2992,3119,usa,2,0.6867345763664916,0.9907485677309206,0.5565636157989502,usa_69_104,1,1,0.9996682405471802
2998,3126,usa,3,1.0070569606370015,0.9166627490193976,0.5170654654502869,usa_92_112,0,0,6.35482429061085e-05
2999,3128,usa,3,0.9893649107364619,0.900558751200487,0.46482589840888977,usa_40_112,0,0,1.0272194117533218e-07
3003,3133,usa,3,1.082629972918297,0.9854522692721845,0.41548874974250793,usa_28_40,0,0,4.4143496779724956e-05
3004,3135,usa,3,1.005887252797395,0.9155980350600949,0.5182458162307739,usa_92_112,0,0,7.002252095844597e-05
3012,3147,usa,3,1.0002480389683306,0.9104650014255439,0.5469196438789368,usa_6_73,0,0,7.297442061826587e-05
3015,3151,usa,3,1.0480380867653842,0.9539653775727935,0.4855365455150604,usa_6_73,0,0,0.00011142887524329126
3016,3153,usa,3,1.0933650643301172,0.9952237705766481,0.3759188652038574,usa_46_73,0,0,0.00018759160593617707
3017,3154,usa,3,1.0753531100333205,0.9788285832274939,0.4259845018386841,usa_6_73,0,0,0.00028121296782046556
3019,3157,usa,3,1.0664071605277123,0.9706856290680664,0.4406079053878784,usa_6_73,0,0,0.00022549350978806615
3021,3161,usa,3,1.04150928661458,0.9480226075727244,0.4756779968738556,usa_28_104,0,0,1.7619016944081523e-05
3022,3163,usa,10,2.267952066271075,0.9849590676026059,0.14229410886764526,usa_28_104,0,0,7.52187188481912e-05
3024,3170,usa,3,1.0752519917099645,0.9787365413630447,0.3849363327026367,usa_61_112,0,0,1.0422321850001026e-07
3026,3175,usa,3,0.7933465208031785,0.7221351235429773,0.6911229491233826,usa_22_43,1,1,0.9997445940971375
3028,3180,usa,6,1.3110072473429615,0.7316870762278063,0.3958829641342163,usa_12_22,1,1,0.9991338849067688
3030,3184,usa,2,0.6703196284526933,0.9670668037792332,0.6064267754554749,usa_110_112,0,0,1.1230438758502714e-05
3032,3186,usa,3,1.0728857854977718,0.9765827276504186,0.417035311460495,usa_40_112,0,0,1.827425535338989e-07
3042,3207,usa,3,1.0976333601201644,0.9991089408355953,0.35423770546913147,usa_104_112,0,0,2.4389435566263273e-05
3044,3211,usa,3,1.0504917107266252,0.9561987623497066,0.4507392942905426,usa_12_104,1,1,0.999541163444519
3045,3213,usa,3,0.6621651897465775,0.6027287302141376,0.7053515315055847,usa_43_104,1,1,0.9993547797203064
3047,3218,usa,3,1.039513844143114,0.9462062775607187,0.4409458339214325,usa_12_64,1,1,0.9993681311607361
3048,3220,usa,3,1.0542570941630114,0.9596261620567963,0.4622577428817749,usa_22_43,1,1,0.9998764991760254
3049,3227,usa,3,0.9008089464214755,0.81995163872922,0.6409162282943726,usa_92_104,1,0,0.0006933434051461518
3058,3239,usa,3,1.088566595574844,0.9908560160878552,0.40068361163139343,usa_40_112,0,0,1.9889158409114316e-07
3059,3240,usa,3,1.0939610477892976,0.9957662580996148,0.37856245040893555,usa_40_112,0,0,2.2111005648639548e-07
3063,3247,usa,3,1.0191583444399028,0.927677903253265,0.4862339198589325,usa_53_79,0,0,1.3557197142688437e-08
3065,3250,usa,3,1.095910594597463,0.9975408120785522,0.36814752221107483,usa_104_112,0,0,2.3870456061558798e-05
3072,3263,usa,3,1.030323860743471,0.9378411941783144,0.5099015831947327,usa_28_104,0,0,0.0001795005809981376
3078,3271,usa,3,1.088970299775768,0.9912234834874902,0.38546642661094666,usa_47_92,0,0,0.0007022704230621457
3082,3277,usa,3,1.0277961485350726,0.9355403713726065,0.4862182140350342,usa_15_110,0,0,7.055177064785312e-08
3084,3280,usa,3,1.0981694628103407,0.9995969225336939,0.3455890119075775,usa_97_104,0,0,8.927532326197252e-05
3085,3281,usa,3,1.0974321237535072,0.99892576760084,0.35089534521102905,usa_104_106,0,0,2.482463969499804e-05
3102,3327,usa,3,1.0965043439704918,0.9980812660486681,0.35895949602127075,usa_53_104,0,0,0.00012841445277445018
3103,3336,usa,3,0.9659314867697814,0.879228729491837,0.5531221628189087,usa_40_104,0,0,0.00029902791720815003
3105,3338,usa,3,1.0619150294144915,0.9665967151176619,0.4443051815032959,usa_40_104,0,0,0.0004563484981190413
3107,3341,usa,3,0.9489523339424188,0.8637736385534796,0.5679735541343689,usa_40_104,0,0,0.0002707095700316131
3108,3342,usa,3,0.8838595934561337,0.804523672794222,0.6168672442436218,usa_40_104,0,0,0.00021246494725346565
3110,3344,usa,3,1.0426011770139787,0.9490164890454343,0.4722123146057129,usa_40_104,0,0,0.0004002723144367337
3111,3345,usa,3,1.057731311076418,0.9627885305731894,0.45062780380249023,usa_40_104,0,0,0.00039715308230370283
3113,3347,usa,3,1.001629482072584,0.9117224451283884,0.5136078000068665,usa_47_92,0,0,0.00027378639788366854
3117,3357,usa,3,0.8927021604749334,0.8125725241588102,0.6194188594818115,usa_28_92,0,0,0.00010364762420067564
3124,3380,usa,6,1.7275390624755866,0.9641579085500039,0.2663975954055786,usa_6_29,0,0,0.0001366914075333625
3131,3393,usa,3,1.0435650364470546,0.9498938317103742,0.4549967646598816,usa_36_69,0,0,8.032464393181726e-05
3133,3395,usa,3,0.9378279759683879,0.8536478115544776,0.5016744136810303,usa_12_15,0,0,8.201084710890427e-05
3140,3408,usa,3,0.7574261240374388,0.6894389693708013,0.700678288936615,usa_64_73,1,1,0.998783528804779
3141,3410,usa,2,0.6710507039179971,0.9681215227275426,0.6047216653823853,usa_77_116,1,1,0.9998704195022583
3143,3414,usa,3,0.44291191086212806,0.40315579520695816,0.8791117072105408,usa_64_92,1,1,0.9996461868286133
3145,3417,usa,3,0.4423199336107705,0.40261695429150174,0.8793349862098694,usa_64_92,1,1,0.9996461868286133
3147,3419,usa,3,0.4423199336107705,0.40261695429150174,0.8793349862098694,usa_64_92,1,1,0.9996461868286133
3148,3421,usa,3,0.4423199336107705,0.40261695429150174,0.8793349862098694,usa_64_92,1,1,0.9996461868286133
3151,3432,usa,6,1.5095200619730886,0.8424791875794782,0.37692904472351074,usa_47_84,0,0,5.126790711074136e-06
3152,3433,usa,3,1.0731034468510185,0.9767808515522646,0.4022083580493927,usa_15_40,0,0,1.877207432698924e-05
3154,3440,usa,3,1.0270013684616903,0.9348169313732726,0.5170724987983704,usa_40_104,0,0,0.00018051787628792226
3157,3448,usa,3,0.9225384993533522,0.8397307301848783,0.6005595326423645,usa_22_43,1,1,0.9998123049736023
3159,3452,usa,3,1.0731517215714657,0.97682479309647,0.4170858860015869,usa_53_79,0,0,1.8113528454932748e-08
3164,3462,usa,3,0.916156330412597,0.8339214296640436,0.6146559715270996,usa_12_104,1,0,0.00035058960202150047
3166,3467,usa,3,1.0656597906602225,0.9700053436978783,0.4011583626270294,usa_60_92,0,0,0.0005493119242601097
3170,3474,usa,3,1.024470698786401,0.9325134165651892,0.453262060880661,usa_92_106,0,0,6.139234756119549e-05
3172,3476,usa,3,0.9950794550398429,0.9057603535877213,0.5349403619766235,usa_22_43,1,1,0.9998487234115601
3174,3479,usa,3,1.0683674914657473,0.9724699991850361,0.4391270577907562,usa_22_43,1,1,0.999875545501709
3176,3481,usa,3,1.0781391706786168,0.9813645649146039,0.4194062054157257,usa_22_43,1,1,0.999880313873291
3177,3482,usa,2,0.6929794960141653,0.9997580823373695,0.5091562867164612,usa_3_86,0,0,6.492942361546739e-07
3179,3486,usa,3,0.7972677310687322,0.725704362942536,0.7134436368942261,usa_26_47,0,0,1.1174296560056973e-05
3180,3488,usa,3,1.0651071515903356,0.9695023099383007,0.4432763159275055,usa_22_43,1,1,0.9998879432678223
3181,3490,usa,2,0.6539289769410511,0.9434200921264478,0.6391092538833618,usa_92_103,1,1,0.9996722936630249
3183,3499,usa,6,1.7278194719007567,0.9643144080299765,0.25495848059654236,usa_92_112,0,0,4.092317612958141e-05
3184,3500,usa,3,0.8733273990207302,0.7949368562766568,0.6479795575141907,usa_12_104,1,0,0.0003163187066093087
3187,3504,usa,3,1.0939379672796978,0.9957452493144067,0.3677878975868225,usa_53_79,0,0,2.031057988460816e-08
3190,3508,usa,6,1.7225489713762852,0.961372885680025,0.2580869495868683,usa_92_112,0,0,4.617268132278696e-05
3193,3511,usa,3,1.0613174895796202,0.96605281092049,0.46037983894348145,usa_28_40,0,0,3.692175596370362e-05
3194,3512,usa,6,1.7380830511253003,0.9700426206616448,0.2718271017074585,usa_40_112,0,0,9.497573955741245e-06
3196,3515,usa,3,1.0902661802681017,0.9924030447446329,0.3856774568557739,usa_92_103,1,0,0.0008234994602389634
3197,3516,usa,3,0.9352050937731796,0.8512603612935778,0.589859664440155,usa_22_43,1,1,0.9998201727867126
3202,3523,usa,5,1.5311243057623563,0.9513410203234848,0.289281964302063,usa_3_104,1,0,0.00011619224096648395
3204,3525,usa,2,0.6468439275746957,0.9331985265411533,0.6509702801704407,usa_3_46,0,0,6.314767233561724e-05
3207,3533,usa,2,0.6888060006833877,0.9937370013204834,0.5465558171272278,usa_26_28,0,0,2.446641644837655e-07
3208,3534,usa,3,1.059461304505451,0.964363238454102,0.45048531889915466,usa_28_104,0,0,1.8657739929039963e-05
3209,3535,usa,3,1.0666222148627655,0.970881379959688,0.44578513503074646,usa_26_47,0,0,2.3637278445676202e-07
3212,3548,usa,3,0.9448999428487638,0.8600849932184015,0.5774248838424683,usa_22_43,1,1,0.999855637550354
3217,3553,usa,6,1.5449478434040027,0.8622518088712062,0.37334924936294556,usa_28_104,0,0,0.0002607553906273097
3218,3554,usa,3,1.0606206944653982,0.9654185606746032,0.43568313121795654,usa_40_112,0,0,1.6682564307757275e-07
3228,3577,usa,3,0.8921528106012442,0.8120724843546357,0.5353628993034363,usa_64_104,1,1,0.9996514320373535
3232,3582,usa,3,1.0829019154073236,0.985699801993083,0.4081985652446747,usa_22_43,1,1,0.9998849630355835
3233,3583,usa,3,0.9648494637767626,0.8782438297194791,0.5644376277923584,usa_22_43,1,1,0.9998321533203125
3242,3600,usa,3,1.0409132546433104,0.947480075892151,0.4240224063396454,usa_60_92,0,0,0.0005352798034437001
3247,3607,usa,3,1.0595236527259004,0.9644199902500654,0.43786221742630005,usa_53_79,0,0,1.623655165872151e-08
3252,3614,usa,3,1.073369554828533,0.9770230734719164,0.42388102412223816,usa_92_103,1,0,0.0007347111240960658
3262,3629,usa,3,1.0946838210728804,0.9964241546942898,0.35976099967956543,usa_84_104,0,0,6.22059014858678e-05
3266,3637,usa,3,1.0308131284157223,0.9382865448059178,0.4824802875518799,usa_15_110,0,0,7.200862484069148e-08
3267,3638,usa,3,0.8783508408625156,0.7995093900937285,0.6265168786048889,usa_92_112,0,0,5.189195871935226e-05
3270,3642,usa,6,1.6683743455818585,0.9311374513347181,0.29713016748428345,usa_92_112,0,0,3.5746950743487105e-05
3271,3643,usa,3,1.046869728129616,0.9529018917117491,0.46855229139328003,usa_92_112,0,0,6.606839451706037e-05
3274,3649,usa,3,1.092433323771558,0.9943756637712083,0.38559818267822266,usa_92_112,0,0,7.293510861927643e-05
3278,3660,usa,2,0.6724272545115981,0.9701074654424635,0.6014308333396912,usa_6_12,0,0,0.0008966021705418825
3290,3684,usa,2,0.6864734948062147,0.9903719066586415,0.557701051235199,usa_92_103,1,1,0.9997492432594299
3291,3685,usa,6,1.7648837799706785,0.985000392229569,0.21477891504764557,usa_40_104,0,0,8.287200034828857e-05
3292,3686,usa,3,1.0751939346710455,0.9786836955688387,0.4069679081439972,usa_40_104,0,0,1.846892155299429e-05
3295,3690,usa,3,0.9997900184515471,0.9100480931845677,0.4727855622768402,usa_92_106,0,0,5.917106682318263e-05
3296,3691,usa,3,1.0832584686393407,0.9860243507312456,0.4055672585964203,usa_40_106,0,0,3.575690425350331e-05
3297,3692,usa,3,1.0532343825592303,0.9586952498375083,0.457527220249176,usa_40_104,0,0,0.0003765091532841325
3305,3719,usa,3,1.0833532937241257,0.9861106642430851,0.4124491214752197,usa_6_29,0,0,8.441073759968276e-07
3309,3731,usa,3,1.026149221573028,0.934041273848364,0.4439399838447571,usa_12_15,0,0,0.0001248158368980512
3312,3736,usa,3,1.0927392404919352,0.9946541211701767,0.38443759083747864,usa_12_15,0,0,1.0187479347223416e-05
