node_idx,tender_id,country,n_pairs,entropy,max_attention,normalised_entropy,tender_label,pred_prob
0,1,brazil,9,1.5103397369384766,0.37589380145072937,0.6873852370473299,0,0.020726380869746208
2,3,brazil,6,1.5643019676208496,0.34960252046585083,0.8730535512642212,0,0.0005536042735911906
3,4,brazil,2,0.2799765169620514,0.9195050597190857,0.4039207325865163,0,0.23642495274543762
4,5,brazil,7,1.8804017305374146,0.26318493485450745,0.966335332312388,0,0.9677661061286926
8,9,brazil,3,1.0633690357208252,0.4615374803543091,0.9679202086934496,0,0.13706772029399872
12,13,brazil,3,0.8911565542221069,0.647968590259552,0.8111656527185679,0,0.5221181511878967
14,15,brazil,6,1.599527359008789,0.28589925169944763,0.8927132165222571,0,0.04875054955482483
15,16,brazil,7,1.850785732269287,0.23524977266788483,0.9511157198947718,0,0.0014523467980325222
17,18,brazil,58,3.743375539779663,0.0598718523979187,0.9219130843744836,0,0.009747824631631374
18,19,brazil,13,2.2330574989318848,0.27356794476509094,0.8706049078262829,0,0.0007736440165899694
19,20,brazil,15,2.5168991088867188,0.17753127217292786,0.9294137560161586,0,0.0008048057206906378
20,21,brazil,7,1.2337604761123657,0.4541967511177063,0.6340274635554591,0,0.0003319219686090946
21,22,brazil,25,2.9475715160369873,0.11334782838821411,0.9157145775133086,0,0.011873573996126652
22,23,brazil,3,1.0053796768188477,0.507639467716217,0.9151360194939275,0,0.004543658811599016
23,24,brazil,5,1.5237693786621094,0.3404994308948517,0.9467711471749621,0,0.0017665117047727108
24,25,brazil,12,1.441263198852539,0.5888239741325378,0.5800069789243392,0,0.0006137005984783173
26,27,brazil,21,2.0095152854919434,0.36959776282310486,0.6600428561776611,0,0.0010916636092588305
28,29,brazil,21,2.5230352878570557,0.17465882003307343,0.8287129884789697,0,0.01381003949791193
29,30,brazil,14,2.262544631958008,0.2190762460231781,0.857330610657048,0,0.02066006138920784
32,33,brazil,18,2.5183990001678467,0.1803329586982727,0.8713062578500046,0,0.016754260286688805
34,35,brazil,6,1.128551959991455,0.5834580063819885,0.6298568414864691,0,0.005938718095421791
35,36,brazil,2,0.6895387768745422,0.542450487613678,0.9947941738975435,0,0.0005449690506793559
37,38,brazil,4,1.1014384031295776,0.5935876369476318,0.7945198610198503,0,0.8975244164466858
38,39,brazil,3,0.9735756516456604,0.5756329298019409,0.8861867482166651,0,0.0005938906688243151
39,40,brazil,3,1.026798963546753,0.4543772339820862,0.9346326944800345,0,0.921768307685852
40,41,brazil,8,1.8135615587234497,0.2916398048400879,0.8721387557057265,0,0.024711452424526215
41,42,brazil,4,0.9412659406661987,0.6973462104797363,0.6789798523784051,0,0.007110042031854391
42,43,brazil,4,0.9691430330276489,0.5947428941726685,0.699088923830539,0,0.03169107437133789
45,46,brazil,7,1.4177272319793701,0.4373454749584198,0.7285676744466534,0,0.20126478374004364
46,47,brazil,14,2.0568037033081055,0.24451088905334473,0.7793706033691817,0,0.03552756831049919
48,49,brazil,11,1.1271193027496338,0.6995216012001038,0.4700452582461089,0,0.03391299769282341
49,50,brazil,5,1.0865347385406494,0.662572979927063,0.6751019906678993,0,0.011491778306663036
50,51,brazil,3,1.029658555984497,0.5019937753677368,0.9372356076890347,1,0.9412343502044678
54,55,brazil,2,0.11403311043977737,0.9757809042930603,0.1645150029286103,0,0.24050457775592804
56,57,brazil,3,1.0814907550811768,0.39688074588775635,0.9844153085091647,1,0.9509539008140564
58,59,brazil,6,0.9097084999084473,0.7359447479248047,0.5077179808628988,0,0.00360156805254519
59,60,brazil,2,0.6707022190093994,0.6055379509925842,0.967618765278084,0,0.9811719655990601
60,61,brazil,3,0.610055148601532,0.812091588973999,0.5552961266627788,0,0.07470457255840302
61,62,brazil,5,1.4733846187591553,0.3755231499671936,0.9154653356778584,1,0.9608449935913086
62,63,brazil,16,2.5731611251831055,0.1703076958656311,0.9280716986774828,1,0.9554395079612732
63,64,brazil,4,1.0581966638565063,0.4865535795688629,0.7633275396155136,0,0.4801335036754608
64,65,brazil,4,1.0377410650253296,0.6082527041435242,0.7485719441194372,0,0.5637918710708618
65,66,brazil,2,0.6760634183883667,0.5921581387519836,0.9753533410353371,0,0.6094841957092285
67,68,brazil,6,1.369554042816162,0.4978882968425751,0.764362664931922,0,0.02983635477721691
69,70,brazil,2,0.6738436222076416,0.5979260802268982,0.9721508520936207,1,0.033432602882385254
70,71,brazil,2,0.563724160194397,0.748731791973114,0.8132820503417522,1,0.08278095722198486
71,72,brazil,2,0.630962610244751,0.6744771003723145,0.9102866287864582,0,0.005563716404139996
72,73,brazil,7,1.8741365671157837,0.26853781938552856,0.9631156752153363,1,0.9764577746391296
73,74,brazil,3,0.7816727161407471,0.5954400300979614,0.7115091686152529,0,0.06263872236013412
75,76,brazil,5,1.5856858491897583,0.2615511417388916,0.985242013338421,0,0.9650629758834839
80,81,brazil,3,0.948928952217102,0.5394717454910278,0.86375235558991,1,0.6350050568580627
81,82,brazil,3,0.7573565244674683,0.7376365661621094,0.6893756171120577,0,0.017856096848845482
84,85,brazil,5,1.5414409637451172,0.3338790237903595,0.9577511203360775,1,0.9064061045646667
99,100,brazil,4,1.2600274085998535,0.369135320186615,0.9089176468855902,1,0.08264288306236267
101,2,japan,34,3.025383949279785,0.1175951287150383,0.8579338182130691,0,3.9189766539493576e-05
102,3,japan,44,3.6511154174804688,0.05731571465730667,0.9648341575577957,0,4.1506911657052115e-05
103,4,japan,23,3.0745153427124023,0.07882209122180939,0.9805520696204897,0,0.0001799229794414714
104,5,japan,21,2.815487861633301,0.18346232175827026,0.9247715920065988,0,4.226223973091692e-05
105,6,japan,5,1.6000343561172485,0.23470619320869446,0.9941572419512413,0,0.011636683717370033
106,7,japan,19,2.8873276710510254,0.09133563190698624,0.9806036706756331,0,0.00010849682439584285
107,8,japan,7,1.9322749376296997,0.18775980174541473,0.9929928874505162,0,0.00017646525520831347
108,9,japan,43,3.7106099128723145,0.04663407802581787,0.9865494519660997,0,4.704534148913808e-05
109,10,japan,22,3.0192501544952393,0.11397348344326019,0.9767740819007268,0,0.0004537156200967729
110,11,japan,53,3.828049421310425,0.04494083672761917,0.9641732911990252,1,0.9495759606361389
111,13,japan,36,3.5205178260803223,0.04664178937673569,0.9824192048492618,0,4.34423636761494e-05
112,14,japan,33,3.175893783569336,0.10515185445547104,0.9083045661246405,0,0.00013409715029411018
113,15,japan,66,4.140189170837402,0.04191641882061958,0.9881934015486208,0,0.00011242808977840468
114,16,japan,10,2.290236473083496,0.13093769550323486,0.9946370625137276,0,0.610557496547699
115,17,japan,24,3.151928424835205,0.06813410669565201,0.9917794326630772,0,2.777230110950768e-05
116,19,japan,8,2.0685386657714844,0.1579417735338211,0.9947568249985312,0,0.00011731837730621919
117,20,japan,8,2.05098295211792,0.1953006386756897,0.9863143113227766,0,0.002694402588531375
118,21,japan,9,2.0480198860168457,0.20167946815490723,0.9320940185821786,0,0.4044226109981537
119,22,japan,18,2.866715431213379,0.08147316426038742,0.991815472657398,0,0.019663678482174873
120,23,japan,25,3.1624879837036133,0.0696682333946228,0.9824821322000217,0,0.01808934286236763
121,24,japan,30,3.3270151615142822,0.07110097259283066,0.9781893810256844,0,9.304907143814489e-05
122,25,japan,27,3.2601094245910645,0.0733732059597969,0.9891598271195448,0,0.03056568279862404
123,27,japan,36,3.2141385078430176,0.11535641551017761,0.8969224282173788,0,3.582073259167373e-05
124,28,japan,29,3.357891798019409,0.04285897687077522,0.9972072450886792,0,2.481223600625526e-05
125,29,japan,15,2.686464548110962,0.09418325871229172,0.99202907945264,0,4.3083469790872186e-05
126,31,japan,21,2.9727938175201416,0.09024207293987274,0.9764401078755336,0,3.5836001188727096e-05
127,32,japan,14,2.539226531982422,0.1713707000017166,0.9621717965303199,0,0.014998896047472954
128,33,japan,53,3.945089340209961,0.031953781843185425,0.9936522115020976,0,0.00680486299097538
129,34,japan,3,1.0948985815048218,0.35505786538124084,0.9966196380637702,0,0.9253562688827515
130,35,japan,10,2.2880561351776123,0.12772412598133087,0.9936901537925178,1,0.3930938243865967
131,36,japan,11,2.3765830993652344,0.12069728225469589,0.9911121333467309,0,0.5426885485649109
132,37,japan,18,2.864642858505249,0.09117015451192856,0.9910984117110102,0,0.00024850715999491513
133,38,japan,10,2.279125213623047,0.157761812210083,0.9898115038430592,0,0.00035546350409276783
134,39,japan,18,2.838209390640259,0.10007129609584808,0.9819530594590803,0,0.00023081219114828855
135,40,japan,27,3.2096736431121826,0.087798111140728,0.9738569515436589,0,0.009352964349091053
137,42,japan,21,3.018068552017212,0.0713343694806099,0.9913109900658206,0,0.0005721150664612651
138,43,japan,32,3.4348080158233643,0.056861668825149536,0.9910760981668055,0,7.559624646091834e-05
139,44,japan,19,2.883740186691284,0.08309204131364822,0.9793852774995053,0,5.8645091485232115e-05
140,45,japan,7,1.9339711666107178,0.1922803670167923,0.9938645767121408,0,0.0010257834801450372
141,46,japan,17,2.6593310832977295,0.15021058917045593,0.9386271912338429,0,2.3847769625717774e-05
142,47,japan,32,3.375680446624756,0.07990258932113647,0.9740154879942753,0,8.828136196825653e-05
143,48,japan,36,3.54319429397583,0.0465996190905571,0.9887471937018274,0,5.9875252190977335e-05
145,50,japan,5,1.4653172492980957,0.4155794680118561,0.9104527972017027,0,8.898507076082751e-05
146,51,japan,34,3.4846630096435547,0.051756132394075394,0.9881754815817803,0,0.0019547895062714815
147,52,japan,43,3.0185158252716064,0.20550012588500977,0.8025406073654219,0,0.0003678710199892521
149,54,japan,3,1.0976496934890747,0.3441348671913147,0.9991238081086804,0,5.903101191506721e-05
151,56,japan,28,3.3145334720611572,0.05400724336504936,0.9946968926846818,0,5.293839785736054e-05
152,57,japan,25,3.1871461868286133,0.06307168304920197,0.9901426337125364,0,0.0001277424889849499
153,59,japan,25,3.194735050201416,0.06905621290206909,0.9925002466760976,0,6.439159187721089e-05
154,60,japan,24,3.1448793411254883,0.06734893471002579,0.9895613822189961,0,2.990811481140554e-05
155,61,japan,11,2.344383955001831,0.1533067226409912,0.9776840471710463,0,8.743826037971303e-05
156,62,japan,4,1.3350874185562134,0.342411607503891,0.9630619989521485,0,4.809333404409699e-05
157,63,japan,13,2.352118492126465,0.164384663105011,0.9170233655039081,0,0.00037595609319396317
158,64,japan,4,1.36115562915802,0.34998592734336853,0.9818662380321862,0,1.164168497780338e-05
159,65,japan,33,3.4317290782928467,0.06418712437152863,0.9814733753510132,0,3.976238804170862e-05
160,66,japan,16,2.625314712524414,0.18088796734809875,0.9468821291329517,0,0.0007327508646994829
161,67,japan,37,3.536892890930176,0.06331604719161987,0.9794996664269665,0,4.712401278084144e-05
162,68,japan,34,3.432285785675049,0.07251768559217453,0.9733224273909564,0,0.00016383762704208493
163,69,japan,24,3.153740882873535,0.06332524120807648,0.9923497370490578,0,3.111434489255771e-05
164,70,japan,36,3.5213420391082764,0.05979238077998161,0.9826492058739834,0,0.00026028789579868317
165,73,japan,3,1.081807017326355,0.3924688994884491,0.984703182810627,0,0.00037057374720461667
166,74,japan,28,0.16255994141101837,0.967768669128418,0.048784503146378354,0,3.978496351919603e-06
167,75,japan,29,3.343576431274414,0.05028670281171799,0.9929559504392712,0,6.365213630488142e-05
168,76,japan,34,3.38301157951355,0.12407992780208588,0.959349322310652,0,5.164831964066252e-05
169,77,japan,7,1.9423010349273682,0.15943723917007446,0.9981452822322258,0,0.7297156453132629
170,78,japan,36,3.498105764389038,0.055541008710861206,0.9761649999528479,0,0.00021340149396564811
171,79,japan,36,3.4025886058807373,0.08139578253030777,0.9495104293621166,0,4.4165975850773975e-05
172,80,japan,27,3.275238037109375,0.05894690006971359,0.9937500459724128,0,2.387421227467712e-05
173,81,japan,28,2.6749267578125,0.32485052943229675,0.8027498761388614,0,5.883835183340125e-05
174,82,japan,23,3.014542818069458,0.16160131990909576,0.9614250929741072,0,0.00035261991433799267
175,83,japan,33,3.0887324810028076,0.23513948917388916,0.8833764625715134,0,0.00042004050919786096
176,84,japan,27,3.2688188552856445,0.057667482644319534,0.9918023822728096,0,0.0004563158727250993
177,85,japan,23,3.1078901290893555,0.06689515709877014,0.9911962564945717,0,0.00026310255634598434
178,86,japan,10,2.2131869792938232,0.2127426564693451,0.9611748925274338,0,0.006875150837004185
179,87,japan,11,2.323941946029663,0.2055404931306839,0.9691590672838671,0,3.320003452245146e-05
180,88,japan,14,2.5564866065979004,0.11661845445632935,0.968712038919823,1,0.0048950654454529285
181,89,japan,21,2.9989383220672607,0.08211524039506912,0.9850274988644038,0,0.30734673142433167
182,90,japan,68,3.4631552696228027,0.07273703813552856,0.8207486540134812,1,0.9500648379325867
183,91,japan,56,3.8551735877990723,0.044144727289676666,0.957723419961599,1,0.9300556182861328
184,92,japan,9,2.1818430423736572,0.15572448074817657,0.9929995617556718,0,0.00011060505494242534
185,93,japan,37,3.54248046875,0.06110973656177521,0.9810470784576466,0,0.0003424412861932069
186,94,japan,10,2.1089019775390625,0.21379713714122772,0.9158844917200702,1,0.04767142981290817
187,95,japan,20,2.3908042907714844,0.2520248293876648,0.7980700785171135,0,0.0015640550991520286
189,97,japan,45,3.7525227069854736,0.04130273312330246,0.9857776246435463,0,4.682253711507656e-05
190,98,japan,8,2.0532820224761963,0.17895889282226562,0.9874199304576232,0,4.017314859083854e-05
191,99,japan,30,3.005181312561035,0.10588182508945465,0.8835656903547338,0,0.0004337044374551624
192,100,japan,35,3.3102972507476807,0.07446502894163132,0.9310754371995085,1,0.9703298211097717
193,101,japan,7,1.8840230703353882,0.21118669211864471,0.9681963328317242,0,6.281865353230387e-05
194,102,japan,45,3.3051750659942627,0.10925145447254181,0.8682606022667603,0,4.451703352970071e-05
195,104,japan,8,2.056534767150879,0.17326699197292328,0.9889841699947708,0,0.8079360723495483
196,105,japan,13,2.527236223220825,0.10433947294950485,0.9852967333912451,0,0.00045347001287154853
197,106,japan,4,1.329516887664795,0.35033008456230164,0.9590437103060644,0,0.2969880700111389
198,107,japan,33,3.4178543090820312,0.06785125285387039,0.9775051959700437,0,0.0003580718766897917
199,108,japan,9,2.1588852405548096,0.18388965725898743,0.9825510158693518,0,6.525254138978198e-05
200,109,japan,11,2.374948501586914,0.13809426128864288,0.9904304531262212,0,0.005738327279686928
201,110,japan,25,3.142263174057007,0.1130736917257309,0.9761989418108943,0,0.0007878299802541733
202,111,japan,9,2.191164255142212,0.13036911189556122,0.9972418285065086,0,0.0030202947091311216
203,112,japan,31,3.4055655002593994,0.04481039196252823,0.9917234099799134,0,0.0009451794903725386
204,113,japan,19,2.8466084003448486,0.10006263852119446,0.9667744587292187,0,3.082652619923465e-05
205,114,japan,53,3.8991379737854004,0.03221458941698074,0.9820784110297165,0,0.001167046488262713
206,115,japan,13,2.5078389644622803,0.13353917002677917,0.9777342999645899,0,0.00029757150332443416
207,116,japan,27,3.2054238319396973,0.11082792282104492,0.9725675032653412,0,0.0003740584943443537
208,117,japan,21,2.9485206604003906,0.10236218571662903,0.9684673773024255,0,0.000273052864940837
209,118,japan,21,2.380388021469116,0.2939951717853546,0.7818592472746165,0,8.340149361174554e-05
210,119,japan,22,3.024834632873535,0.09412391483783722,0.9785807469538801,0,4.484285454964265e-05
211,120,japan,27,3.264723777770996,0.06066015362739563,0.9905598822095061,0,3.201256549800746e-05
212,121,japan,25,3.118469476699829,0.10442201048135757,0.9688070141157177,0,0.0005308148101903498
213,122,japan,38,3.5257954597473145,0.08166138827800751,0.9692678894546157,0,5.511854760698043e-05
214,123,japan,39,3.6194779872894287,0.05814521759748459,0.9879669941171074,0,0.00011613631068030372
215,124,japan,30,3.3469467163085938,0.09449566155672073,0.9840495392457789,0,3.4565426176413894e-05
216,125,japan,7,1.8885419368743896,0.21587726473808289,0.9705185708555072,0,0.10178602486848831
217,126,japan,27,3.221578359603882,0.07126347720623016,0.9774689981878643,0,0.002017166232690215
218,127,japan,25,3.13305926322937,0.0839347317814827,0.9733395861450032,0,7.03897894709371e-05
219,128,japan,19,2.8955442905426025,0.0948583260178566,0.9833942258712797,0,0.0010791729437187314
220,129,japan,7,1.851980447769165,0.2638624608516693,0.9517296822097626,0,0.3287872076034546
221,130,japan,10,2.1996941566467285,0.20945869386196136,0.9553150341065013,1,0.9437912106513977
222,131,japan,17,2.7977776527404785,0.08238469064235687,0.987492755746729,0,0.00016470602713525295
223,132,japan,25,3.1158547401428223,0.09320846945047379,0.9679947005319485,1,0.9401887059211731
224,133,japan,3,1.0983974933624268,0.34246864914894104,0.999804484887072,0,7.881299825385213e-05
225,134,japan,9,2.126748561859131,0.17847362160682678,0.9679249830881969,0,0.0011497861705720425
226,135,japan,15,2.6484756469726562,0.10362233966588974,0.978000941745723,0,0.00028401901363395154
227,136,japan,11,2.3855395317077637,0.11916477233171463,0.9948472557451653,1,0.9571593999862671
228,137,japan,24,2.6819112300872803,0.26579007506370544,0.8438847713896823,0,5.1270268158987164e-05
229,138,japan,19,2.9196488857269287,0.07597681134939194,0.9915807073554876,0,0.00077715830411762
230,139,japan,25,3.077559232711792,0.10717539489269257,0.9560975322301553,0,4.1086783312493935e-05
231,140,japan,8,2.057185173034668,0.19289885461330414,0.9892969491091399,0,0.004407829605042934
232,141,japan,9,2.1797540187835693,0.15444155037403107,0.9920488061471484,0,0.009727377444505692
233,142,japan,33,3.4134414196014404,0.06396947056055069,0.9762431110458687,0,3.5051351005677134e-05
234,143,japan,2,0.6899554133415222,0.5399271845817566,0.995395253262309,0,0.00038061407394707203
235,144,japan,3,1.0974407196044922,0.34805768728256226,0.9989335918815928,0,9.59396220423514e-06
236,145,japan,44,3.4886929988861084,0.0658438503742218,0.9219128364013336,0,4.244468436809257e-05
237,146,japan,15,2.5770986080169678,0.15015831589698792,0.9516435873190447,0,5.612397217191756e-05
238,147,japan,6,1.7554563283920288,0.2519991397857666,0.9797388313222273,0,0.13263282179832458
239,148,japan,13,2.4499523639678955,0.2065402865409851,0.9551659789464807,0,3.844895400106907e-05
240,149,japan,3,1.0954563617706299,0.3701411485671997,0.9971273515415471,0,7.884360093157738e-05
241,150,japan,3,1.0407501459121704,0.45721811056137085,0.9473316079268621,0,0.02147601544857025
242,151,japan,15,2.6614911556243896,0.11038916558027267,0.982807170465721,1,0.9308982491493225
243,152,japan,19,2.9059596061706543,0.10325531661510468,0.9869315094426989,0,5.0034002924803644e-05
244,153,japan,11,2.3748819828033447,0.11747946590185165,0.9904027126388346,0,0.00014292189734987915
245,154,japan,9,2.1754400730133057,0.1486864537000656,0.990085444816331,0,0.0012221239740028977
246,155,japan,12,2.433520793914795,0.11762483417987823,0.9793208103501234,0,0.46329817175865173
247,156,japan,27,3.258700132369995,0.06225473806262016,0.9887322294324123,0,5.2192008297424763e-05
248,157,japan,9,2.1319785118103027,0.18514896929264069,0.9703052358876227,1,0.0026836185716092587
249,158,japan,14,2.5619118213653564,0.17623069882392883,0.9707677785608587,0,0.0034547841642051935
250,159,japan,10,2.262814998626709,0.15307457745075226,0.982728067471494,0,0.00044344153138808906
251,160,japan,9,2.1705527305603027,0.15470661222934723,0.98786111940899,1,0.9780257344245911
252,161,japan,19,2.922849655151367,0.0745217353105545,0.9926677631399973,0,7.266339525813237e-05
253,162,japan,9,1.9180456399917603,0.30373725295066833,0.8729401899905386,0,0.0007074892055243254
254,163,japan,41,3.2078967094421387,0.13278169929981232,0.8638304715300861,0,3.931059472961351e-05
256,165,japan,3,1.0355814695358276,0.5016483068466187,0.9426268759393754,0,5.011671601096168e-05
258,167,japan,18,2.764529228210449,0.13484907150268555,0.9564614727008981,0,6.378636317094788e-05
259,168,japan,23,2.4568018913269043,0.3653865456581116,0.7835453431378355,0,4.202772834105417e-05
260,169,japan,30,3.3798608779907227,0.061542775481939316,0.9937267669949206,0,0.00014339352492243052
261,170,japan,19,2.8783791065216064,0.0852181538939476,0.9775645299113873,0,3.254782495787367e-05
262,171,japan,40,3.596142292022705,0.0743664875626564,0.974860343569154,0,3.876214395859279e-05
263,172,japan,23,3.0357863903045654,0.1258288025856018,0.9682002839877548,0,5.398286521085538e-05
264,173,japan,6,1.7659320831298828,0.23261983692646027,0.9855854613625682,0,6.059683073544875e-05
265,174,japan,7,1.929897427558899,0.18351951241493225,0.9917710889661642,0,0.2279323935508728
266,175,japan,6,1.5590417385101318,0.3348330855369568,0.8701177614994355,0,0.10676583647727966
267,176,japan,24,3.1570281982421875,0.057022903114557266,0.993384117064041,0,1.798578341549728e-05
268,177,japan,45,3.7193796634674072,0.048501044511795044,0.9770710362325349,0,4.4719949073623866e-05
269,178,japan,35,3.477125406265259,0.05771210044622421,0.9779985942666368,0,4.983705002814531e-05
270,179,japan,25,3.1859071254730225,0.058959562331438065,0.9897576976593907,0,3.3340529626002535e-05
271,180,japan,35,3.3516228199005127,0.06820285320281982,0.9426989318442268,0,0.0007172247860580683
272,182,japan,24,3.1290512084960938,0.08609754592180252,0.9845809339716292,0,0.0010571781313046813
273,183,japan,21,2.990640163421631,0.07396451383829117,0.9823018961416874,0,4.418046955834143e-05
274,184,japan,22,3.063047409057617,0.0670495331287384,0.9909431705571422,0,0.0023849427234381437
275,185,japan,2,0.22241467237472534,0.9416458606719971,0.3208765448559598,1,0.7754209637641907
276,186,japan,15,2.6901605129241943,0.08380433171987534,0.9933938860621069,0,7.285462197614834e-05
277,187,japan,12,2.3002402782440186,0.2746180593967438,0.9256847851569246,0,0.00010065966489491984
278,188,japan,12,2.427013635635376,0.12996546924114227,0.9767021372180869,0,0.9383463263511658
279,189,japan,20,2.955209970474243,0.08082562685012817,0.9864733229209184,0,0.0027058753184974194
280,190,japan,30,3.346916675567627,0.06634613126516342,0.9840407068442463,0,2.6630716092768125e-05
282,192,japan,18,2.8084604740142822,0.1364571750164032,0.9716606406569985,0,0.0003281062818132341
283,193,japan,25,3.073533058166504,0.09764760732650757,0.9548467307813442,0,5.300800330587663e-05
284,194,japan,18,2.368824005126953,0.2156786322593689,0.8195568610354697,0,0.00011823761451523751
285,195,japan,33,3.441244602203369,0.04701212793588638,0.9841948120255364,0,0.000629352405667305
286,196,japan,8,1.7460285425186157,0.396719366312027,0.8396622398473972,1,0.9561876058578491
287,197,japan,21,3.0162742137908936,0.07741709053516388,0.9907216239951077,0,8.492588676745072e-05
288,198,japan,4,1.3476243019104004,0.3717470169067383,0.972105448673793,0,0.00037823128513991833
290,200,japan,45,3.7213501930236816,0.040328994393348694,0.9775886890482415,0,4.466373138711788e-05
291,201,japan,12,2.471743106842041,0.09617657959461212,0.9947026006199942,0,0.0036522215232253075
293,203,japan,2,0.6832396984100342,0.5702663660049438,0.9857065246346273,0,0.00043414728133939207
294,205,japan,23,2.5980048179626465,0.2309902310371399,0.8285790497600304,0,0.0003064892953261733
296,207,japan,19,2.888033628463745,0.08521385490894318,0.9808434302419596,1,0.9540426731109619
297,208,japan,4,1.3605830669403076,0.33949506282806396,0.9814532216961392,0,4.5424545533023775e-05
298,209,japan,21,3.0301997661590576,0.061742153018713,0.9952955933623944,1,0.9809027910232544
300,211,japan,21,3.0190913677215576,0.06938544660806656,0.9916469428220467,0,7.219324470497668e-05
301,212,japan,10,2.270019769668579,0.14382201433181763,0.9858570597783545,0,0.005220526363700628
303,214,japan,7,1.9078264236450195,0.21457618474960327,0.9804288366403853,0,0.0001244170416612178
304,215,japan,21,2.6999213695526123,0.20165753364562988,0.8868127677756613,0,8.177773997886106e-05
305,216,japan,17,2.7736520767211914,0.1255500316619873,0.9789774859489568,0,0.001226412714459002
306,217,japan,24,2.975964069366455,0.12800544500350952,0.9364108439411283,0,0.002559429267421365
307,218,japan,91,1.3188179731369019,0.6437095403671265,0.2923651182732697,1,0.9911841750144958
308,219,japan,27,3.055074453353882,0.17535781860351562,0.9269495359027484,0,0.0007192532648332417
309,220,japan,2,0.6658347845077515,0.6163246035575867,0.9605965416607046,1,0.7763150930404663
310,221,japan,6,1.7890985012054443,0.19100502133369446,0.9985148854696679,0,0.0035978734958916903
311,222,japan,9,2.190375804901123,0.1404060572385788,0.9968829893376673,0,0.0005899104289710522
312,223,japan,19,2.8702661991119385,0.13159039616584778,0.9748091977523339,0,0.00023331440752372146
313,224,japan,37,3.5005719661712646,0.05393238738179207,0.969441026037572,0,0.002698961179703474
314,225,japan,13,2.499983310699463,0.14229020476341248,0.9746716064498174,0,0.004140722565352917
315,226,japan,23,3.0261807441711426,0.09784939140081406,0.9651367649786546,0,2.830559969879687e-05
316,227,japan,19,2.9081361293792725,0.08083627372980118,0.9876707073761655,0,0.00011664127669064328
318,229,japan,87,4.296803951263428,0.0413883775472641,0.9621344275568973,1,0.9887702465057373
319,230,japan,15,2.662975788116455,0.11154462397098541,0.9833553997753036,0,0.00010744972678367049
320,231,japan,24,3.153033494949341,0.05905016511678696,0.9921271517934404,0,0.0004642338608391583
321,233,japan,9,2.1626267433166504,0.14832669496536255,0.9842538471595318,0,3.1923060305416584e-05
322,234,japan,29,3.2084922790527344,0.12213249504566193,0.9528394418097866,0,0.00034452785621397197
323,235,japan,19,2.7237954139709473,0.18173111975193024,0.9250643104657049,0,4.95726999361068e-05
324,236,japan,45,3.6212730407714844,0.07332006841897964,0.9512986902576642,0,0.00020077776571270078
325,237,japan,6,1.7277566194534302,0.28204968571662903,0.9642793294112189,0,0.00012558336311485618
326,238,japan,9,1.92418372631073,0.2728565037250519,0.8757337534625125,0,0.03602924942970276
327,239,japan,17,2.7644548416137695,0.1232704147696495,0.9757312654951683,0,3.812033173744567e-05
328,240,japan,22,3.01669979095459,0.12895911931991577,0.9759489998841797,0,3.294740236015059e-05
329,241,japan,20,2.940062999725342,0.0806371346116066,0.9814171398692428,0,0.000384744955226779
330,242,japan,10,2.2199275493621826,0.17838551104068756,0.9641022849130045,0,3.6246274248696864e-05
331,243,japan,44,3.7429206371307373,0.047747258096933365,0.9890943634490134,0,0.0005609464715234935
332,244,japan,26,3.2395071983337402,0.0555691160261631,0.9942944171632709,0,2.5569122954038903e-05
333,245,japan,4,1.270442247390747,0.41678953170776367,0.9164303650232303,0,0.00027422633138485253
334,246,japan,18,2.8051705360412598,0.12489505112171173,0.9705224002337607,0,2.661797043401748e-05
335,247,japan,23,3.0552890300750732,0.10114134103059769,0.974420241170718,1,0.9275734424591064
336,248,japan,51,2.212862014770508,0.4021390974521637,0.5628077695900355,0,0.00018348604498896748
337,249,japan,10,2.1320607662200928,0.2475096881389618,0.9259422258518052,1,0.7940835356712341
338,250,japan,12,2.32625150680542,0.1390518695116043,0.9361524735763752,1,0.9119470715522766
339,251,japan,45,3.74070143699646,0.048289064317941666,0.9826722088046635,0,5.584321479545906e-05
340,252,japan,37,2.211024284362793,0.494438499212265,0.6123164075872584,0,8.706113294465467e-05
341,253,japan,27,3.257356643676758,0.06820257008075714,0.988324597396041,0,3.677841232274659e-05
342,254,japan,45,3.683978319168091,0.05996733531355858,0.9677711982788285,0,0.0003275555500295013
345,258,japan,22,3.05281925201416,0.06971153616905212,0.9876342036963525,0,5.724974107579328e-05
346,259,japan,18,2.507296562194824,0.26270484924316406,0.8674650779247262,0,2.20734018512303e-05
347,260,japan,34,3.417916774749756,0.05302473530173302,0.9692476849404927,1,0.9374359250068665
348,261,japan,35,3.423288106918335,0.07189372926950455,0.9628559701365059,0,3.7701647670473903e-05
349,262,japan,59,4.018292427062988,0.03731514513492584,0.9854703929374631,0,0.0048004332929849625
350,263,japan,50,3.769484281539917,0.05172453075647354,0.963563935158242,1,0.8231785893440247
351,264,japan,28,3.168483257293701,0.09412052482366562,0.9508669853901331,1,0.8567119240760803
352,265,japan,20,2.665480375289917,0.16540002822875977,0.889759208064251,1,0.8581462502479553
353,266,japan,15,2.6045081615448,0.1266142874956131,0.9617650959663645,1,0.9513435959815979
354,267,japan,61,4.003398418426514,0.04486335441470146,0.9738558152602401,1,0.9521328806877136
355,268,japan,44,3.5766305923461914,0.06094988062977791,0.9451509935676355,1,0.9157320261001587
356,269,japan,70,4.026549339294434,0.0428263321518898,0.9477589381392681,1,0.9864094257354736
357,270,japan,17,2.809319257736206,0.08694005012512207,0.9915664359091992,0,5.219385275267996e-05
358,271,japan,5,1.6049258708953857,0.23730888962745667,0.9971965109658125,0,1.4905665921105538e-05
359,272,japan,22,3.025810956954956,0.10727710276842117,0.9788966028815009,0,0.0019274315563961864
361,274,japan,21,2.8898041248321533,0.1245628148317337,0.9491814180857336,0,0.00028849722002632916
362,275,japan,24,3.1291441917419434,0.07480130344629288,0.9846101918919833,0,0.0035831888671964407
363,276,japan,45,3.742845296859741,0.045851241797208786,0.983235395025938,0,5.833497561980039e-05
364,277,japan,42,3.692758798599243,0.049018848687410355,0.9879842724823946,0,3.61912498192396e-05
365,278,japan,41,3.6499905586242676,0.044421128928661346,0.9828786120376903,0,0.0002251892874483019
366,279,japan,45,3.7403244972229004,0.03602161258459091,0.9825731877397352,0,0.0009890123037621379
367,280,japan,33,3.420628309249878,0.07137370854616165,0.9782985590957002,0,5.578056880040094e-05
368,281,japan,20,2.784778594970703,0.12455819547176361,0.9295819321220509,0,3.434779864619486e-05
369,282,japan,11,2.108349561691284,0.3452776074409485,0.8792500596703777,0,0.00012488727224990726
370,283,japan,43,3.3781986236572266,0.16513989865779877,0.8981704029949732,0,5.600730946753174e-05
371,284,japan,45,3.779778480529785,0.03738909959793091,0.9929376430632397,0,4.856587474932894e-05
372,285,japan,26,3.1823232173919678,0.08313308656215668,0.9767430707637875,0,0.00031310084159485996
373,286,japan,13,2.519125461578369,0.11564728617668152,0.9821345806497644,0,0.0006499740993604064
374,288,japan,26,3.1494953632354736,0.08227293193340302,0.9666672937653474,0,0.0003822239232249558
375,289,japan,19,2.899675130844116,0.08447326719760895,0.9847971553701559,0,0.00047719385474920273
376,290,japan,18,2.852790117263794,0.08073998242616653,0.9869976446698588,0,0.0003175239253323525
377,291,japan,33,3.459568977355957,0.04705164581537247,0.9894355772263708,0,0.00014575316163245589
379,295,japan,17,2.769949197769165,0.13421617448329926,0.9776705321469092,0,0.00025298746186308563
380,296,japan,6,1.7062119245529175,0.31346672773361206,0.9522550062414382,0,9.060207958100364e-05
381,297,japan,10,2.2770426273345947,0.14814868569374084,0.988907048109897,0,0.0005165358888916671
382,298,japan,6,1.7833765745162964,0.199715718626976,0.9953214173801073,0,1.3928272892371751e-05
383,299,japan,62,4.000256061553955,0.05430477857589722,0.9692575255240324,0,0.0005508982576429844
384,300,japan,15,2.652005434036255,0.11310870945453644,0.9793043840017647,0,5.651609171763994e-05
385,301,japan,25,3.098424196243286,0.14177507162094116,0.96257959760537,0,3.483103500911966e-05
386,302,japan,7,1.9130032062530518,0.19585630297660828,0.9830891766414617,0,0.09164146333932877
387,303,japan,28,3.304778814315796,0.0662643313407898,0.9917695040098347,0,0.00036190179525874555
388,304,japan,30,3.133714199066162,0.1821974217891693,0.9213561717887495,0,7.82927600084804e-05
389,305,japan,3,1.0856564044952393,0.3721294403076172,0.9882070460102195,0,0.0026501643005758524
390,306,japan,28,3.2848973274230957,0.054479021579027176,0.9858030374163257,0,6.968099478399381e-05
391,307,japan,10,2.1114349365234375,0.16078594326972961,0.9169845418298717,1,0.9787576794624329
392,308,japan,78,3.6020140647888184,0.09993626177310944,0.8267741104759067,1,0.9965649247169495
393,309,japan,39,3.5625579357147217,0.056424520909786224,0.972430186749654,0,4.366331995697692e-05
394,310,japan,38,3.468806266784668,0.08518902212381363,0.953601128459755,0,0.00032545291469432414
395,311,japan,39,3.562793016433716,0.056147437542676926,0.9724943540113793,0,4.256109241396189e-05
396,312,japan,5,1.5932925939559937,0.2587648034095764,0.9899683495999615,0,0.0021226024255156517
397,313,japan,17,2.72684383392334,0.11736863851547241,0.9624562300061066,0,3.659453068394214e-05
398,314,japan,11,2.3810501098632812,0.13063323497772217,0.9929750214172486,0,0.0012272500898689032
399,315,japan,22,3.0479750633239746,0.07026967406272888,0.9860670337971094,1,0.9800999760627747
400,316,japan,33,3.4525766372680664,0.06035938858985901,0.9874357702861685,0,5.4815045587019995e-05
401,317,japan,10,2.2678873538970947,0.16004183888435364,0.9849309633756754,0,0.02551964856684208
402,318,japan,26,3.237900972366333,0.06011584401130676,0.9938014219592728,0,0.0014670268865302205
403,319,japan,23,3.0752251148223877,0.08234576135873795,0.9807784365218795,0,5.306141247274354e-05
404,321,japan,28,3.2836313247680664,0.06079374626278877,0.9854231079578656,0,0.0010586072457954288
405,322,japan,4,1.3395384550094604,0.35106614232063293,0.9662727430611062,0,0.0005826848209835589
406,324,japan,16,2.7426352500915527,0.09014341235160828,0.9891965685685863,0,0.009313113987445831
407,325,japan,38,3.606950521469116,0.03806177154183388,0.9915780308940988,0,0.0008389564463868737
408,326,japan,32,3.423699378967285,0.06265833973884583,0.9878708231061453,0,3.8794245483586565e-05
409,327,japan,10,1.7149008512496948,0.4602815508842468,0.7447719767089317,0,4.582552719512023e-05
410,328,japan,30,3.057889938354492,0.10503141582012177,0.8990627697296739,0,0.00028943500365130603
411,329,japan,14,2.5672788619995117,0.13502904772758484,0.9728014746742122,0,0.00021979866141919047
412,330,japan,34,3.473978281021118,0.06248253211379051,0.985145522351052,0,3.696346902870573e-05
413,331,japan,6,1.7675130367279053,0.22190581262111664,0.9864678083657089,0,0.00011273855488980189
414,332,japan,7,1.8814085721969604,0.2134629487991333,0.9668527465722574,0,5.492052514455281e-05
415,333,japan,28,3.282094955444336,0.06588384509086609,0.9849620410218359,0,4.048470509587787e-05
416,334,japan,37,3.523935079574585,0.0703522264957428,0.9759111574469598,0,5.246482396614738e-05
417,335,japan,8,2.0651092529296875,0.16406074166297913,0.9931076260318574,0,0.0001938499917741865
418,336,japan,21,2.9221813678741455,0.11882997304201126,0.9598160064996074,0,5.7298570027342066e-05
419,338,japan,35,3.4480481147766113,0.07453174144029617,0.9698201287589683,1,0.9357081055641174
420,339,japan,45,3.5462214946746826,0.08174353837966919,0.9315828509106014,1,0.8994053602218628
421,340,japan,34,3.4965765476226807,0.04488418623805046,0.9915539047168971,0,0.013496600091457367
422,341,japan,5,1.4629822969436646,0.430917888879776,0.9090020097333624,0,5.2714120101882145e-05
423,342,japan,12,2.43056321144104,0.1592666059732437,0.9781305916052836,0,2.896757359849289e-05
424,343,japan,31,1.4192126989364624,0.6139315962791443,0.41328421290644946,0,1.5568779190289206e-06
425,344,japan,27,3.1137351989746094,0.12644952535629272,0.9447479731451367,0,2.532581493142061e-05
426,345,japan,36,3.55842661857605,0.04227413609623909,0.9929978548150576,1,0.9484906792640686
427,346,japan,46,3.6001617908477783,0.10595536231994629,0.9403235816624573,0,0.00023455588961951435
428,347,japan,19,2.874314308166504,0.09447839111089706,0.9761840297944335,0,0.011768239550292492
429,348,japan,3,1.081824541091919,0.41286399960517883,0.9847191336294415,0,0.0005627480568364263
430,349,japan,26,2.390655517578125,0.23627248406410217,0.7337583431551353,0,4.675025775213726e-05
431,350,japan,15,2.422595739364624,0.22665245831012726,0.8945904098744542,1,0.9551506638526917
432,351,japan,19,2.8896124362945557,0.08754773437976837,0.9813796301231531,0,4.728859130409546e-05
433,352,japan,10,2.260490894317627,0.1519676148891449,0.9817187217946921,1,0.8841476440429688
434,353,japan,21,3.0299744606018066,0.06289985030889511,0.9952215897832256,0,7.57034431444481e-05
435,354,japan,13,1.9413975477218628,0.4119362235069275,0.7568950794581041,0,0.001437600003555417
436,355,japan,44,3.636784553527832,0.056431595236063004,0.961047121140755,1,0.9268254041671753
437,356,japan,25,2.8794260025024414,0.26500028371810913,0.8945439834170495,0,0.00018555913993623108
438,357,japan,30,3.2810544967651367,0.07664299011230469,0.9646762973696325,0,3.254695548093878e-05
439,358,japan,18,1.8480654954910278,0.5445216298103333,0.6393867814554736,0,0.00016868411330506206
440,359,japan,68,3.997450113296509,0.044191330671310425,0.9473735782951177,1,0.951435387134552
441,360,japan,59,2.659687042236328,0.3058467209339142,0.6522777727550956,1,0.9930338859558105
442,362,japan,14,2.577244997024536,0.10631850361824036,0.976577874267046,1,0.4257829189300537
443,363,japan,57,1.7451667785644531,0.5455513000488281,0.43164596809556677,1,0.9640190005302429
444,364,japan,66,3.972871780395508,0.061015669256448746,0.9482575593983037,1,0.9931724667549133
445,365,japan,32,2.555349826812744,0.3647494614124298,0.7373181045758435,0,5.91477109992411e-05
446,366,japan,27,3.2481045722961426,0.07117115706205368,0.9855173979633117,0,3.623673546826467e-05
447,367,japan,11,2.309786081314087,0.15992368757724762,0.9632556131688523,1,0.9690234065055847
448,368,japan,3,1.0957472324371338,0.36398714780807495,0.997392113432074,0,1.178913953481242e-05
449,369,japan,13,2.535460948944092,0.11740610748529434,0.9885033174508253,0,0.015325707383453846
450,370,japan,18,2.7882790565490723,0.1152404397726059,0.9646783493963409,0,3.123784699710086e-05
451,371,japan,53,3.9323043823242188,0.03577109053730965,0.9904320558651526,0,4.723306847154163e-05
452,372,japan,37,3.1247191429138184,0.16115011274814606,0.8653531369328832,0,5.403957766247913e-05
453,373,japan,15,2.5835046768188477,0.1296909600496292,0.9540091523293509,1,0.940387487411499
454,374,japan,38,3.6125998497009277,0.042082227766513824,0.9931310740341783,0,0.00411825068295002
455,375,japan,10,2.188873291015625,0.20407219231128693,0.9506155918734965,0,0.014797018840909004
456,376,japan,28,3.148810386657715,0.09393646568059921,0.9449631248749957,1,0.959948718547821
457,377,japan,19,2.864694356918335,0.10646265000104904,0.972916870476059,0,4.573179830913432e-05
458,378,japan,48,3.843179225921631,0.03100469335913658,0.9927614750803941,0,0.0005005390266887844
459,379,japan,20,2.976243019104004,0.07055052369832993,0.9934943270391563,0,0.0005788934649899602
460,380,japan,20,2.9202587604522705,0.10183151066303253,0.974806322391359,0,3.626107354648411e-05
461,381,japan,64,3.885202407836914,0.05172933638095856,0.9341937077726961,1,0.9542755484580994
462,382,japan,56,3.310042142868042,0.12034796923398972,0.8222988690619302,1,0.9126060009002686
463,383,japan,22,3.0364298820495605,0.06309480220079422,0.9823319892454337,0,5.144790338817984e-05
464,384,japan,10,2.206562042236328,0.1935395449399948,0.9582977189204073,0,0.000376473821233958
465,385,japan,55,3.7089619636535645,0.06875929236412048,0.9255436950742099,0,5.8554232964525e-05
466,386,japan,45,3.6447341442108154,0.05988073721528053,0.9574618590445947,0,0.00020506163127720356
467,387,japan,12,2.425506591796875,0.16199630498886108,0.9760956581623728,0,0.00028483738424256444
469,389,japan,16,2.239119529724121,0.24094444513320923,0.8075916603726544,0,0.0044240267015993595
470,394,japan,24,3.110842227935791,0.07103361189365387,0.9788513329225779,0,3.1617903005098924e-05
471,395,japan,16,2.624298095703125,0.11143364757299423,0.9465154621213122,1,0.9558776021003723
472,396,japan,30,3.369166374206543,0.059823814779520035,0.9905824320492805,0,0.0004887937102466822
474,401,japan,11,2.3241095542907715,0.19640149176120758,0.9692289653578197,0,0.001472713891416788
475,402,japan,10,2.250330924987793,0.16544005274772644,0.9773063031784389,0,0.8759572505950928
476,403,japan,11,2.351285457611084,0.15054456889629364,0.9805621973086037,0,0.00012809401960112154
477,404,japan,58,3.899904489517212,0.054841049015522,0.9604628064937172,0,0.0006305982242338359
478,405,japan,51,3.7966678142547607,0.04534570127725601,0.9656246662251105,0,0.45342525839805603
479,406,japan,66,3.8900420665740967,0.0767727717757225,0.9284875022166114,0,0.00015734770568087697
480,408,japan,12,2.438047170639038,0.14213041961193085,0.9811423583445438,1,0.9236264228820801
481,409,japan,3,0.008288676850497723,0.9990001320838928,0.007544678806156817,0,4.313069803174585e-05
482,412,japan,13,2.461656093597412,0.1744866520166397,0.9597289265912247,1,0.8797210454940796
483,413,japan,5,1.5844078063964844,0.2779217064380646,0.9844479207030977,0,0.6266337037086487
484,414,japan,41,3.1446166038513184,0.15950512886047363,0.8467902459860105,0,5.646039062412456e-05
485,415,japan,44,3.3668909072875977,0.11934129893779755,0.8897257360227532,0,4.351720053819008e-05
486,416,japan,37,3.4392945766448975,0.06859398633241653,0.9524709948685459,1,0.8456028699874878
487,417,japan,45,3.269752025604248,0.10911598056554794,0.8589550648083679,1,0.9862749576568604
488,418,japan,35,3.19315767288208,0.11498802155256271,0.8981280081884293,0,9.383068390889093e-05
489,419,japan,10,0.3327215015888214,0.9288803339004517,0.14449911215058917,0,0.00039012718480080366
491,421,japan,84,0.2811785936355591,0.9549466967582703,0.06345976518572426,1,0.9252851009368896
492,422,japan,78,1.9219646453857422,0.47151079773902893,0.4411505844989257,1,0.9951274394989014
493,423,japan,72,4.1079020500183105,0.03409178555011749,0.9605384043782748,1,0.9578559398651123
494,424,japan,34,3.3174800872802734,0.06387976557016373,0.9407660005612658,0,0.001221835846081376
495,425,japan,21,2.943857192993164,0.09013466536998749,0.9669356206796319,0,0.02353760227560997
496,426,japan,16,2.668151378631592,0.12965194880962372,0.9623321905732122,1,0.8628122806549072
497,427,japan,31,3.2841663360595703,0.091433584690094,0.9563711628773996,0,0.0007442842470481992
498,428,japan,50,3.848008155822754,0.03892068192362785,0.9836363821182627,1,0.8960998058319092
499,429,japan,44,3.611417770385742,0.08329756557941437,0.9543437617438781,1,0.8694815039634705
500,430,japan,14,2.6053218841552734,0.09656743705272675,0.9872168576705747,0,0.00152335106395185
501,431,japan,35,3.3409364223480225,0.13131341338157654,0.9396932071253892,0,3.818269760813564e-05
502,432,japan,31,3.4070796966552734,0.055988505482673645,0.9921643540795001,0,4.0809460188029334e-05
503,433,japan,24,3.011439561843872,0.12279227375984192,0.9475734907593331,0,4.3631393054965883e-05
504,434,japan,41,2.446664571762085,0.42337721586227417,0.6588439722763835,1,0.9609349966049194
505,435,japan,17,2.805164337158203,0.07724583894014359,0.9900999312470213,1,0.9398671984672546
506,436,japan,19,2.8903560638427734,0.0894538015127182,0.9816321833441501,1,0.9200460314750671
507,437,japan,54,3.204991340637207,0.18924285471439362,0.8034605561778762,0,0.0003888884384650737
508,438,japan,14,2.5787081718444824,0.1293923705816269,0.9771323051251887,0,6.554746505571529e-05
509,439,japan,36,3.5716567039489746,0.03732338547706604,0.9966897804334625,0,0.16689538955688477
510,440,japan,6,1.757897138595581,0.21715344488620758,0.9811010734342245,0,0.9042991399765015
511,441,japan,8,2.065964698791504,0.15179243683815002,0.9935190085327213,0,0.0017879367806017399
512,442,japan,45,3.620695114135742,0.06960687041282654,0.9511468704844915,0,4.4688829802908e-05
513,443,japan,37,3.4724936485290527,0.080469511449337,0.9616650758992731,0,0.00014887169527355582
514,444,japan,10,2.1908607482910156,0.16751445829868317,0.9514787336012172,1,0.016688575968146324
515,445,japan,30,3.3737339973449707,0.04686892777681351,0.9919253776727996,0,0.005202288273721933
516,446,japan,24,2.822477340698242,0.2034231573343277,0.888115019873413,0,0.00011892464681295678
517,447,japan,58,3.8861045837402344,0.04304604232311249,0.9570641857665861,1,0.8980504274368286
518,448,japan,45,3.5748212337493896,0.06067120283842087,0.9390959254612251,1,0.9912145137786865
519,449,japan,59,3.8228678703308105,0.06145019829273224,0.9375432900179647,1,0.9275014400482178
520,450,japan,61,3.405334949493408,0.10417185723781586,0.8283725217577831,1,0.9743971824645996
521,451,japan,38,3.0462076663970947,0.11216749995946884,0.8374255708698393,0,0.000220188609091565
522,452,japan,46,3.7008116245269775,0.04440290853381157,0.9666122368944402,1,0.9273882508277893
523,453,japan,36,3.5206568241119385,0.047253869473934174,0.9824579929885192,0,0.0007960746879689395
524,454,japan,19,2.9278066158294678,0.07979502528905869,0.9943512623441492,0,0.00014929160533938557
525,455,japan,36,3.220133066177368,0.10605116188526154,0.89859524157132,0,0.00012612086720764637
526,456,japan,34,3.2162420749664307,0.09534523636102676,0.912057077691032,0,3.9104204915929586e-05
527,457,japan,10,2.2791643142700195,0.1263212263584137,0.9898284850382782,0,0.06323141604661942
528,458,japan,37,3.596374273300171,0.037617798894643784,0.9959723151575597,1,0.9659563302993774
529,459,japan,79,0.8673864603042603,0.7906941175460815,0.19851168605079647,1,0.7004886269569397
530,460,japan,8,2.0518672466278076,0.17128178477287292,0.98673956709081,0,3.735229620360769e-05
531,461,japan,2,0.6806827783584595,0.578779935836792,0.982017668756271,0,7.414224091917276e-05
532,462,japan,13,2.511857509613037,0.12498573958873749,0.9793010151666139,0,0.00017722389020491391
533,463,japan,16,2.6059017181396484,0.16238413751125336,0.9398803714510251,0,9.172051068162546e-05
534,464,japan,8,2.054262638092041,0.1868627667427063,0.987891506886289,1,0.9537174701690674
535,465,japan,18,2.1744561195373535,0.3067646026611328,0.752310187641776,0,0.00018071818340104073
536,466,japan,5,1.5989316701889038,0.2329501360654831,0.9934721046621134,0,0.4907812178134918
539,469,japan,59,3.9278714656829834,0.03573355823755264,0.9632950082539581,1,0.9151309132575989
540,470,japan,42,3.6645209789276123,0.05241914466023445,0.9804293458688969,1,0.9598862528800964
541,471,japan,38,3.499556303024292,0.07163631916046143,0.9620545464378839,0,0.0009136982262134552
542,472,japan,19,2.822629451751709,0.12750935554504395,0.958630649751412,0,0.0006233619642443955
543,473,japan,22,3.0593419075012207,0.06855078041553497,0.9897443835419816,0,9.539490565657616e-05
544,474,japan,34,3.46344256401062,0.07272879779338837,0.9821578196085353,0,0.0008269211975857615
545,475,japan,35,3.4801838397979736,0.06005539745092392,0.9788588288990328,0,0.0001346029166597873
546,476,japan,45,3.3688852787017822,0.13149958848953247,0.8849971038291469,0,0.0003951029502786696
547,477,japan,45,3.5313873291015625,0.0930672213435173,0.9276859555034084,0,0.00038794660940766335
548,478,japan,33,3.4436450004577637,0.058327220380306244,0.9848813251281672,0,0.02258874848484993
549,479,japan,51,3.8208651542663574,0.04559915140271187,0.9717788913286358,0,0.03097069449722767
550,480,japan,42,3.6991195678710938,0.04067418351769447,0.9896860733159235,0,0.0012639608466997743
551,481,japan,40,2.944039821624756,0.20755262672901154,0.7980851253736374,0,0.0003558222088031471
552,482,japan,24,3.127155065536499,0.06840213388204575,0.9839842974573297,0,6.245644181035459e-05
553,483,japan,7,1.8679792881011963,0.218533456325531,0.9599514597362317,1,0.15170148015022278
554,484,japan,20,2.8110811710357666,0.126337468624115,0.9383619477119819,0,0.001075430540367961
555,485,japan,25,3.0193870067596436,0.12522153556346893,0.9380253141275727,0,5.8800214901566505e-05
556,486,japan,64,2.914994478225708,0.15817473828792572,0.7009080129924902,1,0.9947294592857361
557,487,japan,17,2.727505683898926,0.12938794493675232,0.9626898340080693,1,0.9269601106643677
558,488,japan,22,3.049661159515381,0.07325852662324905,0.9866125119705245,0,0.019627613946795464
559,489,japan,20,2.9025168418884277,0.10066919028759003,0.9688839244786795,0,0.00151638756506145
560,490,japan,23,2.5771992206573486,0.16903150081634521,0.8219435416479122,0,0.0006232190644368529
561,491,japan,16,2.7516980171203613,0.09104988723993301,0.9924652708308849,0,5.739853804698214e-05
562,492,japan,25,3.1912336349487305,0.06588321179151535,0.9914124708676508,0,4.700103818322532e-05
563,493,japan,32,3.4161770343780518,0.05945427343249321,0.9857003332591963,0,8.676027209730819e-05
564,496,japan,28,3.1810684204101562,0.08701719343662262,0.9546438133363246,0,0.3355373740196228
566,498,japan,29,3.3119115829467773,0.058847714215517044,0.9835523073005679,0,0.00015940269804559648
567,499,japan,16,2.7278480529785156,0.09362644702196121,0.9838632145826798,0,0.06556891649961472
568,500,japan,15,2.6552443504333496,0.121993288397789,0.9805004166291423,0,7.186191214714199e-05
569,501,japan,42,2.997957944869995,0.22010503709316254,0.8020928147862606,1,0.8972491025924683
570,503,japan,43,3.422269821166992,0.08915200084447861,0.9098877262306816,0,4.179017196292989e-05
571,504,japan,30,3.3760547637939453,0.05260102450847626,0.9926077157404128,0,6.961949839023873e-05
572,505,japan,28,3.2862660884857178,0.07456879317760468,0.9862138048402466,0,0.0003044977493118495
573,506,japan,14,2.6241888999938965,0.09505743533372879,0.9943660073411404,0,9.48220695136115e-05
574,507,japan,7,1.9160854816436768,0.1895236372947693,0.9846731528554309,0,3.3452284696977586e-05
575,508,japan,66,4.103697299957275,0.03982081636786461,0.9794834067812532,0,0.0003559942706488073
576,509,japan,7,1.8944950103759766,0.1952294111251831,0.973577845459978,0,0.07701088488101959
577,510,japan,18,2.8415627479553223,0.10585114359855652,0.983113241468852,0,0.9462708830833435
578,511,japan,6,1.7588651180267334,0.20881468057632446,0.9816413130410336,0,0.34753888845443726
579,512,japan,4,1.331413745880127,0.3602040112018585,0.9604120042763289,0,0.006687308195978403
580,513,japan,8,2.061800479888916,0.16500362753868103,0.9915164425460747,0,0.003006161656230688
581,514,japan,31,3.2559430599212646,0.08101778477430344,0.9481523564411255,0,3.572166315279901e-05
582,515,japan,14,2.580671548843384,0.10574377328157425,0.9778762741844693,0,0.8795765042304993
583,516,japan,5,1.5869075059890747,0.27503740787506104,0.9860010713858786,1,0.9693525433540344
584,517,japan,28,3.1658694744110107,0.08730576932430267,0.9500825848904912,0,0.000669140019454062
585,518,japan,11,2.114732265472412,0.20823176205158234,0.8819118538919741,0,0.0010481387143954635
586,519,japan,10,2.2373082637786865,0.1533442884683609,0.9716506332756284,1,0.8262843489646912
587,520,japan,9,2.0089378356933594,0.2185584455728531,0.9143070109514579,0,0.003946996293962002
588,521,japan,15,2.6616148948669434,0.09360218048095703,0.9828528635782428,0,0.00014172519149724394
589,522,japan,10,2.2629125118255615,0.14426426589488983,0.9827704169156684,0,0.0012902440503239632
590,523,japan,9,2.137298822402954,0.1810796856880188,0.9727266135872575,1,0.9742253422737122
591,524,japan,20,2.8768532276153564,0.12071160972118378,0.9603171995748465,0,8.702983177499846e-05
592,525,japan,6,1.6073505878448486,0.3955305814743042,0.8970794436696041,0,0.00017373850278090686
593,526,japan,12,2.4116528034210205,0.1735409051179886,0.9705204835870879,0,0.0001486053370172158
594,527,japan,52,3.9195711612701416,0.03441281244158745,0.9919841549731949,0,4.845461808145046e-05
595,528,japan,28,3.222384452819824,0.07921978831291199,0.9670428219456418,1,0.9749248027801514
596,529,japan,16,2.568829298019409,0.17030203342437744,0.9265093222857197,0,0.00032380581251345575
597,530,japan,45,3.7188127040863037,0.05515006557106972,0.9769220975276649,0,4.721964432974346e-05
598,531,japan,31,3.360853910446167,0.06966123729944229,0.9787030965218917,0,5.073568900115788e-05
599,532,japan,39,2.5824427604675293,0.3645997941493988,0.7048994966949006,0,3.727518560481258e-05
600,533,japan,9,2.159154176712036,0.14956998825073242,0.9826734139892347,0,0.5124821066856384
601,534,japan,26,3.177912473678589,0.06367842108011246,0.9753892914445114,0,0.013562952168285847
602,535,japan,20,2.6559221744537354,0.13638827204704285,0.8865686022412406,0,0.0003157371829729527
603,536,japan,9,2.1700448989868164,0.15190500020980835,0.9876299952996366,1,0.9351398944854736
604,537,japan,8,2.046189308166504,0.19138896465301514,0.9840090558706115,0,0.006607268936932087
605,538,japan,41,3.6738455295562744,0.049072057008743286,0.9893023384400643,0,0.008776607923209667
606,540,japan,15,2.6518001556396484,0.13184893131256104,0.9792285809769453,0,0.00047199567779898643
607,541,japan,29,3.333827018737793,0.05090736225247383,0.9900606264081004,0,0.0001868008985184133
608,542,japan,32,3.3521831035614014,0.09159529954195023,0.9672355879319616,0,5.544386294786818e-05
609,543,japan,17,2.795618772506714,0.09112641215324402,0.9867307657475313,0,0.8373669385910034
610,544,japan,30,3.3425121307373047,0.058906760066747665,0.9827457085433332,0,7.889548578532413e-05
611,545,japan,11,2.38042950630188,0.12091919779777527,0.9927162096299109,0,0.00012523584882728755
612,546,japan,43,3.7083637714385986,0.04786096513271332,0.9859522645353261,0,6.267414573812857e-05
613,548,japan,18,2.8390064239501953,0.09026236087083817,0.9822288140597676,0,0.17739802598953247
614,549,japan,36,3.5226328372955322,0.052301790565252304,0.9830094099665037,0,0.006500369869172573
615,551,japan,55,3.952164649963379,0.050120748579502106,0.9862331049805404,0,0.00011513553909026086
616,552,japan,2,0.6911942958831787,0.5312380790710449,0.9971825829614008,1,0.9694692492485046
617,553,japan,9,2.129336357116699,0.16673360764980316,0.9691027394651557,1,0.5311885476112366
619,555,japan,20,2.499073028564453,0.21175052225589752,0.8342110710713393,0,9.468998177908361e-05
620,556,japan,33,3.4131109714508057,0.06461414694786072,0.9761486029846602,0,4.2725587263703346e-05
621,557,japan,4,1.252781867980957,0.38555821776390076,0.9036910941258695,1,0.9270724058151245
622,558,japan,3,1.0792479515075684,0.41744306683540344,0.9823738207188475,0,0.18021956086158752
623,559,japan,6,1.7294402122497559,0.2660861015319824,0.9652189604416334,0,0.0003077888395637274
624,560,japan,17,2.5720438957214355,0.13058815896511078,0.9078186438438578,1,0.9061990976333618
625,561,japan,13,2.484365701675415,0.12912419438362122,0.9685827497717642,0,0.05213644728064537
626,562,japan,60,4.01829195022583,0.037245094776153564,0.9814249604935559,0,5.8063909818883985e-05
627,563,japan,39,3.5306267738342285,0.06772232055664062,0.9637143072409178,0,0.00028775332611985505
628,564,japan,15,2.6727120876312256,0.11765392124652863,0.9869507169931335,0,0.0007323183235712349
629,565,japan,45,3.7940142154693604,0.028971752151846886,0.9966773323521723,0,3.67379943781998e-05
630,566,japan,55,3.9757416248321533,0.04227112978696823,0.992116562576644,0,3.720213862834498e-05
631,567,japan,13,2.5412096977233887,0.12053515017032623,0.9907445892960466,0,0.0021560732275247574
632,568,japan,23,2.696436643600464,0.13841286301612854,0.8599718123866548,0,8.020524546736851e-05
633,569,japan,5,1.508305549621582,0.3615710437297821,0.937162929970025,0,5.63903886359185e-05
635,571,japan,4,1.348143219947815,0.34199613332748413,0.9724797689133958,0,0.0019725628662854433
636,573,japan,21,3.022733211517334,0.07193297892808914,0.992843138241943,0,0.0002890935866162181
637,574,japan,29,3.345717668533325,0.05186090245842934,0.993591842670611,0,3.8353628042386845e-05
638,575,japan,45,2.4374802112579346,0.397285133600235,0.6403194971469623,0,3.8726084312656894e-05
639,576,japan,21,3.0035462379455566,0.07634524255990982,0.986541009102069,0,6.057944119675085e-05
640,577,japan,23,3.121100902557373,0.05771736800670624,0.9954095551193637,0,2.33669052249752e-05
641,578,japan,2,0.692891001701355,0.51131671667099,0.9996304120311311,0,0.08656720072031021
642,579,japan,17,2.7677431106567383,0.1170896664261818,0.9768918801907991,1,0.8458395600318909
643,580,japan,20,2.426138401031494,0.2740393877029419,0.8098648942861779,1,0.8558768033981323
644,581,japan,4,1.2754472494125366,0.4598468840122223,0.9200407108214678,1,0.022477829828858376
645,582,japan,43,3.6832187175750732,0.059103887528181076,0.9792668840476972,0,6.09896524110809e-05
648,585,japan,54,3.955442428588867,0.04160204157233238,0.9915914384254565,0,0.00013589022273663431
649,586,japan,24,3.127984046936035,0.0940466970205307,0.9842451430703335,0,3.940622991649434e-05
650,587,japan,4,1.3821736574172974,0.27637919783592224,0.997027540601648,0,6.221717194421217e-05
651,588,japan,12,2.2158563137054443,0.19758285582065582,0.8917261796914946,1,0.928114116191864
652,589,japan,6,0.06520980596542358,0.9900936484336853,0.03639428566464782,0,0.0004171339678578079
653,590,japan,26,3.1723906993865967,0.10525065660476685,0.9736945060912985,0,8.233627886511385e-05
654,591,japan,7,0.8805532455444336,0.7320387363433838,0.4525148532535885,0,5.103966759634204e-05
655,592,japan,20,2.80879807472229,0.138302743434906,0.9375998314395662,0,5.8530560636427253e-05
656,593,japan,14,2.6316497325897217,0.08506889641284943,0.9971930897664066,0,6.924150511622429e-05
657,594,japan,4,1.3848284482955933,0.26885583996772766,0.9989425674190053,0,7.680918497499079e-05
658,595,japan,22,2.0695548057556152,0.3173588216304779,0.6695329608000408,0,4.1640043491497636e-05
659,596,japan,45,3.742717742919922,0.046573538333177567,0.9832018869489383,0,0.0003951715480070561
660,597,japan,48,3.2281298637390137,0.15978141129016876,0.8338832973651085,1,0.8213056325912476
662,599,japan,72,2.9755702018737793,0.24943327903747559,0.6957686476021601,1,0.9572026133537292
663,600,japan,54,3.190075635910034,0.16523310542106628,0.7997213322168227,1,0.8720884323120117
664,601,japan,25,3.064520835876465,0.1130816787481308,0.9520469265079351,0,0.004281790927052498
665,602,japan,2,0.6638120412826538,0.6205136775970459,0.9576783400408645,0,7.7364245953504e-05
666,603,japan,15,2.6238861083984375,0.11136741191148758,0.9689207782523689,1,0.9777076840400696
667,604,japan,24,3.0996859073638916,0.10083090513944626,0.9753409076222368,0,0.00023475992202293128
668,605,japan,58,1.438736915588379,0.7152124643325806,0.354330035380737,0,0.00011117541725980118
669,606,japan,11,2.2388298511505127,0.1892712563276291,0.9336645668172877,1,0.24035093188285828
670,607,japan,21,3.0319149494171143,0.06848180294036865,0.995858960292066,0,8.397009514737874e-05
671,608,japan,43,3.6003026962280273,0.05113166570663452,0.957221787058287,1,0.8229348659515381
672,609,japan,38,3.1122164726257324,0.15245962142944336,0.8555718918998276,1,0.9378275871276855
673,610,japan,28,2.4879443645477295,0.34743502736091614,0.746636155419199,0,2.336871148145292e-05
674,611,japan,66,4.145076274871826,0.03998638689517975,0.9893598709441539,0,0.00011364825331838802
675,612,japan,3,1.079178810119629,0.4273540675640106,0.9823108855153615,0,0.07687541842460632
676,613,japan,4,1.3741865158081055,0.3154158294200897,0.9912660358064185,0,0.0013130377046763897
677,614,japan,71,2.7954795360565186,0.24011363089084625,0.6558033013721953,1,0.9845638275146484
678,615,japan,36,2.478187084197998,0.3221527338027954,0.6915512731364766,0,4.1141560359392315e-05
679,616,japan,10,1.8872414827346802,0.3205653727054596,0.8196185619705826,1,0.8536633253097534
680,617,japan,24,2.869152307510376,0.14631718397140503,0.9028016706678156,1,0.880232036113739
681,618,japan,73,3.0836079120635986,0.1586039811372757,0.7187127519467321,1,0.8285614252090454
682,619,japan,17,2.8157289028167725,0.08124132454395294,0.9938287593921847,0,3.734196798177436e-05
684,621,japan,3,0.9123067259788513,0.4904763996601105,0.8304173687014517,0,0.0007025304948911071
685,622,japan,59,3.931701183319092,0.047173064202070236,0.9642342314220573,1,0.9669561982154846
686,623,japan,48,3.0241127014160156,0.1427002251148224,0.7811820396034633,1,0.9857931733131409
687,624,japan,12,2.4669535160064697,0.13019411265850067,0.9927751274748843,0,0.9040881395339966
688,625,japan,27,3.2152750492095947,0.07029136270284653,0.975556491395036,1,0.9647514224052429
689,626,japan,15,2.664093017578125,0.09411535412073135,0.9837679583981885,0,0.00034401388256810606
690,627,japan,10,2.237063407897949,0.15317457914352417,0.9715442937177626,0,0.0029329932294785976
691,629,japan,3,0.6263669729232788,0.7366938591003418,0.5701437890182784,0,9.513254917692393e-05
692,630,japan,4,1.0114916563034058,0.5485137104988098,0.7296369982247437,1,0.9909817576408386
693,631,japan,10,1.8960700035095215,0.4102468490600586,0.8234527398264644,1,0.7982204556465149
694,632,japan,55,3.918588876724243,0.06985337287187576,0.9778545220958262,0,3.636991823441349e-05
695,633,japan,33,3.400984048843384,0.0779360979795456,0.9726803071511069,0,0.0007229720940813422
696,635,japan,36,3.460752487182617,0.07599565386772156,0.9657413694801389,0,0.0002778857306111604
697,636,japan,27,3.2541136741638184,0.06767483055591583,0.9873406380422302,0,9.394545486429706e-05
698,637,japan,15,2.579423666000366,0.20984385907649994,0.9525021600229231,1,0.9125636219978333
699,638,japan,3,1.0826642513275146,0.4004102051258087,0.9854834708248807,1,0.9558499455451965
700,639,japan,6,1.3986104726791382,0.4538264572620392,0.78057936720809,0,0.00466446066275239
701,640,japan,33,3.151223659515381,0.11478469520807266,0.9012489188479595,1,0.9271332621574402
702,641,japan,56,2.7713632583618164,0.2236492931842804,0.6884772987017397,1,0.992073118686676
703,642,japan,56,3.432331085205078,0.16235996782779694,0.85267856051063,0,0.0001920250797411427
704,643,japan,62,3.7499985694885254,0.06723043322563171,0.9086204178562395,1,0.9302037358283997
705,644,japan,69,4.079819679260254,0.04315072298049927,0.963560948415094,1,0.93951416015625
706,645,japan,63,3.9811654090881348,0.041743889451026917,0.9609065772658412,1,0.8908506631851196
707,646,japan,45,3.7551069259643555,0.0460919626057148,0.9864564920203696,0,5.590997898252681e-05
708,647,japan,24,3.0555572509765625,0.12853068113327026,0.9614554737236871,0,2.702284837141633e-05
709,648,japan,27,3.2405247688293457,0.08240270614624023,0.9832175864814449,0,3.902809476130642e-05
710,649,japan,43,3.7054624557495117,0.05449654534459114,0.9851808842312096,0,5.743566362070851e-05
711,650,japan,40,3.6406893730163574,0.05264931544661522,0.9869363903871036,0,6.240065704332665e-05
712,651,japan,90,4.251595973968506,0.04776681959629059,0.9448390677502719,1,0.9378765821456909
713,652,japan,57,3.8706719875335693,0.05224434658885002,0.957364062713628,1,0.9658136367797852
715,654,japan,27,2.1430020332336426,0.42299848794937134,0.6502148377967769,0,0.0028029733803123236
716,655,japan,21,2.939851760864258,0.12673960626125336,0.9656200014944104,0,0.0005001713871024549
717,656,japan,39,2.996371030807495,0.20183131098747253,0.8178847035296917,0,1.7742069758241996e-05
718,657,japan,4,1.367066502571106,0.3285070061683655,0.986130031912377,0,9.87835373962298e-05
719,658,japan,17,2.4142465591430664,0.2739431858062744,0.8521231075689736,0,0.00025597517378628254
720,659,japan,7,1.9194918870925903,0.1885109692811966,0.9864236989690669,0,0.0005385479307733476
721,660,japan,40,3.606107711791992,0.055532801896333694,0.9775618196930683,0,4.960519072483294e-05
722,661,japan,18,2.8057849407196045,0.116691455245018,0.9707349696642037,0,6.106938963057473e-05
723,662,japan,76,2.8833508491516113,0.19538408517837524,0.6657881293058269,1,0.9661327600479126
724,663,japan,27,3.234701633453369,0.07758767157793045,0.9814507710677208,0,0.00029222859302535653
725,664,japan,44,3.699652910232544,0.04435879364609718,0.9776605477357684,0,4.674080992117524e-05
726,665,japan,66,4.0403547286987305,0.04835987463593483,0.9643646022117129,1,0.8410768508911133
727,666,japan,91,4.386149883270264,0.026020143181085587,0.9723534676559051,1,0.9267752766609192
728,667,japan,76,3.806116819381714,0.08214401453733444,0.8788619663962197,1,0.9824971556663513
729,982,japan,6,1.7669183015823364,0.20884963870048523,0.9861358803609834,0,2.4788228984107263e-05
730,983,japan,61,1.9112495183944702,0.6258689165115356,0.4649253617463689,0,0.0002707317180465907
731,984,japan,76,4.279448509216309,0.030752049759030342,0.9881579337630999,0,2.0413348465808667e-05
732,985,japan,10,1.3124918937683105,0.5796219110488892,0.5700079870063263,0,0.00041436750325374305
733,986,japan,23,2.432225227355957,0.30512234568595886,0.7757071325469529,0,0.0003767788293771446
735,988,japan,2,0.581102728843689,0.7321558594703674,0.8383540251498341,0,0.002640786115080118
736,990,japan,10,2.2607009410858154,0.16970610618591309,0.981809943947058,0,3.459068466327153e-05
737,991,japan,11,1.891935110092163,0.4501965045928955,0.7889982233812295,0,6.311089236987755e-05
738,992,japan,59,4.034548282623291,0.03063429519534111,0.9894570774949767,0,0.00014709180686622858
739,993,japan,75,4.225253105163574,0.03300641477108002,0.9786368819213287,0,0.00015650168643333018
740,994,japan,48,3.495452880859375,0.11061073839664459,0.9029375821638376,0,0.00013506770483218133
741,995,japan,44,3.74605131149292,0.04278131201863289,0.9899216672220912,0,0.000103032733022701
742,996,japan,57,4.012414455413818,0.030298985540866852,0.9924223537147623,0,0.00011874244955834001
743,997,japan,13,1.9999313354492188,0.36845943331718445,0.7797157201686424,0,6.2293212977238e-05
744,998,japan,15,2.5040602684020996,0.1725594699382782,0.9246727654394723,0,4.959099896950647e-05
745,999,japan,95,4.499765872955322,0.02702348865568638,0.9881175930019047,0,4.704031380242668e-05
746,1000,japan,61,2.8484325408935547,0.35926929116249084,0.6929019558877584,0,0.00025340510183013976
747,1001,japan,69,4.099428653717041,0.05161318928003311,0.9681921437890167,0,6.228858546819538e-05
748,1002,japan,89,4.38075590133667,0.0260895024985075,0.975965870364788,0,0.0009423075243830681
749,1003,japan,112,4.653244972229004,0.021067965775728226,0.9861706231481666,0,4.945785985910334e-05
750,1004,japan,7,1.915536642074585,0.22192291915416718,0.9843911051106476,0,0.00021605340589303523
751,1005,japan,21,3.0129270553588867,0.07306062430143356,0.989622220558124,0,6.157033931231126e-05
752,1006,japan,55,3.1810193061828613,0.15158574283123016,0.793799556748942,0,2.829210825439077e-05
753,1007,japan,62,4.089351177215576,0.02703859657049179,0.9908451714181091,0,6.547106750076637e-05
754,1008,japan,91,4.465498447418213,0.023978540673851967,0.9899440319448869,0,5.518907346413471e-05
755,1010,japan,32,1.880753755569458,0.5432239770889282,0.5426708232586701,0,2.2779220671509393e-05
756,1011,japan,54,3.711430311203003,0.04775914549827576,0.9304199434940509,0,0.00013455298903863877
757,1012,japan,57,4.020867824554443,0.026485079899430275,0.9945131926828155,0,0.00016093604790512472
758,1013,japan,73,3.6589345932006836,0.14895768463611603,0.8528071744739131,0,4.2637788283172995e-05
759,1014,japan,21,2.9721364974975586,0.09524025768041611,0.9762242053699588,0,7.832622213754803e-05
760,1015,japan,28,3.2938003540039062,0.060911379754543304,0.9884748501918094,0,0.0037088014651089907
761,1016,japan,100,4.530043601989746,0.02260339818894863,0.9836864695626386,0,0.00016049774421844631
762,1017,japan,47,3.816270351409912,0.04190298169851303,0.9912010515427773,0,3.0819002859061584e-05
763,1018,japan,55,3.9566900730133057,0.03519167751073837,0.9873623904281801,0,4.592746336129494e-05
764,1019,japan,23,2.8877198696136475,0.17312903702259064,0.9209775782532966,0,0.0006475300178863108
765,1020,japan,21,2.9474589824676514,0.09673287719488144,0.9681186599076761,0,0.00028258987003937364
766,1021,japan,10,2.208254098892212,0.18947653472423553,0.9590325697891253,0,0.0021720952354371548
767,1022,japan,95,4.494791507720947,0.02875487320125103,0.9870252566579975,0,4.5907581807114184e-05
768,1023,japan,79,4.227020263671875,0.030987562611699104,0.9674037558968164,0,0.0009481527958996594
769,1024,japan,26,3.0148956775665283,0.13659529387950897,0.9253549249947516,0,0.0006501060561276972
770,1025,japan,20,2.908032178878784,0.1034524068236351,0.9707249891956589,0,0.0009240319486707449
771,1026,japan,19,2.6314611434936523,0.1561204344034195,0.8937054434181582,0,0.0002143767342204228
772,1027,japan,30,2.626417398452759,0.18926414847373962,0.7722037575982245,0,0.0001658498658798635
773,1028,japan,51,3.8837552070617676,0.03835166618227959,0.9877740189538236,0,0.003268543165177107
774,1029,japan,43,3.625702142715454,0.06361884623765945,0.9639748035706092,0,0.0021423879079520702
775,1030,japan,4,1.3703664541244507,0.31022927165031433,0.9885104437829692,0,0.00012111752585042268
776,1031,japan,51,3.7846620082855225,0.06977150589227676,0.9625711722274838,0,0.00027732120361179113
778,1033,japan,8,2.039618730545044,0.18625590205192566,0.9808492759538594,0,2.0406185285537504e-05
779,1034,japan,53,3.9093525409698486,0.03820845112204552,0.9846511606931813,0,0.0001846082741394639
781,1036,japan,7,1.7818245887756348,0.3043358623981476,0.9156767025654614,0,5.566036998061463e-05
782,1037,japan,4,0.9512317776679993,0.6708483695983887,0.6861686841888078,0,6.211360596353188e-05
784,1039,japan,91,4.186326026916504,0.05635088309645653,0.9280550681901106,0,0.00017826144176069647
785,1040,japan,45,3.104501962661743,0.16737529635429382,0.8155443176285002,0,3.5722106986213475e-05
786,1041,japan,54,3.876757860183716,0.049361180514097214,0.9718659726209686,0,0.00037723995046690106
787,1042,japan,104,4.601193428039551,0.019439931958913803,0.9906990018626969,0,0.00017458910588175058
788,1043,japan,113,4.006287574768066,0.09921203553676605,0.8474632774806511,0,0.00015477724082302302
789,1044,japan,55,3.9392077922821045,0.04426015913486481,0.9829998181330624,0,0.01686522178351879
790,1046,japan,30,3.364631414413452,0.049611855298280716,0.9892490899099676,0,0.0026374501176178455
791,1047,japan,31,3.1547486782073975,0.10047634690999985,0.9186838768900961,0,0.0006518550217151642
792,1048,japan,43,3.25199031829834,0.10613647848367691,0.8646150745155646,0,0.0005234894342720509
793,1049,japan,87,4.387675762176514,0.03319558501243591,0.9824823183998602,0,0.00012812066415790468
794,1050,japan,91,3.967850923538208,0.07141918689012527,0.8796219252241938,0,5.3334755648393184e-05
795,1051,japan,80,4.240859031677246,0.03923991695046425,0.9677848596629671,0,3.7650734157068655e-05
796,1052,japan,62,4.04728889465332,0.0271669439971447,0.9806535278615846,0,0.000634941563475877
797,1053,japan,37,2.80907940864563,0.298089861869812,0.7779405338485196,0,0.0008019013912416995
798,1054,japan,49,3.833616018295288,0.03858319669961929,0.9850444585420363,0,9.867743210634217e-05
799,1055,japan,66,4.088212966918945,0.04857873544096947,0.9757875573636373,0,1.918313864734955e-05
800,1056,japan,171,4.5515642166137695,0.04879859834909439,0.8852318255747029,0,0.356570839881897
801,1057,japan,35,3.5151145458221436,0.045720379799604416,0.9886836633231304,0,0.00012762706319335848
802,1058,japan,59,3.9799001216888428,0.045577969402074814,0.9760548312406535,0,0.0006577351596206427
803,1059,japan,114,4.684010028839111,0.01892722025513649,0.9889809474573272,0,5.073714055470191e-05
804,1060,japan,88,3.6687419414520264,0.11799977719783783,0.8194027149328021,0,3.5251443478045985e-05
805,1061,japan,79,3.827597141265869,0.09490966796875,0.8759910337652344,0,3.3373391488566995e-05
806,1062,japan,53,3.5503740310668945,0.17152829468250275,0.8942350105160057,0,0.000119772732432466
807,1063,japan,159,4.685910224914551,0.03848199173808098,0.9244424510650792,0,0.8548985123634338
808,1064,japan,9,2.1232261657714844,0.18061703443527222,0.9663218715428505,0,0.0057891979813575745
809,1065,japan,105,4.374755382537842,0.04554418846964836,0.9400070162586944,0,0.0001710287615424022
810,1066,japan,202,1.081030249595642,0.707572877407074,0.203650288798526,0,0.597118079662323
811,1067,japan,6,1.7160863876342773,0.288334459066391,0.9577660490186332,0,0.0002769906132016331
812,1068,japan,18,2.8316471576690674,0.08323615789413452,0.9796826826629937,0,0.00016342278104275465
813,1069,japan,36,3.2660012245178223,0.09755818545818329,0.9113949948663913,0,0.001339578884653747
814,1070,japan,74,4.218415260314941,0.041343193501234055,0.9801002468516417,0,0.00012825877638533711
815,1074,japan,22,2.7584073543548584,0.1326633095741272,0.8923874052127428,0,0.0007665594457648695
816,1075,japan,144,3.783755302429199,0.12059016525745392,0.7613475747171449,0,0.25891077518463135
817,1076,japan,126,2.4930078983306885,0.25726619362831116,0.5154802689949357,0,0.7044089436531067
818,1077,japan,93,1.735374093055725,0.3179818391799927,0.38286508562627347,0,0.09502331912517548
819,1078,japan,70,3.7518222332000732,0.08230367302894592,0.8830943709355069,0,0.011990036815404892
820,1079,japan,70,3.6696419715881348,0.21450814604759216,0.8637509900606594,0,0.00010591091267997399
821,1080,japan,44,3.3270819187164307,0.1770963817834854,0.8792059174031066,0,0.0006097182631492615
822,1081,japan,20,2.8107852935791016,0.13979609310626984,0.9382631813905462,0,0.012432528659701347
823,1083,japan,54,3.2430968284606934,0.16036634147167206,0.8130132361030583,0,0.0012389938347041607
824,1084,japan,39,3.619405508041382,0.0472867451608181,0.9879472102960482,0,0.00021183365606702864
825,1085,japan,45,3.6110217571258545,0.06901495903730392,0.948605705609517,0,0.0003993657883256674
826,1086,japan,70,3.682445764541626,0.12489909678697586,0.8667647142674717,0,9.744657290866598e-05
827,1087,japan,53,3.6216044425964355,0.0973464697599411,0.9121758604788018,0,0.0015400272095575929
828,1088,japan,92,4.301095485687256,0.03980407491326332,0.951193407740923,0,8.194246038328856e-05
829,1089,japan,50,3.8310182094573975,0.064427450299263,0.9792933743338549,0,3.241945159970783e-05
830,1090,japan,63,4.106513023376465,0.030835039913654327,0.991160870830053,0,5.4422838729806244e-05
831,1091,japan,82,3.862992286682129,0.0939231663942337,0.8766141135676667,0,4.5050524931866676e-05
832,1092,japan,105,4.62696647644043,0.016247130930423737,0.9941998058242633,0,5.568702545133419e-05
833,1093,japan,25,3.1005454063415527,0.083429716527462,0.9632385885741669,0,7.852934504626319e-05
834,1094,japan,61,4.064846515655518,0.03835640475153923,0.9888035123337335,0,8.972603973234072e-05
835,1096,japan,6,1.7834850549697876,0.2111143320798874,0.9953819614739738,0,0.00012697181955445558
836,1097,japan,62,4.0830607414245605,0.02876901440322399,0.9893210059308379,0,0.0005666452925652266
837,1098,japan,43,3.701277017593384,0.04417131468653679,0.9840680909664578,0,0.004463326185941696
838,1099,japan,128,3.0504989624023438,0.19797590374946594,0.6287056750421128,0,0.012898623012006283
839,1100,japan,138,1.4832168817520142,0.4451018273830414,0.30102303971480854,0,0.012598508037626743
840,1101,japan,137,4.62433385848999,0.028819795697927475,0.939908899689815,0,0.00017410401778761297
841,1102,japan,40,3.6254804134368896,0.0629478171467781,0.982813469112865,0,0.0002271018165629357
842,1103,japan,88,4.224109649658203,0.07337381690740585,0.9434424580252369,0,0.004943623207509518
843,1104,japan,93,3.6452081203460693,0.12189216166734695,0.8042202109081905,0,0.00017488436424173415
844,1105,japan,105,4.62827205657959,0.016005337238311768,0.9944803368217213,0,5.608005085377954e-05
845,1106,japan,30,1.7913466691970825,0.5191178917884827,0.5266811855305077,0,0.0018350720638409257
846,1107,japan,38,3.1255650520324707,0.10805127024650574,0.8592415175308374,0,0.3559853434562683
847,1108,japan,10,2.22771954536438,0.15344858169555664,0.967486305779771,0,0.06557870656251907
848,1109,japan,193,4.933079719543457,0.03614857792854309,0.9373684451240674,0,0.8847989439964294
849,1110,japan,11,2.3340847492218018,0.15346239507198334,0.9733889447548302,0,0.05391760170459747
850,1111,japan,15,2.6091935634613037,0.16729046404361725,0.9634952713946475,0,0.07424857467412949
851,1112,japan,11,2.376878499984741,0.11862774193286896,0.991235324973512,0,0.026733199134469032
852,1113,japan,36,3.529613494873047,0.05514943227171898,0.9849573995536669,0,0.003594412002712488
853,1114,japan,36,3.551713466644287,0.04187263920903206,0.9911245140996727,0,0.0020233960822224617
854,1115,japan,159,3.6566452980041504,0.1429070085287094,0.7213877303900323,0,0.766965925693512
855,1116,japan,19,2.845930337905884,0.09824597090482712,0.9665441729451483,0,0.9403268694877625
856,1117,japan,25,3.1995253562927246,0.05806057155132294,0.9939884389369794,0,0.0004403610073495656
857,1118,japan,84,4.194841384887695,0.04935521259903908,0.9467422318121524,0,0.0015852955402806401
858,1119,japan,89,4.424831390380859,0.024655980989336967,0.9857852198093988,0,5.028992745792493e-05
860,1121,japan,65,4.10048246383667,0.029515981674194336,0.9822956517254772,0,0.0019115419127047062
861,1122,japan,112,3.9136714935302734,0.05844778195023537,0.8294314781633256,0,9.117887384491041e-05
862,1123,japan,66,4.069498538970947,0.03122781217098236,0.9713207387114287,0,0.0003847094194497913
863,1124,japan,67,3.935048818588257,0.056538406759500504,0.9358707460423669,0,0.000296304962830618
864,1125,japan,71,4.1567840576171875,0.03736928850412369,0.9751574543529576,0,0.0012101439060643315
865,1126,japan,43,3.5043601989746094,0.10489402711391449,0.9317133072374183,0,0.19340424239635468
866,1127,japan,41,3.641547203063965,0.052099473774433136,0.9806049640759327,0,0.8429518938064575
867,1128,japan,23,3.067049980163574,0.08174008876085281,0.9781711490909917,0,0.003629973391070962
868,1129,japan,92,3.24100661277771,0.1744050234556198,0.7167532399077402,0,0.0033131863456219435
869,1130,japan,38,1.6252576112747192,0.46936532855033875,0.4467956331230843,0,0.00040388162597082555
870,1131,japan,14,2.5875744819641113,0.12769490480422974,0.9804919555655683,0,4.466484097065404e-05
871,1132,japan,105,4.502335071563721,0.03252432122826576,0.9674201610702011,0,0.00018372606427874416
872,1135,japan,58,3.9187536239624023,0.06685520708560944,0.9651049439147407,0,0.00019920365593861789
873,1136,japan,23,2.514070510864258,0.19882787764072418,0.8018099660628002,0,0.04991348087787628
874,1137,japan,111,3.628354787826538,0.13046471774578094,0.7704281813110528,0,0.004348740912973881
875,1138,japan,116,4.035952091217041,0.07205434143543243,0.8490324005565364,0,0.5201234221458435
876,1139,japan,52,3.757209539413452,0.0619528628885746,0.9508928851299415,0,0.8017366528511047
877,1140,japan,106,4.448410511016846,0.032425474375486374,0.9538905561419875,0,0.6813581585884094
878,1141,japan,48,2.315761089324951,0.44520944356918335,0.5982022330537283,0,0.01236808393150568
879,1142,japan,119,4.64301872253418,0.026764756068587303,0.9715209764356316,0,0.9137774109840393
880,1143,japan,59,4.033627510070801,0.029611147940158844,0.989231261652656,0,0.0001467687397962436
882,1145,japan,44,3.6058833599090576,0.11684275418519974,0.9528812529871608,0,0.006768616382032633
883,1146,japan,72,2.77609920501709,0.18458376824855804,0.6491269432217904,0,0.00012496959243435413
884,1147,japan,60,3.9854183197021484,0.05711603909730911,0.9733959267803208,0,3.698945511132479e-05
885,1148,japan,136,4.428290367126465,0.04185395687818527,0.9014047333111175,0,0.0001858925970736891
886,1149,japan,137,4.631354808807373,0.028352295979857445,0.9413359276444409,0,0.00015697127673774958
887,1150,japan,84,4.294406414031982,0.04461106285452843,0.9692132645053296,0,0.0004994681221432984
888,1151,japan,104,4.575261116027832,0.019625915214419365,0.9851154253346073,0,0.0024735312908887863
889,1152,japan,180,3.2482924461364746,0.3769725263118744,0.6255188593719263,0,0.7470091581344604
890,1153,japan,31,2.714179039001465,0.19998663663864136,0.7903870566135084,0,0.002805870957672596
891,1154,japan,58,3.4120500087738037,0.10526499897241592,0.8403147144071453,0,0.00030208248062990606
892,1155,japan,57,3.198850631713867,0.12017697840929031,0.7911971478479829,0,0.00017718621529638767
893,1156,japan,151,2.911268711090088,0.30370455980300903,0.5802484226070641,0,0.7568930387496948
894,1157,japan,80,3.9202611446380615,0.11585909128189087,0.8946228472501776,0,0.00016675323422532529
895,1158,japan,67,4.1693596839904785,0.023953380063176155,0.9915967851639046,0,0.0008370078285224736
896,1159,japan,47,3.7377216815948486,0.04499082267284393,0.9707995817964808,0,0.00020280007447581738
897,1160,japan,90,4.468209266662598,0.01976371742784977,0.9929773910492201,0,4.817738226847723e-05
898,1161,japan,76,4.2858452796936035,0.026475463062524796,0.9896349978016057,0,5.5814038205426186e-05
899,1162,japan,94,4.403306484222412,0.03787217289209366,0.9691879341411238,0,4.8272344429278746e-05
900,1163,japan,66,4.147660255432129,0.02821705862879753,0.9899766235692289,0,0.009387391619384289
901,1164,japan,66,4.156369686126709,0.027999114245176315,0.9920554179403296,0,0.005622600670903921
902,1165,japan,52,3.5589520931243896,0.10237472504377365,0.9007169252526194,0,0.6474714875221252
903,1166,japan,56,2.9359586238861084,0.23198166489601135,0.7293669844161901,0,0.0004478796909097582
904,1167,japan,43,3.2849550247192383,0.09450390189886093,0.8733794862477013,0,7.027437095530331e-05
905,1168,japan,66,3.8355209827423096,0.08171903342008591,0.9154742380722211,0,8.894308120943606e-05
906,1169,japan,77,3.227415084838867,0.2552173435688019,0.7429925540867329,0,0.0001381956972181797
907,1170,japan,54,1.970931887626648,0.472962349653244,0.49409370020524856,0,0.004652061965316534
908,1171,japan,71,4.123080253601074,0.052466269582509995,0.9672507372200007,0,3.8609337934758514e-05
909,1172,japan,67,4.183913707733154,0.029657116159796715,0.9950581615497921,0,0.0004054968594573438
910,1173,japan,52,3.8041722774505615,0.05671754851937294,0.9627784435469682,0,0.00023147954198066145
911,1174,japan,45,3.4981720447540283,0.13451823592185974,0.9189603896207503,0,0.000136536531499587
912,1175,japan,10,2.1043741703033447,0.21896688640117645,0.9139180900224765,0,1.6409427189501002e-05
913,1176,japan,141,4.6369757652282715,0.03097338229417801,0.9369975242169061,0,0.9070755839347839
914,1177,japan,23,2.993239402770996,0.09487086534500122,0.9546308162727709,0,0.8417263031005859
915,1178,japan,43,2.525108814239502,0.29612207412719727,0.671357209552216,0,0.012599783949553967
916,1179,japan,43,2.653351306915283,0.24737770855426788,0.7054533726733142,0,0.002700843382626772
917,1180,japan,11,2.3460681438446045,0.13445183634757996,0.9783864084717581,0,0.20974484086036682
918,1181,japan,147,4.1729278564453125,0.09621954709291458,0.8361855979180528,0,0.57797771692276
919,1182,japan,30,3.3650076389312744,0.046943549066782,0.989359705224401,0,0.11733803153038025
920,1183,japan,15,2.6381356716156006,0.11303267627954483,0.9741827055280757,0,4.547200660454109e-05
921,1184,japan,24,3.090949296951294,0.07729031145572662,0.9725918634338817,0,0.014202558435499668
922,1185,japan,31,3.2417702674865723,0.09502352774143219,0.9440251446634633,0,0.010512436740100384
923,1186,japan,64,3.9812145233154297,0.058856330811977386,0.9572797415837149,0,0.001295556896366179
924,1187,japan,21,2.9421908855438232,0.10167572647333145,0.9663883074364467,0,0.03677522763609886
925,1188,japan,84,4.394363880157471,0.02104751393198967,0.9917728670940855,0,0.00010270273924106732
926,1189,japan,52,3.6183316707611084,0.10667894035577774,0.9157449978965506,0,0.00038072638562880456
927,1190,japan,30,3.154721975326538,0.09939628094434738,0.9275327542986742,0,0.000541561865247786
928,1191,japan,16,2.6191964149475098,0.1176869124174118,0.944675419739731,0,0.0031588119454681873
929,1192,japan,34,2.7677509784698486,0.2500351667404175,0.7848746488480822,0,0.00030590430833399296
930,1193,japan,69,4.177794456481934,0.02995772659778595,0.986700370419548,0,0.00010616653162287548
931,1194,japan,51,3.890723943710327,0.03531411290168762,0.9895464110432792,0,0.0003831286740023643
932,1195,japan,23,3.0863876342773438,0.07184778898954391,0.9843384875652675,0,5.580567813012749e-05
933,1196,japan,8,2.0479164123535156,0.1825108826160431,0.9848396174191782,0,0.024664759635925293
934,1197,japan,49,3.117753028869629,0.2663818299770355,0.8011040567271859,0,4.8780035285744816e-05
935,1198,japan,90,4.26535177230835,0.04042467474937439,0.9478960411219555,0,4.26619517384097e-05
936,1199,japan,49,3.8567848205566406,0.03955240175127983,0.990997663080437,0,7.340819138335064e-05
937,1200,japan,82,4.246650695800781,0.05328124761581421,0.9636762538110762,0,4.8359106585849077e-05
938,1201,japan,92,4.375782489776611,0.03776635229587555,0.9677105453329898,0,0.00025352061493322253
939,1202,japan,136,2.7979416847229004,0.32736560702323914,0.5695376023352984,0,0.4941663146018982
940,1203,japan,184,4.680208206176758,0.05397818610072136,0.8974622936338151,0,0.8129345178604126
941,1204,japan,84,4.321400165557861,0.030231371521949768,0.9753055388536904,0,0.0021476021502166986
942,1205,japan,105,4.100722789764404,0.08685051649808884,0.8811254246344421,0,0.7224733829498291
943,1206,japan,129,1.9420263767242432,0.5130767226219177,0.3996093295661533,0,0.6480587124824524
944,1207,japan,123,4.7707366943359375,0.013192725367844105,0.9913869340873845,0,0.00026389368576928973
945,1208,japan,55,3.86342191696167,0.049385424703359604,0.9640880202322252,0,0.0008332799188792706
946,1209,japan,82,2.9147205352783203,0.17766880989074707,0.6614264199126857,0,5.2009123464813456e-05
947,1210,japan,105,4.609504222869873,0.01840512827038765,0.9904476781186704,0,5.62297718715854e-05
948,1211,japan,84,4.398392677307129,0.02579735778272152,0.9926821344667988,0,4.598631494445726e-05
949,1212,japan,83,4.246893882751465,0.055211737751960754,0.9610878191121556,0,0.00010817078873515129
950,1213,japan,6,1.1786922216415405,0.5763774514198303,0.6578406543314418,0,0.004952887538820505
951,1214,japan,97,4.517974853515625,0.026779131963849068,0.9875978777119775,0,0.0002747905673459172
952,1215,japan,103,4.5794997215271,0.02520151250064373,0.9880836038433323,0,0.00020492619660217315
953,1216,japan,67,4.1090826988220215,0.04318973049521446,0.977261139107288,0,0.0001483069354435429
955,1218,japan,6,1.7701469659805298,0.20797006785869598,0.9879378322711828,0,0.00012328544107731432
956,1219,japan,97,4.350116729736328,0.0459921695291996,0.9509052594092992,0,0.001688973163254559
957,1220,japan,9,2.1064748764038086,0.17204493284225464,0.9586980312033327,0,5.8004192396765575e-05
958,1221,japan,83,4.200058937072754,0.04961416497826576,0.9504888973958857,0,0.0021605705842375755
959,1222,japan,32,3.3723936080932617,0.06555360555648804,0.9730671068643574,0,5.0375121645629406e-05
960,1223,japan,15,2.2713074684143066,0.20538905262947083,0.8387242849079594,0,0.005146743264049292
962,1225,japan,18,2.741028308868408,0.1450646072626114,0.9483307126082425,0,0.008351714350283146
964,1229,japan,73,4.259788990020752,0.03098854050040245,0.992851476270003,0,0.0004087400157004595
965,1230,japan,66,4.14414119720459,0.031846098601818085,0.9891366836590879,0,8.13136575743556e-05
966,1231,japan,120,2.80550479888916,0.20152026414871216,0.5860072350242553,0,0.3734234869480133
967,1232,japan,23,2.8968708515167236,0.10423260927200317,0.9238960916591217,0,0.8436211943626404
968,1233,japan,49,3.222226858139038,0.23195277154445648,0.8279485205684708,0,9.357271483168006e-05
969,1234,japan,12,2.272517204284668,0.1672467738389969,0.9145281994712146,0,0.06815803796052933
970,1235,japan,53,3.9149415493011475,0.03452092409133911,0.9860588678474642,0,0.0001781555765774101
971,1236,japan,2,0.6908061504364014,0.5341993570327759,0.9966226074501915,0,0.9771331548690796
972,1237,japan,69,4.2026166915893555,0.029588695615530014,0.9925628198124649,0,3.512088005663827e-05
973,1238,japan,92,4.2275800704956055,0.07694961130619049,0.934935368706372,0,0.0001559553056722507
974,1239,japan,7,1.875810146331787,0.2681891918182373,0.9639757248002649,0,0.006227409467101097
975,1240,japan,62,4.04368257522583,0.037392809987068176,0.9797797207375524,0,3.672888851724565e-05
976,1241,japan,13,2.4708938598632812,0.14769048988819122,0.9633304660286394,0,0.007928555831313133
977,1242,japan,29,3.330951690673828,0.05200127139687538,0.989206728143992,0,0.0002094652591040358
978,1243,japan,57,3.9729270935058594,0.046610258519649506,0.9826556306899741,0,0.013792847283184528
979,1244,japan,60,3.440189838409424,0.13785569369792938,0.840229684172538,0,7.442772766808048e-05
980,1245,japan,66,4.111465930938721,0.030669361352920532,0.9813376481113366,0,0.00033170561073347926
981,1246,japan,53,3.9242665767669678,0.03520948439836502,0.9884075685649077,0,0.00013579450023826212
982,1247,japan,76,4.254910945892334,0.03310065716505051,0.9824920196104746,0,3.569687396520749e-05
983,1248,japan,121,1.1325430870056152,0.6148677468299866,0.236153575982475,0,0.06404118984937668
985,1250,japan,75,4.2693705558776855,0.02185642533004284,0.9888551962638265,0,0.0006118547171354294
986,1251,japan,55,3.8882858753204346,0.04726341739296913,0.9702926349247073,0,5.379139838623814e-05
987,1252,japan,85,4.413674831390381,0.027049092575907707,0.9934776728068394,0,2.105371095240116e-05
988,1253,japan,63,3.8258278369903564,0.10550938546657562,0.923413813366978,0,0.00010851545084733516
989,1254,japan,59,4.047810077667236,0.03596151992678642,0.9927094805020334,0,3.7077181332279e-05
990,1255,japan,72,4.134950160980225,0.04103429615497589,0.9668629829657042,0,7.201804692158476e-05
991,1256,japan,27,3.2665724754333496,0.05990856513381004,0.9911208012529886,0,0.00014801831275690347
992,1257,japan,37,3.5792789459228516,0.049767620861530304,0.9912379712065501,0,0.00030682492069900036
993,1258,japan,48,3.8329062461853027,0.036428820341825485,0.9901077818964489,0,0.00022580505174119025
994,1259,japan,102,4.402378559112549,0.051868289709091187,0.9518712297005582,0,0.0002008118317462504
995,1260,japan,109,3.5574517250061035,0.13579712808132172,0.7583005597350292,0,8.926723239710554e-05
996,1261,japan,56,3.982433795928955,0.03384464606642723,0.989338100592558,0,0.0001122536850743927
997,1262,japan,46,3.54514217376709,0.06430181860923767,0.9259530487807041,0,0.0009315113420598209
998,1263,japan,97,4.426323890686035,0.03104783035814762,0.9675636147256909,0,0.0025224965065717697
999,1264,japan,20,2.870872735977173,0.1331171989440918,0.9583208624218309,0,0.0015002191066741943
1000,1265,japan,61,4.07341194152832,0.0326465405523777,0.9908871145447989,0,0.0005401585367508233
1002,1267,japan,23,3.1018025875091553,0.07123494893312454,0.9892547630134886,0,0.00010386164649389684
1003,1268,japan,105,4.577868938446045,0.020520145073533058,0.9836501804943605,0,0.00012643284571822733
1004,1269,japan,31,3.2196593284606934,0.14974570274353027,0.9375862916016349,0,3.473765900707804e-05
1005,1270,japan,38,3.3797829151153564,0.07694323360919952,0.9291279344898264,0,0.0002454293717164546
1006,1271,japan,31,3.385774612426758,0.06451696157455444,0.9859601713147277,0,0.003665327560156584
1007,1272,japan,72,4.196676254272461,0.033991243690252304,0.981296210057661,0,9.121445327764377e-05
1008,1273,japan,100,4.484782695770264,0.03850600868463516,0.9738581886541078,0,0.0001709743228275329
1009,1274,japan,71,4.1931471824646,0.026297058910131454,0.983688032744092,0,0.0010481012286618352
1010,1275,japan,82,3.958141326904297,0.09996511042118073,0.8982059225491982,0,0.00027151755057275295
1013,1280,japan,49,3.6791629791259766,0.09860315173864365,0.9453578781404965,0,8.71288066264242e-05
1014,1281,japan,66,4.034540176391602,0.048443861305713654,0.9629767665390493,0,9.526163921691477e-05
1015,1282,japan,65,3.2853238582611084,0.13947021961212158,0.7870194224560397,0,4.1432758735027164e-05
1016,1283,japan,41,3.6480014324188232,0.05361323431134224,0.9823429751442317,0,0.000111519439087715
1017,1284,japan,104,3.0808634757995605,0.3086487054824829,0.6633514582868406,0,0.36456993222236633
1018,1285,japan,12,2.2988977432250977,0.16511063277721405,0.9251445093203916,0,0.00010366462811361998
1019,1286,japan,161,2.8188531398773193,0.24508287012577057,0.5547389928858649,0,0.00977481622248888
1020,1287,japan,50,3.843749761581421,0.03753098472952843,0.9825478419344692,0,0.0019149838481098413
1021,1288,japan,77,4.3018717765808105,0.022790735587477684,0.9903463343312052,0,0.0002942639112006873
1022,1289,japan,197,2.8910653591156006,0.29589784145355225,0.5472182235543274,0,0.01902676373720169
1023,1290,japan,62,4.100983619689941,0.026928365230560303,0.9936636990910911,0,0.00026196317048743367
1024,1291,japan,38,3.576624870300293,0.05565587058663368,0.9832412795878138,0,0.8262439966201782
1025,1292,japan,31,2.8804430961608887,0.15517988801002502,0.8388042600737501,0,5.719702676287852e-05
1026,1293,japan,46,3.708329677581787,0.05783732607960701,0.9685758715826364,0,0.0264823529869318
1027,1294,japan,69,4.16384744644165,0.02934323064982891,0.9834064027252682,0,6.983912317082286e-05
1028,1295,japan,26,3.022731304168701,0.08952194452285767,0.9277598956611306,0,0.000626599823590368
1029,1296,japan,90,4.465438365936279,0.02584756538271904,0.992361609287474,0,3.3655895094852895e-05
1030,1297,japan,67,2.0817363262176514,0.4473513960838318,0.49509833765664973,0,0.010644794441759586
1031,1298,japan,46,3.06119966506958,0.18576239049434662,0.7995524647141758,0,0.17522089183330536
1032,1299,japan,83,3.445812463760376,0.20149876177310944,0.7798001262323397,0,0.3156696557998657
1033,1300,japan,20,2.962480068206787,0.08736102283000946,0.9889001411638981,0,0.0008390505099669099
1034,1301,japan,33,3.232442617416382,0.10549481958150864,0.9244775138025596,0,6.957807636354119e-05
1035,1302,japan,82,4.348477363586426,0.0393785759806633,0.9867833913599137,0,7.116550114005804e-05
1036,1303,japan,24,2.746307849884033,0.2065725475549698,0.8641476817223567,0,0.0006508936639875174
1037,1304,japan,39,1.571215033531189,0.4478699564933777,0.4288763736761717,0,2.956002572318539e-05
1038,1305,japan,38,3.438967227935791,0.08480606228113174,0.9453981505676461,0,0.00023228672216646373
1039,1306,japan,9,1.6207215785980225,0.43271926045417786,0.7376221781402454,0,0.0009346161969006062
1042,1309,japan,77,3.1959304809570312,0.17054049670696259,0.7357443924348696,0,3.755513171199709e-05
1043,1310,japan,77,4.017274856567383,0.0565374493598938,0.9248284548742616,0,8.771585999056697e-05
1044,1311,japan,64,4.075925827026367,0.04662388563156128,0.9800529962803646,0,7.915827154647559e-05
1045,1312,japan,15,2.5708303451538086,0.15474379062652588,0.9493289098213352,0,0.0006069274968467653
1046,1313,japan,75,3.0268800258636475,0.32412829995155334,0.7010743159601732,0,0.00030555218108929694
1047,1314,japan,70,4.083869934082031,0.05112046003341675,0.9612509138911223,0,3.471351374173537e-05
1048,1315,japan,5,1.5447734594345093,0.3269209861755371,0.9598217163271661,0,1.3667974599229638e-05
1049,1316,japan,90,4.190532207489014,0.07456880062818527,0.9312687679035652,0,0.0002121987345162779
1050,1317,japan,25,3.171105146408081,0.07501424849033356,0.9851592043125567,0,0.0009184237569570541
1051,1318,japan,50,3.876485586166382,0.03478072211146355,0.9909158460437338,0,0.00014774022565688938
1052,1319,japan,66,3.9713759422302246,0.05597443878650665,0.9479005280299959,0,0.00011094286310253665
1053,1320,japan,99,4.450464725494385,0.034338921308517456,0.968519836400792,0,4.427326348377392e-05
1054,1321,japan,22,3.0503647327423096,0.07339495420455933,0.9868401287818576,0,0.9625847935676575
1055,1322,japan,21,2.4846158027648926,0.3075966536998749,0.8160937728620561,0,0.0023492376785725355
1056,1323,japan,96,4.510373115539551,0.024271057918667793,0.9881746366262808,0,3.783444481086917e-05
1057,1324,japan,19,2.916901111602783,0.07594753801822662,0.9906474993170166,0,0.00023650264483876526
1058,1325,japan,72,4.204895496368408,0.037623073905706406,0.9832180907626804,0,0.00013696137466467917
1059,1326,japan,105,4.5882344245910645,0.022860804572701454,0.9858774203857938,0,6.659676728304476e-05
1061,1328,japan,83,4.3488264083862305,0.0325503796339035,0.9841555272921964,0,0.0002217592700617388
1062,1329,japan,75,4.160726070404053,0.04099306836724281,0.963691378178721,0,0.0015483747702091932
1063,1330,japan,51,3.8289363384246826,0.054931893944740295,0.9738316741609032,0,0.0003479979350231588
1064,1331,japan,65,4.104580402374268,0.03509790077805519,0.9832773379641141,0,0.00032008063863031566
1065,1332,japan,61,3.5019683837890625,0.1516679972410202,0.8518793082680248,0,0.005252583418041468
1066,1333,japan,63,4.096725940704346,0.028719689697027206,0.988798629841418,0,9.879295248538256e-05
1067,1334,japan,77,0.004552103113383055,0.9994774460792542,0.0010479528135586887,0,1.6258110235867207e-06
1069,1336,japan,70,4.188348293304443,0.027836384251713753,0.9858427642451818,0,0.0004780609451700002
1070,1337,japan,21,2.343905448913574,0.33677294850349426,0.7698762275065566,0,0.013539278879761696
1071,1338,japan,53,3.7215583324432373,0.06527605652809143,0.9373513115597717,0,0.0002395561896264553
1072,1339,japan,9,2.159245014190674,0.16576078534126282,0.9827147559073867,0,3.522748011164367e-05
1073,1340,japan,32,3.366219997406006,0.055720388889312744,0.9712857793597808,0,8.479227835778147e-05
1074,1341,japan,162,0.9810962677001953,0.7933485507965088,0.19284082365299965,0,0.10333114862442017
1075,1342,japan,158,3.271174907684326,0.15052400529384613,0.6461458770342261,0,0.40606221556663513
1076,1343,japan,11,2.376345157623291,0.13931797444820404,0.9910129039330686,0,0.00010813449625857174
1077,1344,japan,57,4.001334190368652,0.0305514857172966,0.9896817837068286,0,0.00012010691716568545
1078,1345,japan,20,2.6236963272094727,0.21214835345745087,0.8758113501567505,0,0.4272042512893677
1079,1346,japan,9,2.0697622299194336,0.27036240696907043,0.9419893857316517,0,0.22207221388816833
1080,1347,japan,12,2.3976659774780273,0.15717004239559174,0.9648917707562914,0,0.005117497872561216
1081,1348,japan,17,2.7916488647460938,0.10395650565624237,0.9853295624922421,0,0.03104478493332863
1082,1350,japan,30,2.807939052581787,0.2450972944498062,0.8255736840563941,0,0.0013950638240203261
1083,1351,japan,42,2.4018988609313965,0.2855250835418701,0.6426193607862369,0,0.00012013991363346577
1084,1352,japan,71,4.231765270233154,0.028979197144508362,0.9927476123706436,0,2.031223448284436e-05
1085,1353,japan,89,4.14608097076416,0.060625165700912476,0.9236838605867239,0,4.5866312575526536e-05
1086,1354,japan,85,4.0674028396606445,0.09084068238735199,0.9155350273597398,0,0.00010216512600891292
1087,1355,japan,73,4.169004440307617,0.040210213512182236,0.9716918426786795,0,4.0266542782774195e-05
1088,1356,japan,69,4.0732316970825195,0.04753351956605911,0.962005016326333,0,0.00011141888535348698
1089,1357,japan,36,3.5401835441589355,0.049444884061813354,0.9879070279684793,0,0.3309326767921448
1090,1358,japan,38,3.6071982383728027,0.04777159541845322,0.9916461301480571,0,3.109455792582594e-05
1091,1359,japan,43,3.702862024307251,0.04236477613449097,0.9844895007997856,0,0.002162762451916933
1092,1360,japan,83,4.095597267150879,0.048141393810510635,0.9268488344939645,0,0.46564537286758423
1093,1361,japan,35,2.8843274116516113,0.14675123989582062,0.8112644280580796,0,0.017636587843298912
1094,1362,japan,3,1.0599591732025146,0.4379484951496124,0.9648164180718788,0,0.24614733457565308
1095,1363,japan,20,2.947272300720215,0.08592289686203003,0.9838236636626124,0,0.06456130743026733
1096,1364,japan,85,4.167900085449219,0.035705503076314926,0.9381560344986092,0,0.8020957708358765
1097,1365,japan,42,3.3425629138946533,0.12743857502937317,0.8942906289908579,0,0.3817077577114105
1098,1366,japan,11,2.2870044708251953,0.19885890185832977,0.9537549436661742,0,0.11231779307126999
1099,1367,japan,16,2.7405242919921875,0.10037434846162796,0.9884352013732166,0,0.1584625542163849
1101,1369,japan,10,2.147282600402832,0.20232409238815308,0.9325529844418152,0,0.00022886732767801732
1102,1370,japan,32,2.0428757667541504,0.533094584941864,0.5894493475696903,0,3.5892604500986636e-05
1103,1371,japan,2,0.5056860446929932,0.7961555123329163,0.729550748925336,0,7.754542457405478e-05
1104,1372,japan,69,3.4996249675750732,0.10716849565505981,0.8265321063075033,0,0.0007640174590051174
1105,1373,japan,74,4.24322509765625,0.030568625777959824,0.9858645270853402,0,3.6043253203388304e-05
1106,1374,japan,26,3.235480785369873,0.05680128186941147,0.993058599587923,0,4.716689727501944e-05
1107,1376,japan,8,1.8894007205963135,0.24945278465747833,0.9086096832854452,0,6.258754729060456e-05
1108,1377,japan,40,3.642916202545166,0.05857629328966141,0.9875400505382439,0,0.00012874463573098183
1109,1378,japan,128,2.11130428314209,0.3181418478488922,0.4351383170138173,0,0.1270456463098526
1110,1380,japan,81,1.0759427547454834,0.508258044719696,0.2448413252435694,0,0.0013517116894945502
1111,1381,japan,32,3.2611563205718994,0.08950576186180115,0.9409708102505556,0,0.5060262680053711
1113,1383,japan,41,3.4345293045043945,0.08393346518278122,0.9248586651375919,0,7.148551230784506e-05
1114,1384,japan,18,2.4735476970672607,0.14112356305122375,0.8557887719148278,0,0.9259719848632812
1115,1385,japan,19,0.45749056339263916,0.9104008078575134,0.1553744420005447,0,2.5509863917250186e-05
1116,1386,japan,151,4.410830497741699,0.06264560669660568,0.8791278623481739,0,0.0001239802804775536
1117,1387,japan,100,2.8625500202178955,0.3414604663848877,0.6215948389763369,0,0.00024294292961712927
1118,1388,japan,115,2.416001796722412,0.43865159153938293,0.5091752065915861,0,0.022181043401360512
1119,1389,japan,41,3.662559747695923,0.047170646488666534,0.9862632747952412,0,9.131827391684055e-05
1120,1390,japan,40,3.6488466262817383,0.03782880678772926,0.9891476996388288,0,0.00028805554029531777
1121,1391,japan,34,3.4765419960021973,0.060143325477838516,0.9858725367794358,0,3.319345705676824e-05
1122,1392,japan,40,3.6178972721099854,0.046377185732126236,0.9807577930135967,0,0.00030488293850794435
1123,1393,japan,42,3.373182535171509,0.10090772807598114,0.9024827980170006,0,0.0006929939263500273
1124,1394,japan,84,4.399349689483643,0.024304945021867752,0.9928981244794672,0,4.1837385651888326e-05
1125,1395,japan,43,3.712885618209839,0.04320409521460533,0.9871544996284213,0,4.962009552400559e-05
1127,1397,japan,25,3.0224051475524902,0.11542569845914841,0.9389629522835803,0,0.5728827714920044
1128,1398,japan,19,2.4798507690429688,0.22358326613903046,0.8422150319939744,0,0.000558139116037637
1130,1400,japan,19,2.8360841274261475,0.09800905734300613,0.9632001707262523,0,0.0007066745893098414
1131,1401,japan,3,0.7685382962226868,0.6264235973358154,0.6995537043868456,0,6.270183075685054e-05
1132,1402,japan,33,3.418210983276367,0.08299343287944794,0.9776072046710306,0,0.0015294330660253763
1133,1403,japan,55,3.9309329986572266,0.04761933162808418,0.9809349053238725,0,0.0004859009641222656
1134,1404,japan,68,4.175788879394531,0.029994817450642586,0.9896388799745655,0,0.000463396921986714
1135,1405,japan,99,4.535956859588623,0.024940703064203262,0.987124821011092,0,4.849348988500424e-05
1136,1406,japan,95,4.453017711639404,0.024233495816588402,0.977852018760725,0,5.357464760891162e-05
1137,1407,japan,63,4.118491172790527,0.032197125256061554,0.9940519545637685,0,3.399724664632231e-05
1138,1408,japan,60,3.9398157596588135,0.048577431589365005,0.9622579877646105,0,0.00012261878873687238
1139,1409,japan,88,4.423454284667969,0.027635978534817696,0.9879654955517306,0,4.119989898754284e-05
1140,1410,japan,82,3.983673095703125,0.0726073682308197,0.903999749513482,0,0.00011087136954301968
1141,1411,japan,99,4.538373947143555,0.021910691633820534,0.9876508328744955,0,4.3949559767497703e-05
1142,1412,japan,10,2.1067538261413574,0.21313941478729248,0.9149515614217543,0,0.49285244941711426
1143,1413,japan,86,4.225035667419434,0.06007790192961693,0.9485195891602469,0,4.919566345051862e-05
1144,1414,japan,95,4.4647932052612305,0.024076713249087334,0.980437836054896,0,5.277724267216399e-05
1145,1415,japan,98,4.504498481750488,0.02284366264939308,0.9824493854548743,0,5.357107147574425e-05
1146,1416,japan,53,2.860208749771118,0.24775460362434387,0.7204026333701393,0,0.00015089064254425466
1147,1417,japan,41,3.692850112915039,0.037226930260658264,0.9944199403116313,0,5.721715933759697e-05
1148,1418,japan,9,1.6858603954315186,0.36275163292884827,0.7672681312691998,0,0.002214455511420965
1149,1419,japan,112,3.361013412475586,0.17286598682403564,0.7123056514694224,0,0.6026689410209656
1150,1420,japan,42,3.301502227783203,0.09120774269104004,0.8833049907978524,0,0.30142322182655334
1151,1421,japan,43,2.8274986743927,0.25540030002593994,0.7517543835530037,0,0.10187267512083054
1152,1422,japan,152,1.8396036624908447,0.4846128523349762,0.36617185756260023,0,0.14599229395389557
1153,1423,japan,11,2.3792898654937744,0.1157115027308464,0.992240942498342,0,0.2076060175895691
1154,1424,japan,154,2.3700108528137207,0.41629043221473694,0.4705247477766712,0,0.013298191130161285
1155,1425,japan,3,1.0856399536132812,0.3809904456138611,0.9881920717721486,0,0.00014069715689402074
1156,1426,japan,86,3.034013271331787,0.17154625058174133,0.6811353200689259,0,0.09817708283662796
1157,1427,japan,113,3.7511632442474365,0.13769370317459106,0.7934959830033976,0,0.32519930601119995
1158,1428,japan,14,2.525864362716675,0.20411443710327148,0.9571085608378633,0,0.005888435989618301
1159,1429,japan,136,2.4466793537139893,0.2398349642753601,0.4980360743063694,0,0.03781266510486603
1160,1430,japan,42,3.3397786617279053,0.09677905589342117,0.8935457123847651,0,0.000156181791680865
1161,1431,japan,19,1.8257570266723633,0.4282642602920532,0.6200695750839531,0,0.007843017578125
1162,1432,japan,74,4.155023574829102,0.05573451891541481,0.9653719181407374,0,0.00012974966375622898
1163,1433,japan,36,3.557166814804077,0.04393019527196884,0.992646299878804,0,9.587075328454375e-05
1164,1434,japan,19,2.9272031784057617,0.07564329355955124,0.9941463209519261,0,0.00035282500903122127
1165,1435,japan,46,3.8076601028442383,0.03328116610646248,0.9945199115111442,0,9.375009540235624e-05
1166,1436,japan,133,4.476259231567383,0.06928840279579163,0.915325085020066,0,0.0001310672814724967
1167,1437,japan,214,2.3874292373657227,0.2340461164712906,0.4449198488182211,0,0.9567452073097229
1168,1438,japan,129,1.9466686248779297,0.49200230836868286,0.4005645615313872,0,0.0754154771566391
1170,1441,japan,13,2.286478281021118,0.1598614901304245,0.8914321346617096,0,0.01277809776365757
1171,1442,japan,84,3.8070006370544434,0.09508299827575684,0.8592096694334732,0,0.8052590489387512
1172,1443,japan,48,2.9301400184631348,0.2749696671962738,0.7569072260021821,0,0.006534412503242493
1173,1444,japan,199,3.7075469493865967,0.14586949348449707,0.7004219617334372,0,0.805687427520752
1174,1445,japan,21,2.6290462017059326,0.15555384755134583,0.8635331995358302,0,0.007411477155983448
1175,1446,japan,64,2.9572219848632812,0.14999373257160187,0.7110615820616789,0,0.9919579029083252
1176,1448,japan,71,2.348426103591919,0.23803257942199707,0.5509271564680429,0,0.001080327550880611
1177,1449,japan,143,2.0089149475097656,0.35431763529777527,0.404791021516335,0,0.009711616672575474
1178,1450,japan,16,2.7240588665008545,0.10194467008113861,0.9824965544475984,0,7.324339094338939e-05
1179,1453,japan,93,3.8878471851348877,0.10288570076227188,0.8577521995948897,0,0.000222568676690571
1181,3,usa,9,2.141645908355713,0.17644530534744263,0.9747050576651173,0,2.9051117962808348e-05
1182,5,usa,6,1.599051833152771,0.40506500005722046,0.8924478204888135,0,1.8204487787443213e-05
1183,6,usa,3,1.023105263710022,0.46893686056137085,0.9312705439972568,0,1.9797180357272737e-05
1186,10,usa,6,1.7496211528778076,0.2489699125289917,0.9764821578599487,1,0.999600350856781
1188,17,usa,6,1.5588618516921997,0.4099161624908447,0.8700173647547711,1,0.9998579025268555
1189,18,usa,3,0.9806545972824097,0.4813846945762634,0.8926302822183931,1,0.9998552799224854
1190,22,usa,6,1.7056097984313965,0.2360154092311859,0.9519189532544933,0,0.00013068527914583683
1191,24,usa,3,1.0127900838851929,0.42552727460861206,0.9218812626909877,1,0.9999064207077026
1193,29,usa,2,0.6931339502334595,0.5025734901428223,0.9999809126735896,0,1.3683106203643547e-07
1197,33,usa,13,2.3204891681671143,0.2060442566871643,0.9046920015854198,1,0.9992433786392212
1198,35,usa,3,1.0936260223388672,0.3808296024799347,0.9954613047927148,0,3.138509100608644e-06
1200,40,usa,3,1.0542795658111572,0.47691312432289124,0.9596466166324256,0,0.001425775233656168
1201,42,usa,3,0.9026093482971191,0.5810918211936951,0.8215904351401234,0,9.736558422446251e-05
1202,43,usa,3,1.0619807243347168,0.4624651372432709,0.9666565132110412,0,0.0002284539514221251
1203,45,usa,6,1.4278749227523804,0.487101286649704,0.7969121677741448,1,0.9998216032981873
1204,46,usa,6,1.4758023023605347,0.4603796899318695,0.8236609476362112,1,0.9998525381088257
1206,51,usa,3,0.9170364141464233,0.6283612847328186,0.8347225164012885,0,1.3867664165445603e-05
1207,52,usa,6,1.4208523035049438,0.4912113547325134,0.7929927693459271,1,0.9998206496238708
1211,57,usa,4,1.3517177104949951,0.33774757385253906,0.9750582188064565,0,3.164957888657227e-05
1212,60,usa,3,0.9956870675086975,0.4983811378479004,0.9063134262914604,0,0.0012150679249316454
1213,61,usa,6,1.1062358617782593,0.6454938054084778,0.6174019899305233,1,0.999667763710022
1215,63,usa,3,1.0292458534240723,0.5035567879676819,0.9368599496296067,0,1.0835867669811705e-07
1217,65,usa,3,1.0260865688323975,0.5107147097587585,0.9339842448661866,0,9.780170330486726e-06
1220,69,usa,3,0.9996806383132935,0.5129933953285217,0.9099485310921153,0,8.43982161313761e-06
1222,75,usa,3,1.0954149961471558,0.37104955315589905,0.997089698928427,0,5.4103358706925064e-05
1225,82,usa,3,1.074228048324585,0.4113650619983673,0.977804507927827,0,0.0002420823002466932
1235,99,usa,9,1.650520920753479,0.402317076921463,0.7511844432190311,1,0.9997380375862122
1237,107,usa,3,1.0675333738327026,0.43568024039268494,0.9717107525958176,0,2.8853622779934085e-07
1244,118,usa,2,0.5442953705787659,0.7658053040504456,0.7852522319128061,0,0.0005935067310929298
1248,125,usa,6,0.6524032354354858,0.8241704702377319,0.3641131784929599,1,0.9995038509368896
1249,126,usa,2,0.07978850603103638,0.9845427870750427,0.11511048197091533,0,7.45609140722081e-05
1257,134,usa,3,1.086875081062317,0.3998030424118042,0.9893163332261444,0,4.67171921627596e-05
1259,137,usa,3,1.053269386291504,0.4694003760814667,0.9587271116077021,0,1.1866012528116698e-07
1262,144,usa,3,1.0741746425628662,0.4340204894542694,0.9777558959085827,0,0.000407874962547794
1264,149,usa,3,1.0034921169281006,0.5088140964508057,0.913417888438762,0,9.630996828491334e-06
1265,150,usa,3,0.9858514666557312,0.5261437892913818,0.8973606765776461,0,7.542505500168772e-06
1267,158,usa,3,1.0870873928070068,0.39276570081710815,0.9895095877044349,0,9.988277582806404e-08
1273,178,usa,3,1.055200219154358,0.40078455209732056,0.960484631419532,0,7.427344826282933e-05
1274,181,usa,3,0.8936305046081543,0.48785051703453064,0.8134175394046768,0,9.116200817516074e-05
1277,186,usa,2,0.5481449365615845,0.7625309228897095,0.7908059816657934,0,0.00014154583914205432
1279,189,usa,2,0.6005693674087524,0.7117587924003601,0.866438448070429,0,0.0005161044537089765
1284,195,usa,3,1.035698652267456,0.4828852415084839,0.942733540258387,0,1.6894035070436075e-05
1285,199,usa,3,0.956580400466919,0.5014014840126038,0.8707170039273986,0,5.363741729524918e-05
1291,219,usa,3,1.023311972618103,0.5196661353111267,0.9314586985538854,0,8.800197974778712e-05
1293,223,usa,3,1.0698606967926025,0.447347491979599,0.9738291732469478,0,0.00015902347513474524
1294,224,usa,3,0.8493282794952393,0.6346810460090637,0.7730919162800489,1,0.999727189540863
1295,227,usa,3,1.015099048614502,0.4980514645576477,0.9239829729605026,0,8.967362191469874e-06
1296,228,usa,3,1.0640398263931274,0.4150211215019226,0.9685307886762345,0,0.0001652389910304919
1299,240,usa,3,0.8496657013893127,0.6013609766960144,0.7733990509239573,0,0.0005371770239435136
1300,242,usa,3,0.8507817983627319,0.6031336188316345,0.7744149661698829,0,0.0005204252665862441
1302,244,usa,3,0.8633750677108765,0.5935951471328735,0.7858778539220415,0,0.0005445590359158814
1303,246,usa,3,0.9176965355873108,0.5580056309700012,0.8353233848311217,0,0.0007120468653738499
1307,254,usa,6,1.7044808864593506,0.2784929573535919,0.9512888954864535,0,2.119725468219258e-05
1308,256,usa,3,1.0846514701843262,0.38930216431617737,0.9872923153802432,0,4.208283280604519e-05
1310,258,usa,3,1.0260878801345825,0.48595890402793884,0.9339854384648734,0,1.0258521797368303e-05
1312,260,usa,6,1.204543948173523,0.5848217010498047,0.672268777623638,1,0.9982730150222778
1314,269,usa,3,1.0359227657318115,0.48158976435661316,0.9429375371248585,0,2.831098413480504e-07
1315,271,usa,3,1.052923321723938,0.4645371437072754,0.9584121100633579,1,0.9998738765716553
1316,272,usa,3,0.7702290415763855,0.6000334024429321,0.7010926871300193,1,0.9998125433921814
1317,276,usa,6,1.6461716890335083,0.2709116041660309,0.9187459127774164,0,0.00010965372348437086
1318,279,usa,2,0.6931384205818176,0.5020919442176819,0.999987362022997,0,0.0001902001240523532
1319,280,usa,6,1.5737296342849731,0.35398831963539124,0.8783152322130516,1,0.9998842477798462
1320,282,usa,3,1.003929853439331,0.5263790488243103,0.9138163333822108,1,0.9998480081558228
1321,283,usa,3,1.0667818784713745,0.3910660147666931,0.9710267120393087,0,0.00013085412501823157
1326,288,usa,3,0.9479466080665588,0.5188932418823242,0.8628581874100382,1,0.999134361743927
1331,297,usa,3,1.0513150691986084,0.4708910286426544,0.9569482155284813,0,0.003721980843693018
1332,298,usa,6,1.717057704925537,0.31308668851852417,0.9583081515206382,0,0.00012985487410333008
1333,300,usa,6,1.736349105834961,0.24955712258815765,0.969074887369248,1,0.9999017715454102
1337,305,usa,3,0.8558794260025024,0.6747188568115234,0.7790550268103392,0,1.2156740922364406e-05
1338,306,usa,6,1.6855252981185913,0.28701233863830566,0.9407095802009449,1,0.9998922348022461
1341,310,usa,3,1.0941622257232666,0.36267802119255066,0.9959493781466452,1,0.9996845722198486
1342,311,usa,3,1.0839025974273682,0.3908069133758545,0.9866106620211078,0,3.358647882123478e-05
1343,313,usa,2,0.6379412412643433,0.6645939350128174,0.9203546651506178,0,3.001497930199548e-07
1344,314,usa,6,1.3363440036773682,0.5007365942001343,0.7458277891803782,1,0.9964411854743958
1345,315,usa,6,1.6617084741592407,0.30195796489715576,0.9274171576585309,1,0.9998886585235596
1347,317,usa,2,0.6842231750488281,0.5666984915733337,0.9871253815042454,0,0.0063409944996237755
1351,322,usa,3,1.0773683786392212,0.42720529437065125,0.9806629597647744,0,1.5168429854384158e-05
1352,324,usa,3,1.0029443502426147,0.4401896893978119,0.9129192897145935,0,0.00011410585284465924
1355,327,usa,2,0.6931160688400269,0.5039410591125488,0.9999551152759601,0,1.242754819941183e-06
1356,328,usa,3,1.0506629943847656,0.45516929030418396,0.9563546714542261,0,1.533982140244916e-05
1358,332,usa,4,1.300685167312622,0.39219972491264343,0.9382460203198758,0,0.0020891805179417133
1361,335,usa,6,1.7410469055175781,0.2093106061220169,0.9716967792935257,0,9.532006515655667e-05
1362,336,usa,5,1.4951504468917847,0.40563055872917175,0.9289892050762815,0,7.69817124819383e-05
1364,340,usa,3,1.0935509204864502,0.37652191519737244,0.9953929441406525,0,0.00025508448015898466
1365,341,usa,6,1.6225792169570923,0.2808311879634857,0.9055787034049549,0,0.00010627299343468621
1366,342,usa,3,1.0926334857940674,0.3705821931362152,0.9945578590957773,0,0.0003816219686996192
1370,353,usa,5,1.6012969017028809,0.23865720629692078,0.9949417056300687,0,1.12011363739839e-07
1374,358,usa,3,1.0632470846176147,0.4463222920894623,0.9678092040155771,1,0.9998823404312134
1375,359,usa,3,1.065682053565979,0.4445834159851074,0.9700256082679966,1,0.9998745918273926
1376,361,usa,6,0.8079213500022888,0.765927791595459,0.45090949085390697,1,0.9995970129966736
1379,366,usa,3,1.0131475925445557,0.4913279414176941,0.9222066810965984,0,0.00011119068949483335
1380,368,usa,3,1.0336451530456543,0.48351091146469116,0.9408643647148552,0,2.925438593592844e-07
1382,370,usa,3,1.0435397624969482,0.44433847069740295,0.9498708263695756,0,2.359406039431633e-07
1383,373,usa,3,1.084822654724121,0.38515159487724304,0.9874481342633565,0,0.00026459104265086353
1384,374,usa,3,1.0414831638336182,0.49483510851860046,0.9479988295927843,0,0.00010412769916001707
1387,379,usa,3,1.0930818319320679,0.35898977518081665,0.994965961337692,0,0.006373567506670952
1389,383,usa,3,0.9709190130233765,0.579938530921936,0.8837685715316904,1,0.9996461868286133
1394,392,usa,9,2.075958251953125,0.23882336914539337,0.9448093168837068,1,0.9998477697372437
1397,396,usa,2,0.6500365734100342,0.6457522511482239,0.937804540855111,0,0.0021755106281489134
1399,399,usa,3,0.7195711135864258,0.742707371711731,0.6549818539339203,1,0.9996644258499146
1401,401,usa,3,1.0918540954589844,0.3830825686454773,0.993848427439931,0,6.950520037207752e-05
1402,404,usa,3,1.0661723613739014,0.4478837251663208,0.9704719056678889,0,1.3000709486732376e-07
1407,415,usa,3,0.998263955116272,0.5142297744750977,0.9086590104744833,0,8.641827662358992e-06
1408,416,usa,3,1.0702699422836304,0.42632293701171875,0.9742016845462015,0,1.942851667990908e-05
1411,419,usa,3,1.0075106620788574,0.5051684379577637,0.917075725868952,0,9.14333577384241e-06
1416,427,usa,5,1.5627875328063965,0.3091607987880707,0.9710144894268397,0,6.427809421438724e-05
1417,430,usa,3,1.0926330089569092,0.3645871579647064,0.9945574250598912,0,0.0002993556554429233
1419,438,usa,2,0.6876828670501709,0.5522225499153137,0.992116661997586,0,0.0008820250513963401
1422,449,usa,2,0.6889253854751587,0.5459123253822327,0.993909237167529,0,0.0002723724173847586
1424,453,usa,3,0.6388616561889648,0.7463662028312683,0.5815169398509838,0,7.268238550750539e-05
1425,454,usa,3,1.0896422863006592,0.3957267701625824,0.9918351519822108,0,0.005466904025524855
1430,466,usa,3,0.9748532176017761,0.5495910048484802,0.8873496388645247,0,8.342974979314022e-06
1432,470,usa,3,1.0770618915557861,0.3970048725605011,0.9803839831989772,0,9.976065484806895e-05
1435,474,usa,3,1.091299295425415,0.37943485379219055,0.9933434266864423,0,2.7848707759403624e-05
1439,484,usa,5,1.5979079008102417,0.2535279095172882,0.9928360009822182,0,0.00010085297253681347
1440,487,usa,6,1.6393557786941528,0.35478484630584717,0.9149418807874015,1,0.9998863935470581
1446,499,usa,3,0.9249396920204163,0.514282763004303,0.8419163899411288,1,0.9998372793197632
1451,514,usa,6,1.680331826210022,0.2905704081058502,0.9378110483400769,1,0.9998891353607178
1452,515,usa,6,1.7209200859069824,0.26237252354621887,0.9604637873901722,1,0.9993852376937866
1453,516,usa,6,1.6456966400146484,0.31753677129745483,0.9184807828718579,1,0.999298095703125
1454,517,usa,6,1.7187731266021729,0.26258862018585205,0.9592655465873849,1,0.9993805885314941
1455,518,usa,6,1.6803923845291138,0.29053205251693726,0.9378448465814881,1,0.9998891353607178
1456,519,usa,6,1.645752191543579,0.3174994885921478,0.9185117867704753,1,0.9992986917495728
1457,527,usa,2,0.632876992225647,0.6718273162841797,0.913048498176664,0,2.070211309046499e-07
1458,529,usa,3,1.0111525058746338,0.5370268225669861,0.9203906749491152,0,2.3705939383944497e-05
1459,530,usa,6,1.6546303033828735,0.2938229441642761,0.9234667553316959,0,1.046640954882605e-05
1461,532,usa,3,0.9983673095703125,0.5249613523483276,0.9087530877527975,0,1.05717008409556e-05
1462,533,usa,9,2.122206449508667,0.17714734375476837,0.9658577786716277,1,0.9991216063499451
1463,536,usa,6,1.6408330202102661,0.29322370886802673,0.915766344975527,0,4.3610925786197186e-05
1464,537,usa,3,0.6739258170127869,0.7253298759460449,0.6134337144815786,0,9.400719864061102e-05
1466,543,usa,6,1.2610485553741455,0.5508527159690857,0.7038045993514096,1,0.9996368885040283
1468,548,usa,3,1.091148018836975,0.3907504379749298,0.993205728801574,0,6.705910345772281e-05
1469,552,usa,3,1.016679286956787,0.5080633163452148,0.9254213678870703,1,0.9998661279678345
1470,554,usa,3,1.0085577964782715,0.5168774127960205,0.918028868674849,1,0.9998664855957031
1471,555,usa,3,1.0912891626358032,0.36218899488449097,0.9933342034238625,0,0.0001654748630244285
1476,561,usa,3,1.09413480758667,0.36098334193229675,0.9959244210831939,0,1.9268465621280484e-05
1477,562,usa,3,0.9488665461540222,0.5143677592277527,0.8636955511433154,1,0.9989181756973267
1478,563,usa,3,1.044459342956543,0.47694751620292664,0.9507078645759384,1,0.9998711347579956
1484,574,usa,3,0.9429190158843994,0.6039003133773804,0.8582818757903543,0,7.983165414771065e-05
1486,577,usa,3,1.0116690397262573,0.5134660005569458,0.9208608443227436,1,0.9998714923858643
1488,579,usa,3,1.0333974361419678,0.5087156891822815,0.9406388830720213,0,2.3918148144730367e-05
1489,580,usa,6,1.6089624166488647,0.3329470157623291,0.8979790224533069,1,0.9998929500579834
1490,581,usa,3,1.0419433116912842,0.4622249901294708,0.9484176742228803,0,0.00012104178313165903
1491,582,usa,3,1.0811729431152344,0.4057141840457916,0.9841260235910725,0,2.4257546101580374e-05
1492,585,usa,10,2.214712619781494,0.16930752992630005,0.9618374697725974,1,0.9983986020088196
1493,587,usa,3,1.01528799533844,0.47643762826919556,0.9241549596803735,0,2.0130135453655384e-05
1495,589,usa,2,0.6851376295089722,0.5631987452507019,0.9884446604190141,0,3.372654191480251e-07
1496,590,usa,10,2.2263565063476562,0.16348150372505188,0.966894345456189,1,0.998439371585846
1497,591,usa,3,1.0232046842575073,0.5005874633789062,0.9313610404795107,1,0.9998737573623657
1499,594,usa,5,1.2132129669189453,0.553387463092804,0.7538115994074555,0,0.00021910567011218518
1502,599,usa,3,1.079721450805664,0.42164093255996704,0.9828048183537544,0,1.364707168249879e-05
1503,601,usa,2,0.580710768699646,0.7325452566146851,0.8377885461937972,0,0.0005870112800039351
1505,604,usa,3,1.0823885202407837,0.4033728539943695,0.9852324895737378,0,2.3835380488890223e-05
1508,612,usa,6,1.7208335399627686,0.2177448719739914,0.9604154851790215,0,0.00010524183016968891
1509,613,usa,5,1.4507638216018677,0.4456368684768677,0.9014102441564489,0,6.947816291358322e-05
1511,616,usa,3,0.7848318219184875,0.5264597535133362,0.7143847106152158,0,6.060168379917741e-05
1512,617,usa,6,1.6832700967788696,0.24679942429065704,0.9394509283682335,0,0.00012712011812254786
1514,622,usa,3,1.0129716396331787,0.534420371055603,0.922046521854624,0,1.6168617378298222e-07
1515,628,usa,4,1.3361395597457886,0.3658493757247925,0.963820958390406,0,7.220116771122775e-08
1520,634,usa,3,1.055283784866333,0.4611947238445282,0.9605606962085728,1,0.9998699426651001
1521,635,usa,10,1.827440619468689,0.3149273097515106,0.7936473770411118,1,0.9995893836021423
1522,636,usa,6,1.357522964477539,0.5260911583900452,0.7576479922622659,1,0.9998637437820435
1524,640,usa,3,0.7189263105392456,0.6311287879943848,0.6543949289069284,1,0.9997112154960632
1526,643,usa,3,1.0271360874176025,0.4770911633968353,0.9349395578515141,0,0.0001095962361432612
1529,646,usa,3,0.8821656703948975,0.5682197213172913,0.802981797576997,0,1.5343421466695872e-07
1532,650,usa,3,0.9511539936065674,0.5962662696838379,0.8657776755434696,0,5.333119406714104e-05
1533,651,usa,3,1.0962331295013428,0.36283668875694275,0.9978343960000199,0,6.644902896368876e-05
1536,655,usa,3,1.0850834846496582,0.372553288936615,0.9876855518930586,0,0.0052337320521473885
1537,657,usa,3,1.0978729724884033,0.34528490900993347,0.9993270454123513,1,0.9997336268424988
1540,660,usa,3,1.0927045345306396,0.37370625138282776,0.9946225304428077,0,0.00040712422924116254
1544,667,usa,2,0.6857436299324036,0.5607669353485107,0.9893189342246752,0,0.00021315424237400293
1545,671,usa,3,1.0355217456817627,0.49233490228652954,0.9425725129446402,0,9.372292697662488e-05
1546,672,usa,3,1.092327356338501,0.3638300597667694,0.9942792080568948,1,0.9996637105941772
1547,673,usa,3,0.756131649017334,0.6789814829826355,0.6882606874296133,0,0.00010427913366584107
1548,674,usa,3,0.8392329216003418,0.5043860673904419,0.7639027255172763,0,7.657456444576383e-05
1550,677,usa,3,1.0127443075180054,0.5233891606330872,0.9218395952459211,0,8.840334686510687e-08
1551,678,usa,3,1.02997887134552,0.5021951198577881,0.9375271712955289,0,1.0143132556095225e-07
1555,686,usa,3,0.9908150434494019,0.4613911211490631,0.9018787188796198,0,0.00012218064512126148
1558,692,usa,3,1.0116139650344849,0.5010485649108887,0.920810713177898,0,9.134349966188893e-06
1562,697,usa,3,1.092382788658142,0.3660362660884857,0.9943296647286551,0,1.6710775526007637e-05
1564,703,usa,3,1.089456558227539,0.3867015540599823,0.9916660950045711,0,1.0277231154987021e-07
1566,706,usa,3,1.0929443836212158,0.37478870153427124,0.9948408504935209,0,4.511058432399295e-05
1571,721,usa,3,0.9574534893035889,0.5878291726112366,0.8715117236348656,1,0.9998132586479187
1572,725,usa,2,0.6220766305923462,0.6862394213676453,0.8974668700084935,0,0.00019359860743861645
1574,727,usa,3,1.0894322395324707,0.364719420671463,0.9916439591743795,0,0.0001541956589790061
1579,739,usa,2,0.4413442015647888,0.8389880061149597,0.63672509092262,0,8.247663208749145e-05
1584,747,usa,3,1.0617307424545288,0.44683006405830383,0.9664289698977481,0,2.41450088651618e-05
1586,751,usa,3,0.9391466379165649,0.5123783946037292,0.8548481093863685,0,4.624525899998844e-05
1588,753,usa,3,1.0843381881713867,0.4103015065193176,0.987007153803069,0,5.2906296332366765e-05
1595,766,usa,4,1.3606740236282349,0.3313785493373871,0.9815188330774434,0,6.119677709648386e-05
1598,774,usa,3,0.9622334837913513,0.5860264301300049,0.875862662120687,0,5.748788680648431e-05
1607,795,usa,3,0.9153239727020264,0.5199759006500244,0.8331637850252969,1,0.9998340606689453
1608,797,usa,10,2.230173349380493,0.16179169714450836,0.968551979323641,1,0.9988338351249695
1609,798,usa,3,1.011264443397522,0.4599343240261078,0.9204925648733795,1,0.9998481273651123
1610,800,usa,10,2.2386693954467773,0.15757325291633606,0.972241765248224,1,0.9988033771514893
1611,801,usa,6,1.6349343061447144,0.342844694852829,0.9124742099725552,1,0.9998382329940796
1612,803,usa,10,2.260817527770996,0.1464834362268448,0.9818605769010953,1,0.9987894892692566
1613,805,usa,10,2.2608869075775146,0.14644448459148407,0.9818907081682219,1,0.998786985874176
1615,812,usa,3,1.0211551189422607,0.4550197720527649,0.9294954457320395,0,6.852230580989271e-05
1616,813,usa,3,1.090053915977478,0.3685958683490753,0.9922098334608951,0,8.029405051956928e-08
1617,814,usa,3,1.0835703611373901,0.39041659235954285,0.9863082475174608,0,2.848403539701394e-07
1618,816,usa,3,0.9822801351547241,0.5689421892166138,0.8941099105541414,0,1.7051688701030798e-05
1619,817,usa,6,1.7629704475402832,0.21784791350364685,0.9839325410680403,0,2.7182735720998608e-05
1621,819,usa,3,1.0386018753051758,0.4705333411693573,0.9453761677509661,0,1.3261821550258901e-05
1622,820,usa,3,1.0664139986038208,0.4388355314731598,0.970691853353175,0,2.896558362408541e-05
1623,821,usa,7,1.9149647951126099,0.1766388863325119,0.9840972339047995,0,2.177454916818533e-05
1625,825,usa,6,1.64320969581604,0.291949599981308,0.9170927928869745,0,4.468853148864582e-05
1626,827,usa,3,0.90943443775177,0.5435947775840759,0.8278028992869838,0,0.0005173750105313957
1627,830,usa,2,0.6828392744064331,0.571667492389679,0.9851288349103792,0,3.4343625543442613e-07
1630,833,usa,10,1.9003486633300781,0.30614322423934937,0.8253109381764734,1,0.9987263083457947
1631,835,usa,3,1.0637677907943726,0.46045711636543274,0.968283171203209,0,1.849829089906052e-07
1633,837,usa,6,1.2342432737350464,0.5629744529724121,0.6888442868209294,1,0.9995362758636475
1634,839,usa,3,1.0353436470031738,0.4401739537715912,0.9424104005411782,1,0.9998708963394165
1636,843,usa,3,0.8899211287498474,0.6493723392486572,0.8100411199921432,0,0.0007000709883868694
1637,844,usa,3,1.0767590999603271,0.38255274295806885,0.9801083704112976,0,0.0025232909247279167
1640,849,usa,3,1.0803608894348145,0.41471660137176514,0.9833868604770276,1,0.9998835325241089
1641,850,usa,3,1.0866848230361938,0.36903220415115356,0.9891431529075867,0,0.0001876554888440296
1643,852,usa,3,1.0572060346603394,0.41091564297676086,0.9623104033744526,0,5.653834023178206e-08
1647,857,usa,3,0.6822360754013062,0.7083472609519958,0.6209980376502136,1,0.9988229870796204
1648,858,usa,6,1.4171783924102783,0.47163036465644836,0.7909423205229899,1,0.9997183680534363
1649,859,usa,3,1.0261703729629517,0.4286140501499176,0.9340605266731703,0,0.00015933810209389776
1650,860,usa,3,1.0786937475204468,0.42091238498687744,0.9818693625102164,0,0.00019017563317902386
1659,873,usa,6,1.181855320930481,0.58736252784729,0.6596060136574361,1,0.9994595646858215
1661,875,usa,3,0.9247490167617798,0.5981402397155762,0.8417428298411707,1,0.9998140931129456
1665,880,usa,3,1.0382325649261475,0.5019640326499939,0.9450400069571742,0,2.4884129743441008e-05
1666,881,usa,3,0.8685460090637207,0.6417115926742554,0.7905846475799871,1,0.9997864365577698
1668,885,usa,6,1.643078088760376,0.3219841420650482,0.9170193415906793,1,0.9995243549346924
1671,892,usa,3,1.0672378540039062,0.4409448802471161,0.9714417588554012,1,0.999884843826294
1673,895,usa,3,1.056808590888977,0.47127556800842285,0.9619486344633802,0,0.017151739448308945
1677,900,usa,3,1.0795680284500122,0.4220881164073944,0.9826651673073986,0,1.6628666344331577e-05
1680,905,usa,3,0.7597877383232117,0.6064798831939697,0.691588603331874,1,0.9997543692588806
1681,907,usa,3,1.0819756984710693,0.403887540102005,0.9848567230053383,0,2.5668925445643254e-05
1684,915,usa,6,1.712519645690918,0.22185832262039185,0.9557754124378782,0,0.00011768218973884359
1687,919,usa,3,1.0868710279464722,0.4002286195755005,0.9893126439211125,0,0.000250384327955544
1689,925,usa,3,1.051008939743042,0.4823833703994751,0.9566695644895988,0,1.7098338389587298e-07
1692,932,usa,3,0.8627274036407471,0.5493590831756592,0.785288324679733,1,0.9998130202293396
1693,933,usa,3,0.8515774011611938,0.5604054927825928,0.7751391550458571,1,0.9998154044151306
1695,936,usa,10,2.043130874633789,0.23994803428649902,0.8873204646596191,1,0.9996747970581055
1697,940,usa,3,1.0342307090759277,0.4411344826221466,0.9413973607829981,1,0.9998612403869629
1702,949,usa,3,0.893233060836792,0.560917317867279,0.8130557704936042,0,1.616927960412795e-07
1704,952,usa,3,1.0833755731582642,0.3876439034938812,0.9861309438579849,0,0.000245792354689911
1705,953,usa,3,0.8732390999794006,0.6591607928276062,0.7948564830255651,0,4.856105806538835e-05
1710,960,usa,2,0.6903542280197144,0.5373523235321045,0.9959706212207706,0,0.011538805440068245
1711,962,usa,6,1.632012963294983,0.27779877185821533,0.9108437774843207,1,0.9995796084403992
1712,963,usa,3,0.7721718549728394,0.7098914980888367,0.7028611120934877,0,0.0009652619482949376
1715,966,usa,3,1.090314507484436,0.38208845257759094,0.9924470340726541,0,0.0002999441639985889
1716,972,usa,6,1.5534727573394775,0.3823542296886444,0.8670096539290295,1,0.9988473653793335
1717,973,usa,6,1.435600996017456,0.46113935112953186,0.801224171364897,1,0.9997368454933167
1718,974,usa,13,2.2998571395874023,0.21079838275909424,0.8966481669109876,1,0.9997038245201111
1719,975,usa,3,1.0868918895721436,0.39759039878845215,0.9893316329911298,1,0.9998971223831177
1720,976,usa,2,0.274152934551239,0.9218802452087402,0.3955190791222291,0,0.00037890797830186784
1721,978,usa,3,0.7699037194252014,0.7277355790138245,0.7007965661467209,0,0.004448170308023691
1722,979,usa,3,1.0634956359863281,0.4174312353134155,0.9680354452212118,0,0.001984734321013093
1723,981,usa,3,1.0735586881637573,0.4304652512073517,0.9771952300527005,0,0.00017571709759067744
1724,983,usa,3,0.9767349362373352,0.5261805653572083,0.8890624529800852,0,0.00012847028847318143
1725,984,usa,3,0.8178251385688782,0.5976128578186035,0.7444165216469217,0,0.00013239764666650444
1731,996,usa,2,0.6835625767707825,0.5691155791282654,0.9861723396444892,0,0.0020345263183116913
1732,997,usa,3,1.0367460250854492,0.4298921823501587,0.943686900082227,0,0.00012883427552878857
1734,1003,usa,3,1.043552279472351,0.4650937616825104,0.949882219811586,0,1.312390395469265e-05
1735,1004,usa,3,1.0552092790603638,0.44885188341140747,0.9604928781013681,0,1.6667387171764858e-05
1737,1006,usa,3,1.091792345046997,0.3778839707374573,0.9937922197926797,0,2.8240403480594978e-05
1742,1014,usa,3,1.0881693363189697,0.37533432245254517,0.9904944151300178,0,2.6842772058444098e-06
1743,1015,usa,3,1.0971107482910156,0.35895583033561707,0.9986332390484048,0,4.217671403239365e-07
1744,1016,usa,3,1.054344892501831,0.45262208580970764,0.9597060795488226,0,7.972270310574459e-08
1745,1019,usa,3,1.0012528896331787,0.4415222704410553,0.9113796559175907,0,9.429108467884362e-05
1746,1020,usa,3,1.0978789329528809,0.35099920630455017,0.9993324708609277,0,7.758683932479471e-05
1750,1030,usa,3,1.0941989421844482,0.3774963617324829,0.9959827989098756,0,0.007614918984472752
1752,1035,usa,6,1.5250465869903564,0.39620622992515564,0.851144706185029,1,0.9998041987419128
1755,1044,usa,6,1.6891710758209229,0.3230060636997223,0.9427443274786597,1,0.9988905787467957
1758,1049,usa,3,1.0293848514556885,0.5010313391685486,0.9369864710904077,0,0.003690215526148677
1759,1050,usa,2,0.45428842306137085,0.8310053944587708,0.6553996550839072,0,9.62091435212642e-05
1761,1058,usa,3,1.0914639234542847,0.38171741366386414,0.9934932775761216,0,5.401056841947138e-05
1763,1060,usa,3,1.0224772691726685,0.4997847378253937,0.9306989187352503,0,1.1921782061108388e-05
1764,1064,usa,3,1.053602933883667,0.4252380430698395,0.9590307197100358,0,9.395325469085947e-05
1765,1066,usa,3,1.0825600624084473,0.41496437788009644,0.9853886339837657,0,5.2283270633779466e-05
1766,1069,usa,3,1.0929186344146729,0.3742409348487854,0.9948174125556709,0,2.806790143949911e-05
1767,1071,usa,3,1.0386368036270142,0.4704948961734772,0.9454079608796236,0,1.3250569281808566e-05
1768,1073,usa,3,1.0830386877059937,0.4011419117450714,0.9858242975044484,0,2.5711357011459768e-05
1769,1077,usa,3,1.0925108194351196,0.3754470944404602,0.9944462033640756,0,2.8674034183495678e-05
1774,1083,usa,3,0.7005494832992554,0.6428930759429932,0.6376676198921447,1,0.999677300453186
1778,1092,usa,3,0.9576495885848999,0.5903332233428955,0.8716902208930282,0,5.576237526838668e-05
1782,1100,usa,3,0.7465500235557556,0.6139058470726013,0.6795391160796381,1,0.9997393488883972
1783,1103,usa,3,1.0922393798828125,0.364698588848114,0.9941991284359076,0,0.0028146717231720686
1786,1109,usa,3,0.9832050800323486,0.4630182385444641,0.8949518316642228,0,3.930364655957419e-08
1791,1116,usa,10,2.0719690322875977,0.26393717527389526,0.8998447173969242,1,0.998499870300293
1792,1117,usa,10,2.230398654937744,0.17497345805168152,0.9686498282838972,1,0.9992448091506958
1794,1119,usa,3,0.9059638977050781,0.5992013216018677,0.8246438775989055,1,0.9988806843757629
1796,1121,usa,3,0.7767537832260132,0.6861450672149658,0.7070317629231163,1,0.9986512064933777
1797,1123,usa,6,1.6692566871643066,0.258228063583374,0.9316298955481306,1,0.9992175102233887
1799,1130,usa,3,0.9040865898132324,0.5339031219482422,0.8229350783152913,0,3.459012077655643e-05
1801,1134,usa,3,1.0420206785202026,0.4458726644515991,0.9484880965454016,0,2.3776797775099112e-07
1802,1135,usa,3,1.0570967197418213,0.47264859080314636,0.962210900647562,0,2.5768600607989356e-05
1803,1136,usa,6,1.3231749534606934,0.489869624376297,0.738478002312865,0,2.818909524648916e-05
1804,1137,usa,6,1.7637959718704224,0.2166457623243332,0.9843932749691675,0,2.9786973755108193e-05
1807,1140,usa,7,1.8521956205368042,0.20763835310935974,0.9518402591383754,0,1.4038222616363782e-05
1809,1144,usa,6,1.715414047241211,0.24919436872005463,0.9573908087006031,0,4.8765337851364166e-05
1811,1146,usa,3,1.0670535564422607,0.41129595041275024,0.9712740039854197,0,0.00018445994646754116
1815,1153,usa,3,0.8654247522354126,0.5960322022438049,0.7877435571784842,1,0.9994915723800659
1818,1157,usa,3,1.0843511819839478,0.3977048695087433,0.9870189812809655,0,0.0007269515190273523
1819,1158,usa,3,1.0550413131713867,0.4594570994377136,0.9603399889604859,1,0.9998838901519775
1821,1163,usa,3,1.0875009298324585,0.4009718894958496,0.9898860053266635,0,6.084843334974721e-05
1822,1164,usa,3,1.0679762363433838,0.452409029006958,0.9721138634250421,0,0.0015166953671723604
1826,1169,usa,6,1.4109292030334473,0.4731519818305969,0.7874545815244492,1,0.9997618794441223
1827,1170,usa,3,1.0425149202346802,0.4095107316970825,0.9489379747413543,0,5.34913269802928e-05
1829,1172,usa,3,1.0747475624084473,0.3924912214279175,0.9782773900257437,0,6.718320832987956e-08
1832,1177,usa,6,1.0577037334442139,0.6468806862831116,0.5903156933781436,1,0.9970157146453857
1833,1178,usa,3,1.0405213832855225,0.48254159092903137,0.9471233792105009,1,0.9998621940612793
1834,1179,usa,3,1.018269419670105,0.43283021450042725,0.9268687690582748,0,0.00016035289445426315
1835,1180,usa,3,1.0840070247650146,0.4137885570526123,0.9867057158801659,0,0.0001884140510810539
1838,1183,usa,3,1.0244759321212769,0.4512193500995636,0.9325181801518794,0,0.0008464580168947577
1843,1188,usa,3,0.9042432308197021,0.5339983105659485,0.8230776591038784,0,3.7885129131609574e-05
1844,1189,usa,3,1.0744998455047607,0.4270341992378235,0.9780519083829096,1,0.9998811483383179
1846,1195,usa,3,0.8694629073143005,0.662520706653595,0.7914192443344904,0,4.982844620826654e-05
1847,1197,usa,6,1.604720950126648,0.36462005972862244,0.8956118149150963,1,0.9997923970222473
1848,1198,usa,3,0.8184292316436768,0.6719748973846436,0.744966390860137,0,3.783711508731358e-05
1849,1199,usa,3,0.9033740162849426,0.6133610010147095,0.8222864659379862,1,0.9998795986175537
1851,1202,usa,3,0.7446703910827637,0.541479766368866,0.6778282008710793,0,4.122163591091521e-05
1854,1205,usa,3,1.081101894378662,0.4231363832950592,0.9840613522440421,0,2.8542646759888157e-05
1855,1206,usa,3,0.7087925672531128,0.7390809655189514,0.645170798255324,1,0.9998358488082886
1857,1210,usa,3,1.0557301044464111,0.44856584072113037,0.9609669537979715,0,1.8057451597996987e-05
1862,1218,usa,3,0.9705333709716797,0.5589874982833862,0.8834175450087991,1,0.9998329877853394
1863,1219,usa,3,1.0728145837783813,0.421741783618927,0.9765179170524262,0,2.0572035282384604e-05
1864,1220,usa,3,1.061841368675232,0.4439283609390259,0.9665296662233256,0,2.4370723622268997e-05
1868,1227,usa,3,0.9234427213668823,0.5332965850830078,0.840553788531173,0,0.00014234821719583124
1871,1231,usa,3,0.9253922700881958,0.5558848977088928,0.8423283442515327,1,0.9994945526123047
1872,1233,usa,3,1.0749059915542603,0.41797417402267456,0.9784215984489035,0,2.2881285985931754e-05
1874,1239,usa,3,1.0418365001678467,0.48080992698669434,0.9483204501843916,1,0.9998645782470703
1875,1241,usa,3,1.097562313079834,0.3545089066028595,0.9990442710325508,0,7.609942986164242e-05
1876,1242,usa,3,0.9854644536972046,0.5629358291625977,0.8970084022015823,0,6.480549200205132e-05
1883,1254,usa,3,0.9634312391281128,0.5870035886764526,0.876952906012109,0,1.5407353259888623e-07
1885,1261,usa,6,1.7772890329360962,0.19722306728363037,0.991923895734625,0,9.475560602822952e-08
1886,1263,usa,3,0.8675738573074341,0.5944467186927795,0.7896997569171809,1,0.9994940757751465
1887,1264,usa,3,0.930055558681488,0.5512036681175232,0.8465730524542288,1,0.9995715022087097
1889,1267,usa,3,0.9681289196014404,0.5610387921333313,0.8812289190530908,1,0.9998359680175781
1890,1268,usa,3,0.7378782629966736,0.6753674149513245,0.6716457394548462,1,0.9990770816802979
1897,1282,usa,3,1.0940837860107422,0.3653610050678253,0.9958779792433802,0,0.0003976154839619994
1898,1283,usa,3,0.9702610969543457,0.5782761573791504,0.8831697105178304,0,6.042769382474944e-05
1908,1298,usa,3,1.0842006206512451,0.3967103660106659,0.9868819344499263,0,0.000269801530521363
1909,1299,usa,3,1.035600185394287,0.5056848526000977,0.9426439118479052,0,2.6062698452733457e-05
1911,1304,usa,3,1.0632922649383545,0.44848859310150146,0.967850328915786,1,0.9998767375946045
1912,1305,usa,3,1.0872339010238647,0.39630326628685,0.989642945230442,1,0.9998892545700073
1913,1306,usa,3,0.9115407466888428,0.6086211204528809,0.829720144304902,1,0.9998100399971008
1915,1309,usa,3,1.0905449390411377,0.3885996639728546,0.9926567819146166,0,0.0010389022063463926
1921,1320,usa,3,1.0707831382751465,0.4390036463737488,0.9746688156686272,0,1.4224868039036664e-07
1924,1327,usa,3,1.0771559476852417,0.4330008327960968,0.9804695967775124,0,1.857256819448594e-07
1926,1332,usa,3,0.9583672285079956,0.4801129400730133,0.8723434449016234,0,0.00011965082376264036
1929,1338,usa,3,1.0727839469909668,0.42245134711265564,0.9764900302467436,0,2.1235577150946483e-05
1930,1339,usa,3,1.0111045837402344,0.5012344717979431,0.9203470543425613,0,9.988227247959003e-06
1933,1342,usa,3,1.0111045837402344,0.5012341141700745,0.9203470543425613,0,9.989132195187267e-06
1937,1348,usa,3,1.089374303817749,0.37400180101394653,0.9915912238142172,0,1.5898654964985326e-05
1939,1351,usa,3,1.0980243682861328,0.34907281398773193,0.9994648518061912,0,5.158883595868247e-07
1943,1355,usa,3,1.096727967262268,0.3615129292011261,0.9982848167408302,0,6.828962796134874e-05
1950,1367,usa,2,0.652840256690979,0.6410006880760193,0.9418494008207533,1,0.9994301199913025
1955,1378,usa,3,1.0524111986160278,0.4092925786972046,0.957945955521676,0,0.00012579346366692334
1956,1380,usa,2,0.6288717985153198,0.6773217916488647,0.9072702250729753,1,0.9996987581253052
1962,1388,usa,3,0.8829271197319031,0.5088666081428528,0.8036748986326284,0,0.0001413560676155612
1963,1395,usa,3,1.0317606925964355,0.4877523183822632,0.9391490548929495,0,1.787000110198278e-05
1965,1397,usa,3,1.0271193981170654,0.4933168292045593,0.9349243665955003,0,1.5546611393801868e-05
1966,1401,usa,3,1.07564115524292,0.3991815149784088,0.9790907732763133,0,0.00011096783418906853
1967,1402,usa,3,1.072685718536377,0.4377846419811249,0.976400618854205,0,3.814804585999809e-05
1968,1403,usa,2,0.6500641107559204,0.6457064151763916,0.9378442688474603,0,3.301681863376871e-05
1970,1407,usa,3,1.0111045837402344,0.5012341737747192,0.9203470543425613,0,9.988874808186665e-06
1971,1408,usa,3,1.0856379270553589,0.39511898159980774,0.9881902271196327,0,2.6109742975677364e-05
1973,1410,usa,3,1.0111045837402344,0.5012341737747192,0.9203470543425613,0,9.988874808186665e-06
1976,1414,usa,3,1.088355541229248,0.38833606243133545,0.9906639061435437,0,2.832620157278143e-05
1984,1429,usa,6,1.749021291732788,0.2504352331161499,0.9761473689804582,0,0.00010304570605512708
1986,1433,usa,3,1.0018689632415771,0.4938710331916809,0.9119404302824445,1,0.9996713399887085
1992,1441,usa,6,1.7545583248138428,0.2465798258781433,0.9792376459825606,0,8.963274012785405e-05
1998,1455,usa,3,0.8357237577438354,0.6479812860488892,0.7607085469224232,1,0.9988009929656982
1999,1456,usa,3,0.7009862661361694,0.6973153352737427,0.6380651967638212,1,0.9989200830459595
2001,1458,usa,3,0.8253489136695862,0.6557391285896301,0.7512649568759044,1,0.998857855796814
2003,1460,usa,3,0.9439680576324463,0.5698093771934509,0.8592367547397957,1,0.999018669128418
2005,1462,usa,3,0.9439680576324463,0.5698093771934509,0.8592367547397957,1,0.999018669128418
2010,1473,usa,3,1.0396214723587036,0.5000365972518921,0.9463042449844403,0,2.070030677714385e-05
2011,1474,usa,3,1.0050392150878906,0.5442328453063965,0.9148261178712451,0,1.9926339518860914e-05
2012,1475,usa,6,1.6746073961257935,0.28268963098526,0.9346161830791193,0,1.4788740372750908e-05
2014,1477,usa,3,1.0818259716033936,0.4211738407611847,0.9847204357370998,0,1.7431664673495106e-05
2015,1478,usa,3,0.988890528678894,0.5345041155815125,0.9001269500432808,0,9.214099009113852e-06
2016,1479,usa,3,0.9399288296699524,0.5794044137001038,0.8555600910030458,0,4.720028243809793e-07
2017,1480,usa,3,0.9902967214584351,0.5167228579521179,0.9014069218714185,1,0.9982283711433411
2019,1484,usa,6,1.6497561931610107,0.28948596119880676,0.9207464626218922,0,4.6210821892600507e-05
2020,1485,usa,6,1.759108304977417,0.23894211649894714,0.9817770382624488,0,0.00012871847138740122
2024,1493,usa,6,1.1035243272781372,0.627013623714447,0.6158886537117448,1,0.9965142607688904
2025,1495,usa,3,1.0810043811798096,0.42340293526649475,0.9839725919053327,0,3.3427029848098755e-05
2027,1498,usa,3,1.0875709056854248,0.39529362320899963,0.9899497000929501,1,0.9998931884765625
2028,1500,usa,3,0.43653297424316406,0.86491459608078,0.39734943687221075,1,0.9995948672294617
2029,1504,usa,3,1.0951789617538452,0.3707192838191986,0.9968748511648027,0,7.39955430617556e-05
2030,1505,usa,3,0.9605288505554199,0.5897753238677979,0.8743110380823305,0,0.000868151371832937
2032,1508,usa,3,1.0719151496887207,0.4310646951198578,0.9756992168622517,1,0.9998910427093506
2034,1510,usa,3,1.0231809616088867,0.5042365789413452,0.9313394471941767,1,0.9998601675033569
2041,1519,usa,3,0.6614205837249756,0.6937627792358398,0.602050960604893,1,0.995912492275238
2042,1520,usa,6,1.6841790676116943,0.2648422122001648,0.9399582346492582,1,0.9994283318519592
2043,1521,usa,2,0.6692428588867188,0.6088880896568298,0.9655133536662215,0,9.824769222177565e-05
2044,1522,usa,3,0.9875733852386475,0.5609194040298462,0.8989280344168742,0,6.89806547597982e-05
2049,1530,usa,3,1.070283055305481,0.4342626929283142,0.9742136205330696,1,0.9998890161514282
2052,1536,usa,3,1.0390809774398804,0.4987746775150299,0.9458122653075349,0,0.00017781955830287188
2053,1538,usa,3,1.0608255863189697,0.45083367824554443,0.9656050612769402,1,0.9998900890350342
2056,1543,usa,3,0.9461207389831543,0.5149106383323669,0.8611962097476382,0,3.473484321148135e-05
2060,1547,usa,3,0.9798738956451416,0.5714051723480225,0.89191965696386,0,1.539025834063068e-05
2061,1548,usa,3,0.9599970579147339,0.5686942934989929,0.8738269795603465,1,0.9998306035995483
2067,1562,usa,3,1.0563665628433228,0.47389543056488037,0.9615462831969565,0,2.5987350454670377e-05
2068,1565,usa,3,1.0818601846694946,0.4104804992675781,0.9847515778119282,1,0.9998886585235596
2069,1566,usa,3,1.0785363912582397,0.4295424818992615,0.9817261306678001,0,1.4798473785049282e-05
2070,1567,usa,3,1.0877630710601807,0.3924937844276428,0.9901246165550524,0,3.371515776962042e-05
2072,1570,usa,2,0.6814876794815063,0.5762040019035339,0.9831788956148966,0,1.297717489023853e-07
2075,1575,usa,3,0.6927450299263,0.6732985377311707,0.6305637002897007,0,9.125716314883903e-05
2079,1581,usa,3,1.0793391466140747,0.4275616407394409,0.982456830082066,0,1.5889574569882825e-05
2081,1586,usa,3,1.0404096841812134,0.4988979697227478,0.9470217063041797,0,1.9645667634904385e-05
2084,1590,usa,3,1.029103398323059,0.5121915936470032,0.9367302814086315,0,8.68633360369131e-05
2090,1601,usa,3,0.9485424757003784,0.5714053511619568,0.8634005695042181,0,1.2604421499418095e-05
2091,1602,usa,3,1.046102523803711,0.47894442081451416,0.9522035522394725,0,2.1379258896558895e-07
2093,1609,usa,3,1.0114926099777222,0.4850722849369049,0.9207002510448831,1,0.9997020363807678
2094,1610,usa,3,0.46395808458328247,0.8532691597938538,0.4223128480983558,1,0.9996193647384644
2097,1613,usa,10,2.2128751277923584,0.18731696903705597,0.9610394571411743,1,0.9994174242019653
2098,1615,usa,3,0.5492860078811646,0.7854759097099304,0.4999816710106941,1,0.9977097511291504
2106,1627,usa,6,1.782772421836853,0.20468395948410034,0.9949842333496506,0,0.00023705506464466453
2115,1639,usa,3,0.7688055038452148,0.6913396120071411,0.6997969272465243,1,0.9987441301345825
2118,1648,usa,3,1.0301812887191772,0.4822940528392792,0.9377114195291825,1,0.9980213642120361
2120,1650,usa,3,0.9593946933746338,0.5690966844558716,0.8732786837272184,1,0.999830961227417
2121,1651,usa,3,1.0064646005630493,0.5227989554405212,0.9161235596437988,1,0.9998499155044556
2122,1652,usa,3,0.9723412990570068,0.5572616457939148,0.8850631920709843,1,0.9998373985290527
2125,1655,usa,3,1.0384883880615234,0.4888518750667572,0.945272867210072,0,0.00046528602251783013
2130,1663,usa,3,0.9143691658973694,0.5392202734947205,0.8322946824178479,0,0.00013021657650824636
2132,1666,usa,3,1.0000731945037842,0.5374925136566162,0.9103058511353551,0,8.426918896020652e-08
2137,1675,usa,3,0.8934569954872131,0.5127978920936584,0.8132596045966186,0,0.00011184554023202509
2141,1681,usa,3,1.091995120048523,0.3881745934486389,0.9939767935532479,0,2.9076618375256658e-05
2142,1682,usa,3,1.0739812850952148,0.44010061025619507,0.9775798943567653,0,1.2182727004983462e-05
2144,1686,usa,3,1.0806246995925903,0.42430225014686584,0.9836269908310178,0,1.4361603462020867e-05
2145,1688,usa,3,1.0796496868133545,0.4267882704734802,0.9827394959528949,0,1.5961961253196932e-05
2150,1693,usa,3,1.0894109010696411,0.3839045763015747,0.9916245360684761,0,0.0007216684170998633
2151,1694,usa,3,1.061232089996338,0.4134240448474884,0.9659750768698488,0,1.1142150469822809e-05
2157,1702,usa,3,1.0567028522491455,0.4255949854850769,0.9618523870056354,0,0.00016566950944252312
2158,1703,usa,3,1.095784068107605,0.3602977991104126,0.997425642704276,0,1.8315762645215727e-05
2161,1719,usa,3,1.0755014419555664,0.4085235297679901,0.9789636007616831,0,1.6990244944281585e-07
2167,1731,usa,5,1.4872510433197021,0.3213329315185547,0.9240810296747616,0,3.892598397214897e-05
2168,1733,usa,3,1.0458948612213135,0.45641231536865234,0.9520145296110717,1,0.9989500641822815
2169,1734,usa,3,0.9979987144470215,0.5093743205070496,0.9084175780128347,1,0.9983682036399841
2174,1742,usa,6,1.6708035469055176,0.22605262696743011,0.9324932144074847,0,0.00031106689129956067
2176,1749,usa,3,1.0771912336349487,0.4037032127380371,0.9805017154330845,0,1.8306978745386004e-05
2177,1750,usa,3,1.0214903354644775,0.49994581937789917,0.9298005729599746,0,1.4872523934172932e-05
2178,1754,usa,3,1.0521619319915771,0.4267348051071167,0.9577190632622122,0,9.373472857987508e-05
2179,1755,usa,3,1.0950095653533936,0.3715241253376007,0.9967206599162622,0,9.473847603658214e-05
2182,1761,usa,3,1.0974023342132568,0.3566441237926483,0.998898651992761,0,4.5999520807527006e-05
2183,1763,usa,3,1.077023983001709,0.43315812945365906,0.9803494773460316,0,1.4660059605375864e-05
2185,1767,usa,3,1.0972145795822144,0.35839012265205383,0.9987277503626052,0,4.230026388540864e-05
2192,1783,usa,3,1.0902830362319946,0.39133498072624207,0.9924183877041708,0,8.903111279323639e-07
2193,1784,usa,3,1.0143730640411377,0.5304136276245117,0.9233221533239006,0,0.00010027548705693334
2194,1785,usa,5,1.3852308988571167,0.4425565004348755,0.8606923498913389,1,0.9996935129165649
2198,1792,usa,3,1.089731216430664,0.3970440626144409,0.9919160996749703,0,2.2604764637890185e-07
2199,1793,usa,3,1.0985760688781738,0.33675751090049744,0.9999670313264201,0,9.916199633153155e-05
2205,1810,usa,2,0.6931421756744385,0.5015846490859985,0.9999927794764991,0,9.409433801010891e-07
2207,1812,usa,6,1.5163044929504395,0.4190598726272583,0.846265650603041,1,0.9989340901374817
2209,1814,usa,3,1.0760529041290283,0.4352242052555084,0.979465563263969,0,2.556401454967272e-07
2210,1815,usa,6,1.635429859161377,0.3447446823120117,0.9127507833771742,1,0.9993669390678406
2212,1817,usa,3,1.039965033531189,0.47405147552490234,0.9466169678403824,1,0.9989802241325378
2214,1819,usa,3,1.039965033531189,0.47405147552490234,0.9466169678403824,1,0.9989802241325378
2216,1821,usa,3,1.0755014419555664,0.4085235297679901,0.9789636007616831,0,1.6990229312341398e-07
2220,1827,usa,3,1.0849634408950806,0.41010743379592896,0.9875762833587305,0,4.06893013860099e-05
2221,1828,usa,3,1.07175874710083,0.42204931378364563,0.9755568530916077,0,0.000627616245765239
2223,1830,usa,3,0.7014374136924744,0.6677548885345459,0.6384758489665668,0,9.397781104780734e-05
2225,1832,usa,9,2.1033663749694824,0.1879880428314209,0.957283291232558,0,7.386307697743177e-05
2226,1833,usa,3,1.0806607007980347,0.4242893159389496,0.9836597605404191,0,3.1658906664233655e-05
2227,1834,usa,6,1.466654896736145,0.4231269955635071,0.8185556833518648,0,4.8034526116680354e-05
2229,1836,usa,2,0.5068398118019104,0.7953069806098938,0.7312152830117117,0,4.521467076301633e-07
2230,1837,usa,3,1.087277889251709,0.4053225815296173,0.9896829850409357,0,2.0986899471608922e-05
2231,1838,usa,3,1.0173225402832031,0.5046959519386292,0.9260068822974323,0,1.3845317880623043e-05
2234,1845,usa,3,1.0516843795776367,0.4663926959037781,0.9572843763222733,1,0.9998733997344971
2235,1846,usa,6,1.693066120147705,0.2963365316390991,0.9449181931083249,0,8.506666199536994e-05
2239,1854,usa,3,0.6341993808746338,0.7363925576210022,0.5772731539745457,1,0.9984537363052368
2241,1856,usa,3,1.078216314315796,0.40856942534446716,0.981434784079249,0,0.002550929319113493
2242,1858,usa,6,1.5175756216049194,0.39773619174957275,0.8469750810128202,0,5.258839519228786e-05
2243,1859,usa,3,1.0701758861541748,0.4267381727695465,0.9741160709676664,0,0.0006241382798179984
2246,1866,usa,3,1.0744810104370117,0.43403664231300354,0.9780347639654082,0,4.1120532841887325e-05
2249,1870,usa,3,1.0317301750183105,0.49385538697242737,0.9391212765962385,1,0.9998646974563599
2250,1872,usa,3,0.9938739538192749,0.5362545251846313,0.9046630590890138,1,0.9998664855957031
2252,1874,usa,3,1.0227515697479248,0.48865804076194763,0.930948597878735,0,6.521254545077682e-05
2256,1879,usa,3,1.0402348041534424,0.432620644569397,0.946862523642949,0,8.768661245994736e-06
2257,1880,usa,6,1.6762036085128784,0.3069607615470886,0.9355070461745841,1,0.9993528723716736
2258,1881,usa,3,0.968475341796875,0.5612318515777588,0.8815442461243495,1,0.9998331069946289
2259,1882,usa,2,0.6800838112831116,0.5806422829627991,0.9811535419270108,0,0.00013066847168374807
2260,1883,usa,3,1.0783915519714355,0.4282000958919525,0.9815942922673944,0,0.00015241825894918293
2263,1886,usa,2,0.6875190734863281,0.5529977679252625,0.9918803578353004,0,0.00046357317478396
2264,1887,usa,3,1.0108389854431152,0.5323894619941711,0.9201052963539981,0,4.2638275772333145e-05
2267,1890,usa,3,0.9136886596679688,0.5283607840538025,0.8316752589538834,0,4.1394567233510315e-05
2268,1891,usa,3,1.040417194366455,0.4794836640357971,0.9470285423693859,1,0.9998782873153687
2269,1893,usa,3,1.048313021659851,0.4308227002620697,0.9542156340985058,0,7.659237599000335e-05
2270,1895,usa,3,1.0790846347808838,0.4202846586704254,0.9822251634278548,0,2.5928827085408557e-07
2271,1897,usa,3,0.9542571306228638,0.5130225419998169,0.8686022725813004,0,0.00014279928291216493
2272,1898,usa,3,0.9577256441116333,0.5708335638046265,0.8717594496168627,1,0.9998289346694946
2273,1899,usa,3,0.954146683216095,0.5735631585121155,0.8685017390191803,1,0.9998272061347961
2279,1908,usa,3,1.0861960649490356,0.40500977635383606,0.9886982661243242,0,6.185866368468851e-05
2280,1909,usa,3,0.9863311052322388,0.5647314786911011,0.8977972624245867,0,1.578135743329767e-05
2281,1910,usa,3,1.061851978302002,0.44869595766067505,0.9665393235217915,1,0.9998674392700195
2287,1922,usa,3,0.9489504098892212,0.599651038646698,0.8637718872047849,1,0.999579131603241
2288,1923,usa,6,1.7424441576004028,0.2503749430179596,0.972476600528921,1,0.9995579123497009
2289,1924,usa,3,0.9958834648132324,0.5166839957237244,0.9064921948220518,0,4.334936966188252e-05
2290,1925,usa,3,0.6896831393241882,0.6752508878707886,0.6277766473560183,0,9.002558363135904e-05
2291,1929,usa,3,1.0744109153747559,0.4272702634334564,0.9779709606901501,1,0.9998829364776611
2292,1930,usa,3,1.0913578271865845,0.39077940583229065,0.9933967045914622,0,3.0147164579830132e-05
2293,1931,usa,3,0.9695277810096741,0.5471473932266235,0.8825022175794794,0,1.1044755410694052e-05
2294,1933,usa,2,0.6759268641471863,0.5925236344337463,0.9751563349087737,0,1.3137359644588287e-07
2296,1937,usa,3,0.599933922290802,0.7360367774963379,0.5460833894531847,0,5.00665555591695e-05
2298,1940,usa,3,1.0353649854660034,0.4840027689933777,0.9424298236470816,1,0.999846339225769
2299,1942,usa,3,1.0788213014602661,0.4288564622402191,0.9819854671097508,0,1.451288608222967e-05
2301,1945,usa,3,0.9245932102203369,0.6216850876808167,0.8416010086153843,0,0.0007687415345571935
2304,1948,usa,3,1.0664900541305542,0.442354679107666,0.9707610820770095,1,0.9998769760131836
2306,1951,usa,3,0.9562362432479858,0.5916648507118225,0.8704037385265989,0,5.534977390198037e-05
2307,1952,usa,3,0.8413985371589661,0.5705132484436035,0.7658739537485295,0,2.348107773286756e-05
2313,1963,usa,6,1.7463597059249878,0.23468272387981415,0.9746619096576469,0,9.068367216968909e-05
2314,1964,usa,3,1.041669487953186,0.48530468344688416,0.9481684291152817,0,2.09083012236988e-07
2315,1965,usa,3,1.0174236297607422,0.516454815864563,0.9260988979052877,0,1.8931909551156423e-07
2316,1970,usa,3,1.0869603157043457,0.36994045972824097,0.9893939171407866,0,1.2052898057390848e-07
2318,1972,usa,3,0.4934483766555786,0.8403246402740479,0.4491560687472422,1,0.999634861946106
2319,1973,usa,3,0.9466778039932251,0.5743059515953064,0.8617032721715859,1,0.9998251795768738
2321,1975,usa,3,0.9667332172393799,0.5618270039558411,0.8799584960144474,1,0.9998332262039185
2322,1978,usa,3,0.9589468836784363,0.5038978457450867,0.8728710697756755,1,0.9991433620452881
2323,1979,usa,3,0.5879840850830078,0.7632261514663696,0.5352061788748456,1,0.9979586601257324
2328,1987,usa,3,1.0777759552001953,0.41126787662506104,0.9810339519384267,0,0.0001863719371613115
2329,1988,usa,3,1.056307077407837,0.4740667939186096,0.9614921372201642,0,0.0003226179105695337
2331,1991,usa,6,1.73269522190094,0.26597270369529724,0.967035615917486,0,0.00012787240848410875
2332,1992,usa,3,0.9933195114135742,0.5548317432403564,0.9041583838624397,0,7.208517490653321e-05
2340,2003,usa,3,0.9123831987380981,0.5642890334129333,0.8304869772066865,1,0.999555766582489
2341,2006,usa,3,0.9085476398468018,0.6150838732719421,0.8269957010477912,0,0.00011758011532947421
2346,2013,usa,3,1.0643173456192017,0.446700781583786,0.9687833975619504,1,0.9998775720596313
2347,2014,usa,3,1.0629663467407227,0.44670018553733826,0.96755366538763,1,0.9998867511749268
2348,2015,usa,3,1.0814650058746338,0.41152313351631165,0.9843918705713147,1,0.9998941421508789
2349,2016,usa,3,0.9404774308204651,0.5857629776000977,0.856059449290015,1,0.9998210072517395
2350,2018,usa,3,1.0781606435775757,0.422316312789917,0.9813841103895456,0,0.000640943122562021
2358,2030,usa,3,1.0688197612762451,0.44298604130744934,0.9728816729075702,0,1.3213151817126345e-07
2362,2037,usa,3,1.082751989364624,0.4118528962135315,0.9855633334279249,0,9.508236189503805e-07
2363,2038,usa,3,1.0546929836273193,0.4668508768081665,0.9600229257456827,0,7.618336894665845e-07
2366,2043,usa,3,0.8533612489700317,0.5324439406394958,0.7767628832957937,0,0.00010256123641738668
2370,2048,usa,2,0.6759548187255859,0.5924490690231323,0.9751966648404011,1,0.9998049139976501
2371,2049,usa,3,1.0780816078186035,0.4306243360042572,0.981312168941423,0,1.2769792192557361e-05
2372,2050,usa,3,1.085140585899353,0.41189253330230713,0.9877375276904202,0,2.101533937093336e-05
2374,2053,usa,6,1.635825276374817,0.28893864154815674,0.9129714699259163,0,5.2508319640764967e-05
2375,2054,usa,3,1.0810425281524658,0.42324379086494446,0.9840073147762215,0,1.616251392988488e-05
2376,2055,usa,3,1.0973716974258423,0.35693681240081787,0.9988707651870784,0,4.820882168132812e-05
2377,2056,usa,6,1.6657044887542725,0.275168240070343,0.929647375867872,0,5.6771590607240796e-05
2382,2061,usa,3,1.0882654190063477,0.38755762577056885,0.990581873361069,0,0.0006738683441653848
2384,2067,usa,6,1.7287076711654663,0.23258067667484283,0.964810121478106,0,6.86801868710063e-08
2386,2070,usa,6,1.6660077571868896,0.24765944480895996,0.9298166332028132,0,9.113002306548879e-05
2388,2075,usa,3,1.000593662261963,0.5468525290489197,0.910779601305044,0,7.640584954060614e-05
2400,2105,usa,3,0.7876699566841125,0.5493353605270386,0.7169680922093411,0,9.013037197291851e-05
2403,2114,usa,3,1.0730817317962646,0.41042301058769226,0.9767610856576192,0,1.7155311070382595e-05
2404,2115,usa,3,1.0214903354644775,0.49994581937789917,0.9298005729599746,0,1.487253848608816e-05
2405,2116,usa,3,0.8862709999084473,0.5444841384887695,0.8067186295384589,0,3.105017094640061e-05
2407,2118,usa,6,1.6609715223312378,0.28806284070014954,0.9270058570120662,0,5.716594387195073e-05
2409,2121,usa,3,0.9519839286804199,0.50434809923172,0.8665331150032437,0,5.1772440201602876e-05
2412,2125,usa,3,1.0934022665023804,0.37956660985946655,0.9952576334531578,0,5.83934124733787e-05
2414,2131,usa,3,1.0724447965621948,0.4434501826763153,0.9761813222227481,0,1.0683083019102924e-05
2416,2133,usa,3,1.0765751600265503,0.4342259466648102,0.9799409410682308,0,1.3179012057662476e-05
2419,2137,usa,3,1.0902743339538574,0.39496177434921265,0.9924104665492494,0,2.6633460947778076e-05
2424,2143,usa,2,0.6931145191192627,0.5040407180786133,0.9999528795014989,0,6.042472250555875e-06
2426,2154,usa,3,0.9361913204193115,0.5144273042678833,0.8521580634732318,0,3.910539817297831e-05
2427,2155,usa,3,0.928781270980835,0.5188873410224915,0.8454131458030862,0,4.0330800402443856e-05
2429,2158,usa,6,1.7516121864318848,0.248280867934227,0.9775933748442993,0,0.00013111039879731834
2430,2159,usa,3,1.082749843597412,0.4174843728542328,0.9855613802664375,0,0.00018812163034453988
2431,2161,usa,3,0.6822357177734375,0.7084208130836487,0.620997712123299,1,0.9988700747489929
2434,2170,usa,6,1.7816007137298584,0.20420677959918976,0.9943302906039206,0,2.0011343337955623e-07
2435,2171,usa,6,1.7527756690979004,0.24938315153121948,0.9782427268840108,0,8.451966277789325e-05
2436,2172,usa,5,1.5969295501708984,0.24207736551761627,0.9922281175517456,0,4.180021278443746e-05
2445,2191,usa,2,0.6931387186050415,0.5020566582679749,0.9999877919796241,0,9.041519888342009e-07
2446,2192,usa,3,1.0839165449142456,0.4152863323688507,0.9866233575707765,0,2.6040663669846253e-07
2448,2194,usa,3,1.0839165449142456,0.4152863323688507,0.9866233575707765,0,2.6040663669846253e-07
2449,2195,usa,3,1.0839165449142456,0.4152863323688507,0.9866233575707765,0,2.6040663669846253e-07
2450,2196,usa,3,1.001751184463501,0.5461304187774658,0.9118332234185754,1,0.9995406866073608
2451,2197,usa,3,1.0839165449142456,0.4152863323688507,0.9866233575707765,0,2.6040663669846253e-07
2452,2198,usa,3,1.001751184463501,0.5461304187774658,0.9118332234185754,1,0.9995406866073608
2453,2199,usa,3,1.0839165449142456,0.4152863323688507,0.9866233575707765,0,2.6040663669846253e-07
2454,2200,usa,3,1.0972943305969238,0.35044118762016296,0.9988003428645571,0,2.683709112716315e-07
2457,2205,usa,3,0.9647884368896484,0.4963567554950714,0.8781882806529488,0,5.4207368521019816e-05
2459,2211,usa,6,1.7277679443359375,0.24622760713100433,0.9642856499484906,0,1.9359235011506826e-05
2460,2213,usa,3,0.894545316696167,0.646314799785614,0.8142502372521783,0,1.2903249626106117e-05
2461,2214,usa,6,1.6758503913879395,0.3039090931415558,0.9353099119436759,0,7.6867057941854e-05
2462,2215,usa,3,1.0690462589263916,0.40996479988098145,0.9730878399534724,0,1.8766597349895164e-05
2464,2217,usa,3,0.9625715017318726,0.5873201489448547,0.8761703393094531,0,1.8208898836746812e-05
2465,2218,usa,3,1.0971763134002686,0.35873132944107056,0.9986929189827449,0,4.030334821436554e-05
2468,2221,usa,6,1.7730464935302734,0.2163078337907791,0.9895560894086729,1,0.9995847344398499
2470,2226,usa,3,0.928288459777832,0.5932392477989197,0.8449645697147918,0,3.9213395211845636e-05
2471,2227,usa,3,1.0873754024505615,0.39569270610809326,0.9897717453796451,1,0.9998959302902222
2472,2228,usa,3,1.0655778646469116,0.4133048355579376,0.9699307714268816,0,0.00017922694678418338
2474,2235,usa,5,1.422778844833374,0.3447471857070923,0.8840222004473446,1,0.999403715133667
2475,2236,usa,3,1.0642260313034058,0.45994168519973755,0.9687002796897605,0,2.2418989829020575e-05
2476,2238,usa,3,0.9952669143676758,0.4832983911037445,0.905930986421312,0,0.00011840923252748325
2479,2244,usa,3,1.0556411743164062,0.4251815676689148,0.960886006105212,1,0.9993224143981934
2481,2246,usa,6,1.736987590789795,0.2606731951236725,0.9694312326074339,0,1.2536330018519948e-07
2487,2254,usa,3,1.0260848999023438,0.4972131848335266,0.9339827257405852,1,0.9998722076416016
2490,2262,usa,3,0.8755630254745483,0.5634911060333252,0.7969718111710068,1,0.9987253546714783
2491,2263,usa,3,1.0459786653518677,0.4742755889892578,0.9520908114180555,1,0.9998830556869507
2493,2265,usa,3,1.0438499450683594,0.4914538562297821,0.95015316671349,0,0.00010924283560598269
2494,2267,usa,3,0.9497458934783936,0.4930160641670227,0.8644959675717876,0,0.00021425574959721416
2499,2272,usa,3,1.0425944328308105,0.4363868236541748,0.9490103502253631,0,8.663766493555158e-05
2500,2273,usa,3,0.6218761205673218,0.8002407550811768,0.5660560390428968,1,0.999734103679657
2503,2278,usa,2,0.6714307069778442,0.6038237810134888,0.9686697512575067,0,3.489879236440174e-05
2504,2280,usa,3,1.0357974767684937,0.48558172583580017,0.9428234941957832,1,0.9998661279678345
2505,2282,usa,3,1.0958844423294067,0.36361515522003174,0.9975170072583021,0,0.00020960750407539308
2506,2287,usa,6,0.8083289265632629,0.7523059248924255,0.4511369636637198,1,0.9909420609474182
2512,2293,usa,3,1.0555424690246582,0.45837798714637756,0.9607961606767873,1,0.9998785257339478
2513,2294,usa,3,0.9361932873725891,0.5972025394439697,0.852159853871262,0,0.00046116014709696174
2518,2304,usa,5,1.4168710708618164,0.3822290301322937,0.8803514940933339,0,0.0003326762525830418
2519,2305,usa,3,0.7965832352638245,0.6162211894989014,0.7250813080104476,1,0.9989472031593323
2520,2306,usa,2,0.6929255723953247,0.5105247497558594,0.9996802869998814,1,0.9995996356010437
2522,2308,usa,3,1.0051078796386719,0.4750719666481018,0.914888619038845,0,0.0001223189028678462
2524,2310,usa,3,1.0873262882232666,0.3964795172214508,0.9897270396833758,1,0.9998961687088013
2526,2312,usa,3,1.0592153072357178,0.46911266446113586,0.9641393220895477,0,7.922769327706192e-06
2527,2314,usa,6,1.7184278964996338,0.2885887324810028,0.9590728699985525,0,8.611041835138167e-08
2530,2318,usa,3,0.9285674095153809,0.6190621256828308,0.845218480708166,0,9.305944104198716e-08
2531,2319,usa,3,0.7638379335403442,0.6296936273574829,0.6952752498940045,0,0.00011524240835569799
2534,2323,usa,3,0.739932119846344,0.7147098183631897,0.6735152405252924,0,3.036972884729039e-05
2535,2324,usa,6,1.655186414718628,0.26772207021713257,0.9237771269777261,1,0.9994187355041504
2536,2326,usa,3,1.097176432609558,0.35873132944107056,0.9986930274917165,0,4.030334821436554e-05
2540,2333,usa,3,1.0117316246032715,0.5135174989700317,0.9209178115327955,1,0.9998676776885986
2541,2335,usa,3,1.0903599262237549,0.380559504032135,0.9924883759908061,0,1.3737365406996105e-05
2542,2336,usa,3,0.852776288986206,0.5639999508857727,0.7762304297725086,0,2.5996794647653587e-05
2545,2339,usa,3,1.0551857948303223,0.47376590967178345,0.9604715018339772,0,0.00013336403935682029
2549,2350,usa,4,0.8366007804870605,0.7261684536933899,0.6034798986062593,0,1.2959537798451493e-07
2551,2358,usa,3,1.0926762819290161,0.35986748337745667,0.9945968138165557,0,1.242881069174473e-07
2554,2361,usa,3,0.7851886749267578,0.5919511318206787,0.7147095322214833,1,0.999566376209259
2555,2362,usa,3,0.921467661857605,0.4789173901081085,0.8387560118909064,1,0.9978231191635132
2557,2365,usa,3,0.9289112687110901,0.595146119594574,0.8455314748365369,1,0.9998169541358948
2559,2369,usa,3,0.7016884088516235,0.6968214511871338,0.6387043146061179,1,0.9988631010055542
2566,2379,usa,3,1.0354293584823608,0.4532180428504944,0.9424884184917064,0,2.1911169767463434e-07
2568,2381,usa,3,1.0527634620666504,0.45400476455688477,0.9582665995325397,0,0.0004983145045116544
2569,2383,usa,3,1.0941472053527832,0.3649187982082367,0.9959357060162327,0,0.00040878733852878213
2570,2384,usa,3,1.079239010810852,0.42652782797813416,0.9823656825459829,0,0.00017229499644599855
2573,2391,usa,2,0.6443221569061279,0.6549597382545471,0.9295603805033513,0,2.0342726202216e-05
2575,2394,usa,3,1.0809077024459839,0.4089648127555847,0.983884591129424,0,5.192769458517432e-05
2576,2395,usa,5,1.4749842882156372,0.2972608208656311,0.9164592661949186,0,3.955212014261633e-05
2577,2396,usa,3,1.027026653289795,0.4586319029331207,0.934839946615652,1,0.9993472695350647
2578,2397,usa,8,2.0301504135131836,0.1919417530298233,0.9762959779447162,1,0.9995558857917786
2580,2401,usa,3,0.826453447341919,0.6736723184585571,0.7522703467515919,0,7.865967927500606e-05
2584,2407,usa,3,1.0871423482894897,0.39660748839378357,0.9895596103403089,1,0.9998890161514282
2585,2408,usa,3,1.0533772706985474,0.461596816778183,0.9588253122269345,1,0.9998763799667358
2586,2409,usa,3,1.082545280456543,0.40899673104286194,0.9853751788712963,1,0.9998940229415894
2587,2410,usa,3,1.044965147972107,0.4736863374710083,0.9511682681421292,1,0.9998656511306763
2588,2412,usa,3,0.9904540777206421,0.5598143339157104,0.9015501537138346,0,0.0009911662200465798
2589,2415,usa,3,1.0699107646942139,0.44845283031463623,0.9738747470149893,0,0.0013978226343169808
2594,2421,usa,3,1.0689904689788818,0.41069838404655457,0.9730370577547975,1,0.9994390606880188
2599,2429,usa,3,1.094741702079773,0.3751899302005768,0.99647684025724,0,1.7003083030431299e-07
2600,2435,usa,3,0.9076589345932007,0.6219704151153564,0.8261867666650541,0,3.9137577800829604e-07
2603,2442,usa,4,1.3530436754226685,0.34076830744743347,0.97601470031923,0,0.00011933565838262439
2604,2447,usa,2,0.5559391975402832,0.7557414174079895,0.8020507233271564,1,0.9992831349372864
2605,2448,usa,3,1.0971763134002686,0.35873132944107056,0.9986929189827449,0,4.03034282498993e-05
2606,2449,usa,3,1.0975706577301025,0.3549506366252899,0.9990518666605577,0,4.746429476654157e-05
2607,2450,usa,3,1.0971763134002686,0.35873132944107056,0.9986929189827449,0,4.03034282498993e-05
2608,2451,usa,3,1.0964311361312866,0.3646840453147888,0.9980146294017269,0,3.885051773977466e-05
2609,2453,usa,6,1.6596271991729736,0.2790222764015198,0.92625557597192,0,5.381274240789935e-05
2610,2454,usa,3,1.097176432609558,0.35873132944107056,0.9986930274917165,0,4.030334821436554e-05
2611,2455,usa,3,1.0967656373977661,0.3621430993080139,0.9983191055758329,0,3.8036050682421774e-05
2621,2469,usa,3,1.097745656967163,0.3509101867675781,0.99921115783076,0,7.465590169886127e-05
2622,2470,usa,3,1.08815598487854,0.38668811321258545,0.9904822621252067,0,1.1962075404881034e-05
2624,2473,usa,3,0.8251150846481323,0.662673830986023,0.7510521165282533,0,3.787942114286125e-05
2626,2477,usa,5,1.5767573118209839,0.3054107427597046,0.9796944011566805,0,0.0001296522095799446
2627,2482,usa,3,1.0380263328552246,0.4799395501613617,0.9448522864364317,0,6.610828859265894e-05
2631,2504,usa,3,0.843014657497406,0.583095908164978,0.767345009875527,0,0.00014375001774169505
2635,2513,usa,2,0.6744177937507629,0.5964680314064026,0.9729792065315015,0,6.486715733444726e-07
2636,2515,usa,2,0.68803870677948,0.5504962205886841,0.9926300302104114,0,8.33555873214209e-07
2637,2516,usa,3,1.0877758264541626,0.390362024307251,0.9901362270150058,0,8.18755870568566e-05
2639,2523,usa,3,1.07407546043396,0.4087093770503998,0.977665616444272,0,1.615793735254556e-05
2640,2524,usa,3,1.033501148223877,0.4856230616569519,0.9407332858772501,0,1.778730256773997e-05
2642,2527,usa,6,1.5985617637634277,0.3239605724811554,0.8921743075548736,0,4.063857704750262e-05
2643,2528,usa,3,0.8863164186477661,0.5444496273994446,0.8067599714566108,0,3.231339724152349e-05
2644,2530,usa,3,1.0288077592849731,0.4485725462436676,0.9364611791592433,0,8.516650996170938e-05
2649,2535,usa,3,1.0740880966186523,0.40120363235473633,0.9776771183952538,0,0.00011093270586570725
2651,2541,usa,3,1.0765578746795654,0.43427756428718567,0.9799252072673593,0,1.221791171701625e-05
2653,2543,usa,3,1.0951387882232666,0.3729524314403534,0.9968382836413979,0,3.266505154897459e-05
2655,2546,usa,3,1.0967656373977661,0.3621430993080139,0.9983191055758329,0,3.8036087062209845e-05
2659,2553,usa,3,1.09671950340271,0.3624962866306305,0.9982771126038518,0,0.00015940969751682132
2660,2554,usa,5,1.5888354778289795,0.2824590802192688,0.9871989876428586,0,0.00020639412105083466
2661,2563,usa,3,0.8693170547485352,0.5545913577079773,0.7912864836078266,0,2.4125309209921397e-05
2673,2580,usa,6,1.753264307975769,0.2455136775970459,0.9785154414342954,0,1.6656763079936354e-07
2674,2581,usa,3,1.072117805480957,0.416903018951416,0.9758836821138483,0,0.00011890616588061675
2676,2583,usa,13,2.425858736038208,0.13941708207130432,0.9457725662229125,0,3.0061959478189237e-05
2683,2593,usa,3,1.0848503112792969,0.3760852813720703,0.9874733083447509,1,0.9993788003921509
2687,2602,usa,3,1.0869073867797852,0.40634897351264954,0.9893457391574284,0,2.6456521595719096e-07
2688,2603,usa,6,1.6704292297363281,0.3055919110774994,0.9322843040176595,1,0.9989700317382812
2689,2605,usa,3,1.0873178243637085,0.40513116121292114,0.9897193355463973,0,2.6495203542253876e-07
2690,2606,usa,6,1.6771003007888794,0.30235162377357483,0.9360074996625667,1,0.9989468455314636
2691,2607,usa,3,0.9944751858711243,0.5558061599731445,0.9052103240869125,0,1.969587373196191e-07
2692,2608,usa,6,1.6669576168060303,0.30924394726753235,0.9303467599499875,1,0.998945415019989
2694,2610,usa,6,1.6669576168060303,0.30924394726753235,0.9303467599499875,1,0.998945415019989
2699,2622,usa,6,1.7521265745162964,0.22721005976200104,0.9778804603003808,0,1.8198172256234102e-05
2700,2623,usa,3,1.040281057357788,0.4990074038505554,0.9469046251239016,0,2.422116267553065e-05
2702,2625,usa,6,1.6942138671875,0.26990410685539246,0.9455587629278273,0,1.632227395020891e-05
2706,2629,usa,3,1.056317687034607,0.45466285943984985,0.9615017945186302,0,2.600078732939437e-05
2708,2631,usa,3,0.9459943771362305,0.6032706499099731,0.8610811902378191,1,0.9993425011634827
2712,2637,usa,3,0.9640365839004517,0.5642823576927185,0.8775039145695253,1,0.9998303651809692
2713,2638,usa,6,1.751495599746704,0.2474963366985321,0.9775283065763857,0,0.00017554459918756038
2717,2646,usa,3,1.0834505558013916,0.416831374168396,0.9861991960010758,0,2.9710461603826843e-05
2720,2655,usa,3,1.0795323848724365,0.38320252299308777,0.9826327231249119,1,0.9994372725486755
2722,2657,usa,5,1.5890862941741943,0.26577967405319214,0.9873548286002991,0,1.3157915418560151e-05
2728,2664,usa,3,1.015731692314148,0.5129007697105408,0.9245588300723987,1,0.9998687505722046
2729,2665,usa,3,0.8601217269897461,0.6572168469429016,0.7829165355800862,0,0.0002697488234844059
2731,2672,usa,3,1.0847471952438354,0.3893798589706421,0.9873794480843797,0,3.9960286812856793e-05
2733,2674,usa,3,1.0791890621185303,0.4167051613330841,0.9823202172869129,1,0.999886155128479
2735,2676,usa,3,1.0833781957626343,0.41546693444252014,0.9861333310553586,0,0.00016508495900779963
2737,2682,usa,3,0.6529910564422607,0.7597350478172302,0.5943780742102449,0,0.0001023935474222526
2738,2684,usa,3,0.9294002056121826,0.5936830639839172,0.8459765243832567,1,0.9998204112052917
2745,2693,usa,3,0.9409307241439819,0.584055483341217,0.8564720546542481,1,0.9998185038566589
2752,2703,usa,3,1.0586168766021729,0.47003450989723206,0.9635946070524799,0,2.656258766364772e-05
2753,2704,usa,3,1.0948244333267212,0.3746790885925293,0.9965521454834801,0,3.728738010977395e-05
2754,2705,usa,6,1.4915515184402466,0.3419875204563141,0.8324507524901502,1,0.9993638396263123
2755,2706,usa,3,1.0672318935394287,0.44570738077163696,0.9714363334068248,0,0.0006532195257022977
2757,2708,usa,3,0.9941617250442505,0.5267314910888672,0.904924999746281,1,0.9995166063308716
2760,2714,usa,2,0.6678438186645508,0.6120026707649231,0.9634949652756956,1,0.9998565912246704
2766,2721,usa,3,0.941558837890625,0.5777867436408997,0.8570437884252262,0,6.012242374708876e-05
2768,2724,usa,3,0.9738559722900391,0.4734710156917572,0.8864419070632119,0,9.655117594320473e-08
2771,2728,usa,3,1.0392329692840576,0.5007022619247437,0.9459506142462324,0,1.54692330056605e-07
2772,2729,usa,3,0.7086215615272522,0.6633791923522949,0.6450151421356679,0,9.181869972962886e-05
2774,2732,usa,3,0.9734030961990356,0.5498338341712952,0.8860296814803791,0,6.7629647674039e-05
2775,2733,usa,3,0.8891650438308716,0.536543071269989,0.8093529018402305,1,0.9997159838676453
2777,2736,usa,3,1.0984253883361816,0.3424147069454193,0.9998298759864094,0,6.137908712844364e-06
2780,2741,usa,3,1.0528534650802612,0.4797168970108032,0.9583485238060429,0,2.301576932950411e-05
2781,2742,usa,3,0.9392332434654236,0.5856780409812927,0.8549269411541832,1,0.9998244643211365
2782,2744,usa,3,1.0956826210021973,0.3616770803928375,0.9973333015695062,0,1.566084938531276e-05
2785,2749,usa,3,1.0696485042572021,0.44759833812713623,0.973636027277629,0,0.00016286167374346405
2789,2759,usa,3,0.8910497426986694,0.6175232529640198,0.8110684286800792,0,9.26936718315119e-06
2790,2761,usa,4,0.8904097080230713,0.7001937031745911,0.6422948350621375,0,1.2663677750879287e-07
2791,2768,usa,3,1.0930893421173096,0.35863837599754333,0.9949727974028982,0,1.2858318143571523e-07
2796,2773,usa,3,0.7589765787124634,0.6070358753204346,0.6908502540351156,1,0.999525785446167
2797,2775,usa,3,0.9763107299804688,0.5539765357971191,0.8886763238049049,1,0.9998364448547363
2799,2779,usa,3,0.9284226894378662,0.595588743686676,0.8450867508167317,1,0.9998119473457336
2802,2784,usa,3,1.0935544967651367,0.36944761872291565,0.9953961994097983,0,2.2557559020697227e-07
2806,2792,usa,3,1.052366852760315,0.4330850839614868,0.9579055901842678,0,0.00014606313197873533
2807,2793,usa,3,1.0916659832000732,0.3886794149875641,0.9936772002828607,0,0.0002173246757593006
2813,2808,usa,3,1.0028167963027954,0.5060728192329407,0.9128031851150592,1,0.9993975162506104
2816,2812,usa,3,0.9549679756164551,0.576082706451416,0.8692493115785185,0,0.0001365590578643605
2818,2819,usa,3,1.0694541931152344,0.43683481216430664,0.9734591576540392,1,0.9998894929885864
2819,2820,usa,3,1.0570447444915771,0.45716696977615356,0.962163590735976,1,0.9998914003372192
2820,2821,usa,3,1.0856516361236572,0.40116673707962036,0.9882027056513584,1,0.9998949766159058
2821,2822,usa,3,1.0302563905715942,0.49223390221595764,0.9377797801812447,1,0.9998737573623657
2824,2828,usa,3,0.9402340650558472,0.6083102822303772,0.8558379282246418,0,0.0008583843009546399
2826,2831,usa,6,1.7810087203979492,0.2073625922203064,0.9939998928345346,0,0.0002435979258734733
2828,2834,usa,3,1.06289541721344,0.3996336758136749,0.9674891025495712,1,0.9994018077850342
2835,2848,usa,2,0.6894816160202026,0.5427846908569336,0.9947117082164548,0,9.616529860068113e-05
2836,2849,usa,3,1.0587354898452759,0.4388042092323303,0.9637025734791497,0,1.6263424384987957e-08
2845,2866,usa,6,1.3896220922470093,0.4462275207042694,0.7755628565734335,0,0.00020457830396480858
2852,2874,usa,3,1.0616934299468994,0.43830934166908264,0.96639500658966,0,0.0004140683449804783
2854,2882,usa,3,1.0343140363693237,0.47739672660827637,0.9414732085540957,0,7.636938192945308e-08
2857,2886,usa,3,1.0962876081466675,0.3575250506401062,0.9978839846000079,0,2.0591663997038268e-05
2859,2888,usa,3,0.982314944267273,0.4758308231830597,0.8941415951738273,0,8.638184954179451e-05
2862,2893,usa,3,0.9425113201141357,0.6040574312210083,0.8579107751077304,0,5.0591428589541465e-05
2866,2900,usa,3,1.0839412212371826,0.4152737855911255,0.9866458189278827,1,0.9996155500411987
2873,2922,usa,3,0.9566013813018799,0.5936174392700195,0.8707361015063875,1,0.9993597865104675
2876,2930,usa,3,1.0957127809524536,0.363460898399353,0.9973607543393026,0,0.0001397938176523894
2882,2945,usa,3,1.0584220886230469,0.44974520802497864,0.963417303393004,0,0.0003960755420848727
2883,2946,usa,3,1.0802985429763794,0.39742738008499146,0.9833301102849188,0,1.382489426760003e-05
2884,2947,usa,3,1.0018095970153809,0.513541579246521,0.9118863928146238,0,0.0003000499855261296
2885,2948,usa,3,0.702014148235321,0.73264080286026,0.6390008153708165,0,0.00010256133828079328
2886,2949,usa,3,0.7847878932952881,0.6841221451759338,0.714344725059208,0,0.00015542648907285184
2888,2951,usa,3,1.0016294717788696,0.5136078000068665,0.9117224357586459,0,0.00027378639788366854
2902,2973,usa,3,1.0965322256088257,0.3639307916164398,0.9981066450095822,0,0.00018292423919774592
2911,2996,usa,2,0.6856545805931091,0.5611305236816406,0.9891904631844807,0,0.00017593974189367145
2913,2998,usa,3,0.9971083402633667,0.4671209156513214,0.9076071245044962,0,0.00010916504834312946
2915,3006,usa,2,0.23465971648693085,0.9371791481971741,0.33854240927210527,0,0.00014787327381782234
2920,3012,usa,3,1.0445553064346313,0.4684737026691437,0.9507952142980179,1,0.9995827078819275
2923,3019,usa,3,1.0559040307998657,0.47441667318344116,0.96112526838743,0,2.3405627302963694e-07
2924,3020,usa,3,0.9947948455810547,0.5510448217391968,0.9055012908940633,1,0.9995661377906799
2927,3023,usa,3,1.023378610610962,0.5217365622520447,0.9315193550689692,0,2.089851420805644e-07
2928,3024,usa,3,0.9947948455810547,0.5510448217391968,0.9055012908940633,1,0.9995661377906799
2930,3026,usa,3,1.035025715827942,0.5062256455421448,0.9421210071141145,0,2.1645324466135207e-07
2931,3027,usa,3,0.9947948455810547,0.5510448217391968,0.9055012908940633,1,0.9995661377906799
2933,3029,usa,3,0.9947948455810547,0.5510448217391968,0.9055012908940633,1,0.9995661377906799
2940,3041,usa,2,0.6911545395851135,0.5315542221069336,0.9971252267473381,0,0.0006419952842406929
2952,3060,usa,3,0.9271467328071594,0.5710208415985107,0.8439253250399877,0,0.0008845094125717878
2956,3065,usa,3,1.0563396215438843,0.4571017622947693,0.9615217601693913,1,0.9998854398727417
2958,3070,usa,3,1.0053718090057373,0.5004882216453552,0.9151288579018068,0,1.277239558561405e-08
2965,3078,usa,3,0.9614259004592896,0.5755923390388489,0.8751275680930743,0,0.0004930214490741491
2967,3082,usa,3,1.0887587070465088,0.38617056608200073,0.9910308834852495,0,0.0007021232158876956
2968,3083,usa,3,1.073096752166748,0.42906755208969116,0.9767747577880317,1,0.9998762607574463
2969,3084,usa,3,1.0876094102859497,0.3723087012767792,0.9899847484907535,0,0.0007457226165570319
2970,3085,usa,3,1.0070334672927856,0.5394356846809387,0.9166413644559277,0,7.927059778012335e-05
2972,3091,usa,3,1.055056095123291,0.4546504020690918,0.9603534440729553,0,0.00036872091004624963
2977,3097,usa,3,1.0451416969299316,0.4761803448200226,0.9513289699289613,1,0.9998735189437866
2978,3099,usa,3,1.086503028869629,0.39859262108802795,0.9889776767260073,1,0.9998878240585327
2979,3100,usa,3,1.097017526626587,0.3601023852825165,0.9985483850326704,0,0.0001916486507980153
2982,3105,usa,3,0.8612531423568726,0.5501033663749695,0.7839463942288531,1,0.999651312828064
2983,3106,usa,3,1.0890436172485352,0.39905035495758057,0.9912902199272001,0,1.913785325768913e-07
2987,3110,usa,3,0.9490878582000732,0.5784071087837219,0.8638969980489561,1,0.9998249411582947
2992,3119,usa,2,0.6867345571517944,0.5565636157989502,0.9907485400099723,1,0.9996682405471802
2998,3126,usa,3,1.0070569515228271,0.5170654654502869,0.9166627407233185,0,6.35482429061085e-05
2999,3128,usa,3,0.9893649220466614,0.46482589840888977,0.9005587614954742,0,1.0272194117533218e-07
3003,3133,usa,3,1.082629919052124,0.41548874974250793,0.9854522202410808,0,4.4143496779724956e-05
3004,3135,usa,3,1.0058872699737549,0.5182458162307739,0.9155980506946914,0,7.002252095844597e-05
3012,3147,usa,3,1.0002479553222656,0.5469196438789368,0.9104649252876144,0,7.297442061826587e-05
3015,3151,usa,3,1.0480380058288574,0.4855365455150604,0.953965303901192,0,0.00011142887524329126
3016,3153,usa,3,1.0933650732040405,0.3759188652038574,0.9952237786540412,0,0.00018759160593617707
3017,3154,usa,3,1.0753530263900757,0.4259845018386841,0.9788285070921314,0,0.00028121296782046556
3019,3157,usa,3,1.0664072036743164,0.4406079053878784,0.9706856683417979,0,0.00022549350978806615
3021,3161,usa,3,1.0415092706680298,0.4756779968738556,0.9480225930575488,0,1.7619016944081523e-05
3022,3163,usa,10,2.2679519653320312,0.14229410886764526,0.9849590237653362,0,7.52187188481912e-05
3024,3170,usa,3,1.0752520561218262,0.3849363327026367,0.9787365999932477,0,1.0422321850001026e-07
3026,3175,usa,3,0.7933465242385864,0.6911229491233826,0.7221351266700203,1,0.9997445940971375
3028,3180,usa,6,1.3110071420669556,0.3958829641342163,0.7316870174721486,1,0.9991338849067688
3030,3184,usa,2,0.670319676399231,0.6064267754554749,0.9670668729514652,0,1.1230438758502714e-05
3032,3186,usa,3,1.0728857517242432,0.417035311460495,0.9765826969084281,0,1.827425535338989e-07
3042,3207,usa,3,1.0976333618164062,0.35423770546913147,0.9991089423795811,0,2.4389435566263273e-05
3044,3211,usa,3,1.0504918098449707,0.4507392942905426,0.9561988525711128,1,0.999541163444519
3045,3213,usa,3,0.6621651649475098,0.7053515315055847,0.6027287076410535,1,0.9993547797203064
3047,3218,usa,3,1.0395138263702393,0.4409458339214325,0.946206261383151,1,0.9993681311607361
3048,3220,usa,3,1.0542571544647217,0.4622577428817749,0.9596262169457784,1,0.9998764991760254
3049,3227,usa,3,0.9008089900016785,0.6409162282943726,0.8199516783976303,0,0.0006933434051461518
3058,3239,usa,3,1.088566541671753,0.40068361163139343,0.9908559670231473,0,1.9889158409114316e-07
3059,3240,usa,3,1.0939610004425049,0.37856245040893555,0.9957662150027069,0,2.2111005648639548e-07
3063,3247,usa,3,1.0191583633422852,0.4862339198589325,0.9276779204589549,0,1.3557197142688437e-08
3065,3250,usa,3,1.095910668373108,0.36814752221107483,0.9975408792320382,0,2.3870456061558798e-05
3072,3263,usa,3,1.03032386302948,0.5099015831947327,0.9378411962591293,0,0.0001795005809981376
3078,3271,usa,3,1.0889703035354614,0.38546642661094666,0.9912234869097107,0,0.0007022704230621457
3082,3277,usa,3,1.0277961492538452,0.4862182140350342,0.9355403720268616,0,7.055177064785312e-08
3084,3280,usa,3,1.0981695652008057,0.3455890119075775,0.9995970157335116,0,8.927532326197252e-05
3085,3281,usa,3,1.0974321365356445,0.35089534521102905,0.9989257792356429,0,2.482463969499804e-05
3102,3327,usa,3,1.0965043306350708,0.35895949602127075,0.9980812539102447,0,0.00012841445277445018
3103,3336,usa,3,0.9659314155578613,0.5531221628189087,0.8792286646719539,0,0.00029902791720815003
3105,3338,usa,3,1.0619150400161743,0.4443051815032959,0.9665967247677295,0,0.0004563484981190413
3107,3341,usa,3,0.948952317237854,0.5679735541343689,0.8637736233483294,0,0.0002707095700316131
3108,3342,usa,3,0.8838595151901245,0.6168672442436218,0.8045236015534303,0,0.00021246494725346565
3110,3344,usa,3,1.042601227760315,0.4722123146057129,0.9490165352367401,0,0.0004002723144367337
3111,3345,usa,3,1.0577312707901,0.45062780380249023,0.9627884939030026,0,0.00039715308230370283
3113,3347,usa,3,1.0016294717788696,0.5136078000068665,0.9117224357586459,0,0.00027378639788366854
3117,3357,usa,3,0.8927021622657776,0.6194188594818115,0.8125725257889068,0,0.00010364762420067564
3124,3380,usa,6,1.7275389432907104,0.2663975954055786,0.964157842031658,0,0.0001366914075333625
3131,3393,usa,3,1.043565034866333,0.4549967646598816,0.9498938302715395,0,8.032464393181726e-05
3133,3395,usa,3,0.9378279447555542,0.5016744136810303,0.853647783143332,0,8.201084710890427e-05
3140,3408,usa,3,0.7574261426925659,0.700678288936615,0.6894389863514298,1,0.998783528804779
3141,3410,usa,2,0.6710506677627563,0.6047216653823853,0.968121470566556,1,0.9998704195022583
3143,3414,usa,3,0.44291192293167114,0.8791117072105408,0.40315580619312974,1,0.9996461868286133
3145,3417,usa,3,0.44231992959976196,0.8793349862098694,0.40261695064052444,1,0.9996461868286133
3147,3419,usa,3,0.44231992959976196,0.8793349862098694,0.40261695064052444,1,0.9996461868286133
3148,3421,usa,3,0.44231992959976196,0.8793349862098694,0.40261695064052444,1,0.9996461868286133
3151,3432,usa,6,1.5095200538635254,0.37692904472351074,0.8424791830534447,0,5.126790711074136e-06
3152,3433,usa,3,1.073103427886963,0.4022083580493927,0.9767808342904372,0,1.877207432698924e-05
3154,3440,usa,3,1.0270013809204102,0.5170724987983704,0.9348169427136881,0,0.00018051787628792226
3157,3448,usa,3,0.9225385189056396,0.6005595326423645,0.8397307479821374,1,0.9998123049736023
3159,3452,usa,3,1.073151707649231,0.4170858860015869,0.9768247804239059,0,1.8113528454932748e-08
3164,3462,usa,3,0.9161563515663147,0.6146559715270996,0.8339214489189871,0,0.00035058960202150047
3166,3467,usa,3,1.065659761428833,0.4011583626270294,0.9700053170903209,0,0.0005493119242601097
3170,3474,usa,3,1.0244706869125366,0.453262060880661,0.9325134057571322,0,6.139234756119549e-05
3172,3476,usa,3,0.9950794577598572,0.5349403619766235,0.9057603560635851,1,0.9998487234115601
3174,3479,usa,3,1.0683674812316895,0.4391270577907562,0.9724699898695951,1,0.999875545501709
3176,3481,usa,3,1.0781391859054565,0.4194062054157257,0.9813645787746708,1,0.999880313873291
3177,3482,usa,2,0.6929794549942017,0.5091562867164612,0.9997580231580714,0,6.492942361546739e-07
3179,3486,usa,3,0.797267735004425,0.7134436368942261,0.7257043665249582,0,1.1174296560056973e-05
3180,3488,usa,3,1.0651071071624756,0.4432763159275055,0.9695022694983197,1,0.9998879432678223
3181,3490,usa,2,0.6539289951324463,0.6391092538833618,0.9434201183710834,1,0.9996722936630249
3183,3499,usa,6,1.7278194427490234,0.25495848059654236,0.9643143917600844,0,4.092317612958141e-05
3184,3500,usa,3,0.8733274340629578,0.6479795575141907,0.794936888173467,0,0.0003163187066093087
3187,3504,usa,3,1.0939379930496216,0.3677878975868225,0.9957452727712021,0,2.031057988460816e-08
3190,3508,usa,6,1.7225489616394043,0.2580869495868683,0.9613728802457683,0,4.617268132278696e-05
3193,3511,usa,3,1.0613174438476562,0.46037983894348145,0.9660527692934625,0,3.692175596370362e-05
3194,3512,usa,6,1.7380828857421875,0.2718271017074585,0.9700425283595722,0,9.497573955741245e-06
3196,3515,usa,3,1.090266227722168,0.3856774568557739,0.9924030879391855,0,0.0008234994602389634
3197,3516,usa,3,0.9352051019668579,0.589859664440155,0.8512603687517852,1,0.9998201727867126
3202,3523,usa,5,1.531124234199524,0.289281964302063,0.951340975858997,0,0.00011619224096648395
3204,3525,usa,2,0.6468439102172852,0.6509702801704407,0.9331985014997032,0,6.314767233561724e-05
3207,3533,usa,2,0.6888059973716736,0.5465558171272278,0.9937369965426899,0,2.446641644837655e-07
3208,3534,usa,3,1.059461236000061,0.45048531889915466,0.9643631760978087,0,1.8657739929039963e-05
3209,3535,usa,3,1.0666221380233765,0.44578513503074646,0.9708813100174619,0,2.3637278445676202e-07
3212,3548,usa,3,0.9448999762535095,0.5774248838424683,0.8600850236247115,1,0.999855637550354
3217,3553,usa,6,1.5449479818344116,0.37334924936294556,0.8622518861306885,0,0.0002607553906273097
3218,3554,usa,3,1.060620665550232,0.43568313121795654,0.9654185343548846,0,1.6682564307757275e-07
3228,3577,usa,3,0.8921527862548828,0.5353628993034363,0.8120724621936226,1,0.9996514320373535
3232,3582,usa,3,1.082901954650879,0.4081985652446747,0.9856998377141065,1,0.9998849630355835
3233,3583,usa,3,0.9648494720458984,0.5644376277923584,0.8782438372463709,1,0.9998321533203125
3242,3600,usa,3,1.0409133434295654,0.4240224063396454,0.9474801567088832,0,0.0005352798034437001
3247,3607,usa,3,1.059523582458496,0.43786221742630005,0.9644199262899176,0,1.623655165872151e-08
3252,3614,usa,3,1.0733695030212402,0.42388102412223816,0.9770230263148865,0,0.0007347111240960658
3262,3629,usa,3,1.0946837663650513,0.35976099967956543,0.9964241048970778,0,6.22059014858678e-05
3266,3637,usa,3,1.0308130979537964,0.4824802875518799,0.9382865170782779,0,7.200862484069148e-08
3267,3638,usa,3,0.8783508539199829,0.6265168786048889,0.7995094019791474,0,5.189195871935226e-05
3270,3642,usa,6,1.6683744192123413,0.29713016748428345,0.931137492428673,0,3.5746950743487105e-05
3271,3643,usa,3,1.0468697547912598,0.46855229139328003,0.9529019159802231,0,6.606839451706037e-05
3274,3649,usa,3,1.0924333333969116,0.38559818267822266,0.9943756725325827,0,7.293510861927643e-05
3278,3660,usa,2,0.672427237033844,0.6014308333396912,0.9701074402273943,0,0.0008966021705418825
3290,3684,usa,2,0.6864734888076782,0.557701051235199,0.9903718980045827,1,0.9997492432594299
3291,3685,usa,6,1.7648837566375732,0.21477891504764557,0.985000379207115,0,8.287200034828857e-05
3292,3686,usa,3,1.075194001197815,0.4069679081439972,0.9786837561241138,0,1.846892155299429e-05
3295,3690,usa,3,0.9997899532318115,0.4727855622768402,0.910048033819006,0,5.917106682318263e-05
3296,3691,usa,3,1.0832585096359253,0.4055672585964203,0.986024388047945,0,3.575690425350331e-05
3297,3692,usa,3,1.053234338760376,0.457527220249176,0.9586952099700731,0,0.0003765091532841325
3305,3719,usa,3,1.0833532810211182,0.4124491214752197,0.9861106526803094,0,8.441073759968276e-07
3309,3731,usa,3,1.0261492729187012,0.4439399838447571,0.9340413205852099,0,0.0001248158368980512
3312,3736,usa,3,1.092739224433899,0.38443759083747864,0.9946541065535222,0,1.0187479347223416e-05
